id,sales
3000888,-5.7866926
3000889,-5.7866926
3000890,-5.7866926
3000891,-5.7866926
3000892,-5.7866926
3000893,-5.7866926
3000894,-5.7866926
3000895,-5.7866926
3000896,-5.7866926
3000897,-5.7866926
3000898,2143.3755
3000899,1267.465
3000900,2216.4595
3000901,1737.6765
3000902,1077.7145
3000903,2233.0044
3000904,1120.9976
3000905,2176.3254
3000906,366.1699
3000907,664.72076
3000908,725.2876
3000909,1069.8651
3000910,345.3467
3000911,1068.8665
3000912,1266.2374
3000913,716.8714
3000914,-5.7866926
3000915,-5.7866926
3000916,-5.7866926
3000917,-5.7866926
3000918,-5.7866926
3000919,-5.7866926
3000920,-5.7866926
3000921,-5.7866926
3000922,-5.7866926
3000923,-5.7866926
3000924,-5.7866926
3000925,-5.7866926
3000926,-5.7866926
3000927,-5.7866926
3000928,-5.7866926
3000929,-5.7866926
3000930,1450.2932
3000931,1240.6295
3000932,1077.8461
3000933,2189.8528
3000934,710.4791
3000935,1727.615
3000936,2250.8967
3000937,2206.3977
3000938,2196.8528
3000939,1257.1132
3000940,2220.8606
3000941,1270.5114
3000942,2220.8606
3000943,2208.2988
3000944,2265.1426
3000945,2255.3342
3000946,1173.8594
3000947,1970.5394
3000948,1714.1902
3000949,1693.6566
3000950,1728.6057
3000951,1693.0929
3000952,1730.9543
3000953,1528.4176
3000954,2157.578
3000955,2208.4915
3000956,2208.4915
3000957,1283.7101
3000958,2223.084
3000959,2176.1426
3000960,1727.6221
3000961,2223.289
3000962,1632.5881
3000963,981.86176
3000964,1236.5175
3000965,1006.2198
3000966,1003.1576
3000967,1165.9414
3000968,1148.4764
3000969,2092.9343
3000970,2092.9343
3000971,1339.3331
3000972,1163.2112
3000973,1003.3987
3000974,2078.6729
3000975,1166.016
3000976,976.35724
3000977,984.0809
3000978,271.2246
3000979,-5.1918926
3000980,1149.8479
3000981,81.1283
3000982,81.1283
3000983,81.1283
3000984,81.1283
3000985,81.1283
3000986,81.1283
3000987,1156.5403
3000988,81.1283
3000989,81.1283
3000990,81.1283
3000991,81.1283
3000992,81.1283
3000993,81.1283
3000994,271.2246
3000995,-5.1918926
3000996,-5.1918926
3000997,-5.1918926
3000998,-5.1918926
3000999,-5.1918926
3001000,-5.1918926
3001001,-5.7866926
3001002,-5.7866926
3001003,271.2246
3001004,-5.1918926
3001005,-5.1918926
3001006,-5.1918926
3001007,-5.1918926
3001008,271.2246
3001009,271.2246
3001010,3130.9348
3001011,2165.6453
3001012,2135.8625
3001013,2139.4827
3001014,2209.2256
3001015,2212.9678
3001016,2212.9678
3001017,2121.4001
3001018,2104.52
3001019,3250.8403
3001020,2102.5378
3001021,2284.3896
3001022,2150.4944
3001023,2150.4944
3001024,3325.1885
3001025,3269.8535
3001026,-6.033532
3001027,-6.033532
3001028,-6.033532
3001029,-6.033532
3001030,-6.033532
3001031,-6.033532
3001032,-6.033532
3001033,-6.033532
3001034,-6.033532
3001035,-6.033532
3001036,-6.033532
3001037,-6.033532
3001038,-6.033532
3001039,-6.033532
3001040,-6.033532
3001041,-6.033532
3001042,-6.033532
3001043,-6.033532
3001044,-6.033532
3001045,-6.033532
3001046,-6.033532
3001047,-6.033532
3001048,-6.033532
3001049,-6.033532
3001050,-6.033532
3001051,-6.033532
3001052,-6.033532
3001053,-6.033532
3001054,-6.033532
3001055,-6.033532
3001056,-6.033532
3001057,-6.033532
3001058,281.89908
3001059,-5.4387336
3001060,-5.4387336
3001061,170.95078
3001062,-5.4387336
3001063,-5.4387336
3001064,-5.4387336
3001065,-5.4387336
3001066,170.95078
3001067,-5.4387336
3001068,170.95078
3001069,-5.4387336
3001070,-5.4387336
3001071,-5.4387336
3001072,170.95078
3001073,170.95078
3001074,642.65656
3001075,263.22156
3001076,153.09502
3001077,-23.2945
3001078,205.32466
3001079,343.58612
3001080,351.1135
3001081,314.8046
3001082,314.8046
3001083,343.58612
3001084,379.66605
3001085,64.3683
3001086,204.44904
3001087,314.5756
3001088,314.5756
3001089,367.24283
3001090,-6.033532
3001091,-6.033532
3001092,-6.033532
3001093,-6.033532
3001094,-6.033532
3001095,-6.033532
3001096,-6.033532
3001097,-6.033532
3001098,-6.033532
3001099,-6.033532
3001100,-6.033532
3001101,-6.033532
3001102,-6.033532
3001103,-6.033532
3001104,-6.033532
3001105,-6.033532
3001106,1922.2043
3001107,839.3222
3001108,719.4678
3001109,839.0932
3001110,367.24405
3001111,838.9045
3001112,839.0932
3001113,719.2388
3001114,676.30963
3001115,676.30963
3001116,367.24405
3001117,367.24405
3001118,719.2388
3001119,367.02728
3001120,370.56763
3001121,370.56763
3001122,-5.891008
3001123,-5.891008
3001124,-5.891008
3001125,-5.891008
3001126,-5.891008
3001127,-5.891008
3001128,-5.891008
3001129,-5.891008
3001130,-5.891008
3001131,-5.891008
3001132,-5.891008
3001133,-5.891008
3001134,-5.891008
3001135,-5.891008
3001136,-5.891008
3001137,-5.891008
3001138,1332.3595
3001139,64.73984
3001140,64.73984
3001141,64.73984
3001142,64.73984
3001143,64.73984
3001144,64.73984
3001145,631.0706
3001146,-23.798584
3001147,-23.798584
3001148,-23.798584
3001149,-23.798584
3001150,-23.798584
3001151,-23.798584
3001152,587.9125
3001153,-24.027596
3001154,685.7282
3001155,-5.2962074
3001156,-5.2962074
3001157,-5.2962074
3001158,-5.2962074
3001159,-5.2962074
3001160,-5.2962074
3001161,-5.891008
3001162,-5.891008
3001163,-5.891008
3001164,-5.891008
3001165,-5.891008
3001166,-5.891008
3001167,-5.891008
3001168,-5.891008
3001169,-5.891008
3001170,1297.02
3001171,683.30023
3001172,676.53864
3001173,839.0932
3001174,367.24405
3001175,719.2388
3001176,350.8857
3001177,676.30963
3001178,379.66727
3001179,367.24405
3001180,379.66727
3001181,350.8857
3001182,240.75908
3001183,379.66727
3001184,379.66727
3001185,351.027
3001186,-5.891008
3001187,-5.891008
3001188,-5.891008
3001189,-5.891008
3001190,-5.891008
3001191,-5.891008
3001192,-5.891008
3001193,-5.891008
3001194,-5.891008
3001195,-5.891008
3001196,-5.891008
3001197,-5.891008
3001198,-5.891008
3001199,-5.891008
3001200,-5.891008
3001201,-5.891008
3001202,-5.891008
3001203,-5.891008
3001204,1049.1038
3001205,56.449844
3001206,56.449844
3001207,56.449844
3001208,56.449844
3001209,56.449844
3001210,56.449844
3001211,1644.0411
3001212,48.63851
3001213,48.63851
3001214,48.63851
3001215,48.63851
3001216,48.63851
3001217,48.63851
3001218,1338.0774
3001219,840.4677
3001220,1310.9081
3001221,1310.9081
3001222,840.4677
3001223,1735.9513
3001224,1327.453
3001225,856.82385
3001226,855.7623
3001227,855.7623
3001228,856.69965
3001229,692.97876
3001230,707.3142
3001231,725.8491
3001232,690.76935
3001233,854.49023
3001234,-5.552683
3001235,-5.552683
3001236,-5.552683
3001237,-5.552683
3001238,-5.552683
3001239,-5.552683
3001240,-5.552683
3001241,-5.552683
3001242,-5.552683
3001243,-5.552683
3001244,-5.552683
3001245,-5.552683
3001246,-5.552683
3001247,-5.552683
3001248,-5.552683
3001249,-5.552683
3001250,-5.552683
3001251,-5.552683
3001252,171.06158
3001253,171.06158
3001254,-4.9578824
3001255,171.06158
3001256,282.0099
3001257,-4.9578824
3001258,-4.9578824
3001259,-4.9578824
3001260,-4.9578824
3001261,-4.9578824
3001262,-4.9578824
3001263,171.06158
3001264,171.06158
3001265,-4.9578824
3001266,-5.552683
3001267,171.06158
3001268,845.5255
3001269,56.78817
3001270,56.78817
3001271,56.78817
3001272,232.8077
3001273,56.78817
3001274,56.78817
3001275,844.9646
3001276,56.78817
3001277,56.78817
3001278,56.78817
3001279,56.78817
3001280,56.78817
3001281,56.78817
3001282,-5.552683
3001283,-5.552683
3001284,-5.552683
3001285,-5.552683
3001286,-5.552683
3001287,-5.552683
3001288,-5.552683
3001289,-5.552683
3001290,-5.552683
3001291,-5.552683
3001292,-5.552683
3001293,-5.552683
3001294,-5.552683
3001295,-5.552683
3001296,-5.552683
3001297,-5.552683
3001298,3366.0676
3001299,841.73157
3001300,856.8794
3001301,841.73157
3001302,856.8794
3001303,520.2898
3001304,520.2898
3001305,3368.338
3001306,492.3936
3001307,336.87564
3001308,449.7575
3001309,125.8034
3001310,449.7575
3001311,336.87564
3001312,3364.815
3001313,425.53168
3001314,1476.793
3001315,30.60698
3001316,30.60698
3001317,30.60698
3001318,30.60698
3001319,30.60698
3001320,30.60698
3001321,-22.217445
3001322,-22.217445
3001323,-22.217445
3001324,-22.217445
3001325,-22.217445
3001326,-22.217445
3001327,-22.217445
3001328,-22.217445
3001329,-22.217445
3001330,-3.7150702
3001331,-3.7150702
3001332,804.5671
3001333,-3.1202726
3001334,-3.1202726
3001335,-3.1202726
3001336,-3.1202726
3001337,-3.1202726
3001338,155.04346
3001339,607.42926
3001340,154.39685
3001341,-21.622646
3001342,154.39685
3001343,-21.622646
3001344,154.39685
3001345,-21.622646
3001346,-6.9467297
3001347,-6.9467297
3001348,-6.9467297
3001349,-6.9467297
3001350,-6.9467297
3001351,-6.9467297
3001352,-6.9467297
3001353,-6.9467297
3001354,-6.9467297
3001355,-6.9467297
3001356,-6.9467297
3001357,-6.9467297
3001358,-6.9467297
3001359,-6.9467297
3001360,-6.9467297
3001361,-6.9467297
3001362,-6.9467297
3001363,-6.9467297
3001364,-6.9467297
3001365,-6.9467297
3001366,-6.9467297
3001367,-6.9467297
3001368,-6.9467297
3001369,-6.9467297
3001370,-6.9467297
3001371,-6.9467297
3001372,-6.9467297
3001373,-6.9467297
3001374,-6.9467297
3001375,-6.9467297
3001376,-6.9467297
3001377,-6.9467297
3001378,654.2799
3001379,654.2799
3001380,654.2799
3001381,270.06458
3001382,652.2568
3001383,704.48645
3001384,703.83984
3001385,703.83984
3001386,44.029762
3001387,320.44608
3001388,320.44608
3001389,268.21664
3001390,268.21664
3001391,-8.199888
3001392,-8.199888
3001393,268.21664
3001394,1909.2914
3001395,2531.972
3001396,2535.7156
3001397,2550.697
3001398,2312.0757
3001399,2320.814
3001400,2703.7078
3001401,2160.982
3001402,2060.5466
3001403,2064.2888
3001404,2007.8154
3001405,2028.136
3001406,2031.8928
3001407,2037.3472
3001408,2050.942
3001409,2103.39
3001410,-6.9298353
3001411,-6.9298353
3001412,-6.9298353
3001413,-6.9298353
3001414,-6.9298353
3001415,-6.9298353
3001416,-6.9298353
3001417,-6.9298353
3001418,-6.9298353
3001419,-6.9298353
3001420,-6.9298353
3001421,-6.9298353
3001422,-6.9298353
3001423,-6.9298353
3001424,-6.9298353
3001425,-6.9298353
3001426,2145.643
3001427,2209.0547
3001428,2161.8833
3001429,2215.3164
3001430,2231.8613
3001431,2225.5996
3001432,2396.1968
3001433,1936.2334
3001434,2396.3242
3001435,2416.9211
3001436,2363.4883
3001437,2410.4426
3001438,2416.704
3001439,2416.568
3001440,2410.1218
3001441,2416.3833
3001442,-6.9298353
3001443,-6.9298353
3001444,-6.9298353
3001445,-6.9298353
3001446,-6.9298353
3001447,-6.9298353
3001448,-6.9298353
3001449,-6.9298353
3001450,-6.9298353
3001451,-6.9298353
3001452,-6.9298353
3001453,-6.9298353
3001454,-6.9298353
3001455,578.07916
3001456,-6.3350353
3001457,-6.3350353
3001458,1454.8152
3001459,1709.9269
3001460,1709.9269
3001461,2188.7097
3001462,2205.2546
3001463,2205.2546
3001464,1426.4391
3001465,1726.5992
3001466,2205.382
3001467,2199.1204
3001468,1923.9624
3001469,2383.836
3001470,1911.3142
3001471,2390.0974
3001472,2383.7
3001473,2383.5151
3001474,1191.1753
3001475,1559.8865
3001476,1497.7554
3001477,1733.8956
3001478,1715.2363
3001479,1753.315
3001480,1550.6216
3001481,1714.8832
3001482,1752.9574
3001483,1750.8534
3001484,2163.5876
3001485,2161.1868
3001486,2203.3303
3001487,2225.275
3001488,2160.9927
3001489,1771.5265
3001490,1654.7316
3001491,980.7186
3001492,1387.4714
3001493,1164.7982
3001494,1148.2705
3001495,1165.1718
3001496,1165.1718
3001497,1633.2351
3001498,1635.5837
3001499,1348.8998
3001500,2077.53
3001501,1165.81
3001502,2085.6353
3001503,2088.2007
3001504,2087.7393
3001505,2087.7393
3001506,270.08148
3001507,-6.3350353
3001508,1073.1917
3001509,79.98516
3001510,79.98516
3001511,79.98516
3001512,79.98516
3001513,79.98516
3001514,79.98516
3001515,1178.6837
3001516,79.98516
3001517,79.98516
3001518,79.98516
3001519,79.98516
3001520,79.98516
3001521,79.98516
3001522,270.08148
3001523,-6.3350353
3001524,-6.3350353
3001525,-6.3350353
3001526,-6.3350353
3001527,-6.3350353
3001528,-6.3350353
3001529,-6.9298353
3001530,-6.9298353
3001531,-6.9298353
3001532,-6.9298353
3001533,-6.9298353
3001534,-6.9298353
3001535,-6.9298353
3001536,270.08148
3001537,-6.3350353
3001538,3173.095
3001539,2187.7886
3001540,2171.6782
3001541,2139.878
3001542,2143.62
3001543,2187.942
3001544,2217.6926
3001545,2213.419
3001546,3348.9712
3001547,3346.989
3001548,3363.3203
3001549,3277.7952
3001550,3280.291
3001551,3201.715
3001552,4285.329
3001553,4388.9414
3001554,-7.1766763
3001555,-7.1766763
3001556,-7.1766763
3001557,-7.1766763
3001558,-7.1766763
3001559,-7.1766763
3001560,-7.1766763
3001561,-7.1766763
3001562,-7.1766763
3001563,-7.1766763
3001564,-7.1766763
3001565,-7.1766763
3001566,-7.1766763
3001567,-7.1766763
3001568,-7.1766763
3001569,-7.1766763
3001570,-7.1766763
3001571,-7.1766763
3001572,-7.1766763
3001573,-7.1766763
3001574,169.80763
3001575,-6.5818763
3001576,-6.5818763
3001577,-6.5818763
3001578,-6.5818763
3001579,-6.5818763
3001580,-6.5818763
3001581,-7.1766763
3001582,-7.1766763
3001583,-7.1766763
3001584,-7.1766763
3001585,-7.1766763
3001586,280.75592
3001587,-6.5818763
3001588,280.75592
3001589,169.80763
3001590,-6.5818763
3001591,-6.5818763
3001592,169.80763
3001593,-6.5818763
3001594,-6.5818763
3001595,169.80763
3001596,262.0784
3001597,-24.437643
3001598,151.95187
3001599,-24.437643
3001600,151.95187
3001601,-24.437643
3001602,641.5134
3001603,169.80763
3001604,262.0784
3001605,204.18152
3001606,204.18152
3001607,313.66144
3001608,27.145393
3001609,151.30527
3001610,261.4318
3001611,342.44296
3001612,342.44296
3001613,313.43243
3001614,203.3059
3001615,313.43243
3001616,378.5229
3001617,349.74133
3001618,-7.1766763
3001619,-7.1766763
3001620,-7.1766763
3001621,-7.1766763
3001622,-7.1766763
3001623,-7.1766763
3001624,-7.1766763
3001625,-7.1766763
3001626,-7.1766763
3001627,-7.1766763
3001628,-7.1766763
3001629,-7.1766763
3001630,-7.1766763
3001631,-7.1766763
3001632,-7.1766763
3001633,-7.1766763
3001634,1653.4773
3001635,718.46594
3001636,675.3955
3001637,837.9501
3001638,718.09564
3001639,718.09564
3001640,837.9501
3001641,718.09564
3001642,837.9501
3001643,837.76135
3001644,837.9501
3001645,837.76135
3001646,357.00125
3001647,369.42447
3001648,339.69934
3001649,339.69934
3001650,-7.0341506
3001651,-7.0341506
3001652,-7.0341506
3001653,-7.0341506
3001654,-7.0341506
3001655,-7.0341506
3001656,-7.0341506
3001657,-7.0341506
3001658,-7.0341506
3001659,-7.0341506
3001660,-7.0341506
3001661,-7.0341506
3001662,-7.0341506
3001663,-7.0341506
3001664,-7.0341506
3001665,-7.0341506
3001666,1354.5029
3001667,63.596706
3001668,63.596706
3001669,63.596706
3001670,63.596706
3001671,63.596706
3001672,63.596706
3001673,629.9275
3001674,-24.941727
3001675,-24.941727
3001676,-24.941727
3001677,-24.941727
3001678,-24.941727
3001679,-24.941727
3001680,629.6985
3001681,-25.17074
3001682,641.656
3001683,-6.43935
3001684,291.00256
3001685,204.32405
3001686,27.934525
3001687,314.45056
3001688,27.934525
3001689,151.4478
3001690,151.4478
3001691,151.4478
3001692,151.4478
3001693,-24.941727
3001694,-24.941727
3001695,-24.941727
3001696,-24.941727
3001697,290.35596
3001698,1921.0612
3001699,838.1791
3001700,718.32465
3001701,675.1665
3001702,718.09564
3001703,718.09564
3001704,718.09564
3001705,378.5241
3001706,349.74255
3001707,349.74255
3001708,366.1009
3001709,349.74255
3001710,349.74255
3001711,239.75719
3001712,349.88385
3001713,203.44843
3001714,-7.0341506
3001715,-7.0341506
3001716,-7.0341506
3001717,-7.0341506
3001718,-7.0341506
3001719,-7.0341506
3001720,-7.0341506
3001721,-7.0341506
3001722,-7.0341506
3001723,-7.0341506
3001724,-7.0341506
3001725,-7.0341506
3001726,-7.0341506
3001727,-7.0341506
3001728,-7.0341506
3001729,-7.0341506
3001730,169.95016
3001731,-6.43935
3001732,1071.2473
3001733,55.3067
3001734,55.3067
3001735,55.3067
3001736,55.3067
3001737,55.3067
3001738,55.3067
3001739,1666.1847
3001740,47.49537
3001741,222.47438
3001742,47.49537
3001743,239.01921
3001744,64.04026
3001745,64.04026
3001746,1522.4946
3001747,839.13586
3001748,1718.2632
3001749,1602.6979
3001750,1734.8081
3001751,1706.2157
3001752,1838.2017
3001753,1706.0916
3001754,1838.2017
3001755,1852.5371
3001756,1720.427
3001757,1852.32
3001758,1852.32
3001759,1852.184
3001760,1851.9991
3001761,1845.7378
3001762,-6.6958256
3001763,-6.6958256
3001764,-6.6958256
3001765,-6.6958256
3001766,-6.6958256
3001767,-6.6958256
3001768,-6.6958256
3001769,-6.6958256
3001770,-6.6958256
3001771,-6.6958256
3001772,-6.6958256
3001773,-6.6958256
3001774,-6.6958256
3001775,-6.6958256
3001776,-6.6958256
3001777,-6.6958256
3001778,-6.6958256
3001779,-6.6958256
3001780,-6.6958256
3001781,-6.6958256
3001782,-6.6958256
3001783,-6.6958256
3001784,-6.6958256
3001785,-6.6958256
3001786,-6.6958256
3001787,-6.6958256
3001788,-6.6958256
3001789,-6.6958256
3001790,-6.6958256
3001791,-6.6958256
3001792,-6.6958256
3001793,-6.6958256
3001794,-6.6958256
3001795,-6.6958256
3001796,908.3436
3001797,55.645027
3001798,55.645027
3001799,55.645027
3001800,55.645027
3001801,55.645027
3001802,55.645027
3001803,906.13275
3001804,52.52561
3001805,52.52561
3001806,52.52561
3001807,52.52561
3001808,52.52561
3001809,52.52561
3001810,-6.6958256
3001811,-6.6958256
3001812,-6.6958256
3001813,-6.6958256
3001814,-6.6958256
3001815,-6.6958256
3001816,-6.6958256
3001817,-6.6958256
3001818,-6.6958256
3001819,-6.6958256
3001820,-6.6958256
3001821,-6.6958256
3001822,-6.6958256
3001823,-6.6958256
3001824,-6.6958256
3001825,-6.6958256
3001826,3409.467
3001827,855.73627
3001828,855.73627
3001829,840.58844
3001830,840.58844
3001831,506.4216
3001832,519.1466
3001833,3411.7373
3001834,491.25043
3001835,335.73248
3001836,448.61435
3001837,335.73248
3001838,335.73248
3001839,491.25043
3001840,3408.2144
3001841,412.03906
3001842,1479.0605
3001843,29.463837
3001844,29.463837
3001845,29.463837
3001846,29.463837
3001847,29.463837
3001848,29.463837
3001849,-23.360588
3001850,-23.360588
3001851,-23.360588
3001852,-23.360588
3001853,-23.360588
3001854,-23.360588
3001855,-23.360588
3001856,-23.360588
3001857,-23.360588
3001858,-4.8582115
3001859,-4.8582115
3001860,803.42395
3001861,-4.263415
3001862,-4.263415
3001863,-4.263415
3001864,-4.263415
3001865,-4.263415
3001866,-4.263415
3001867,606.93274
3001868,153.25371
3001869,153.25371
3001870,-22.76579
3001871,153.25371
3001872,153.25371
3001873,-22.76579
3001874,-6.9467297
3001875,-6.9467297
3001876,-6.9467297
3001877,-6.9467297
3001878,-6.9467297
3001879,-6.9467297
3001880,-6.9467297
3001881,-6.9467297
3001882,-6.9467297
3001883,-6.9467297
3001884,-6.9467297
3001885,-6.9467297
3001886,-6.9467297
3001887,-6.9467297
3001888,-6.9467297
3001889,-6.9467297
3001890,-6.9467297
3001891,-6.9467297
3001892,-6.9467297
3001893,-6.9467297
3001894,-6.9467297
3001895,-6.9467297
3001896,-6.9467297
3001897,-6.9467297
3001898,-6.9467297
3001899,-6.9467297
3001900,-6.9467297
3001901,-6.9467297
3001902,-6.9467297
3001903,-6.9467297
3001904,-6.9467297
3001905,-6.9467297
3001906,654.2799
3001907,654.2799
3001908,270.06458
3001909,270.06458
3001910,270.06458
3001911,268.86325
3001912,704.48645
3001913,268.86325
3001914,268.86325
3001915,268.21664
3001916,268.21664
3001917,268.21664
3001918,268.21664
3001919,268.21664
3001920,268.21664
3001921,268.21664
3001922,1906.6674
3001923,2135.3564
3001924,2141.479
3001925,2151.9016
3001926,2322.4983
3001927,2320.814
3001928,2703.7078
3001929,2160.982
3001930,2060.5466
3001931,2064.2888
3001932,2033.2925
3001933,2031.8928
3001934,2031.8928
3001935,2031.8928
3001936,2050.942
3001937,2049.808
3001938,-6.9298353
3001939,-6.9298353
3001940,-6.9298353
3001941,-6.9298353
3001942,-6.9298353
3001943,-6.9298353
3001944,-6.9298353
3001945,-6.9298353
3001946,-6.9298353
3001947,-6.9298353
3001948,-6.9298353
3001949,-6.9298353
3001950,-6.9298353
3001951,-6.9298353
3001952,-6.9298353
3001953,-6.9298353
3001954,2145.643
3001955,2209.0547
3001956,2209.0547
3001957,2209.0547
3001958,2225.5996
3001959,2270.0986
3001960,2349.1528
3001961,1968.417
3001962,2416.9211
3001963,2416.9211
3001964,1938.1378
3001965,2416.704
3001966,2416.704
3001967,2416.568
3001968,2410.1218
3001969,2416.3833
3001970,-6.9298353
3001971,-6.9298353
3001972,-6.9298353
3001973,-6.9298353
3001974,-6.9298353
3001975,-6.9298353
3001976,-6.9298353
3001977,-6.9298353
3001978,-6.9298353
3001979,-6.9298353
3001980,-6.9298353
3001981,-6.9298353
3001982,-6.9298353
3001983,-6.9298353
3001984,-6.9298353
3001985,-6.9298353
3001986,1454.8152
3001987,2182.448
3001988,2188.7097
3001989,2198.993
3001990,2198.993
3001991,2375.8516
3001992,2374.1672
3001993,2322.546
3001994,2336.8813
3001995,2336.8813
3001996,1950.9994
3001997,1946.656
3001998,2401.1177
3001999,2353.7612
3002000,1950.2621
3002001,1937.1405
3002002,1193.4766
3002003,1565.7369
3002004,1496.9271
3002005,1550.5742
3002006,1550.9142
3002007,1550.6216
3002008,1550.4856
3002009,1554.4696
3002010,2163.7524
3002011,1750.8534
3002012,1752.3605
3002013,1752.2839
3002014,1750.7769
3002015,1756.6273
3002016,1734.0785
3002017,1736.6443
3002018,1654.7316
3002019,1892.2516
3002020,1409.8699
3002021,2059.99
3002022,1164.2345
3002023,1635.8009
3002024,1165.1718
3002025,2076.6743
3002026,2076.6743
3002027,1413.5986
3002028,2088.2007
3002029,2087.7393
3002030,2087.7393
3002031,1174.4796
3002032,1175.4169
3002033,2087.7393
3002034,270.08148
3002035,-6.3350353
3002036,1073.1917
3002037,72.06543
3002038,72.06543
3002039,72.06543
3002040,72.06543
3002041,79.98516
3002042,79.98516
3002043,1073.1917
3002044,79.98516
3002045,79.98516
3002046,79.98516
3002047,79.98516
3002048,79.98516
3002049,79.98516
3002050,270.08148
3002051,-6.3350353
3002052,-6.3350353
3002053,-6.3350353
3002054,-6.3350353
3002055,-6.3350353
3002056,-6.3350353
3002057,-6.9298353
3002058,-6.9298353
3002059,270.08148
3002060,-6.3350353
3002061,-6.3350353
3002062,-6.3350353
3002063,270.08148
3002064,270.08148
3002065,270.08148
3002066,2084.2886
3002067,2187.7886
3002068,2171.0098
3002069,2140.5464
3002070,2143.62
3002071,2145.3928
3002072,2217.6926
3002073,2295.8928
3002074,2333.0073
3002075,2312.256
3002076,2292.9507
3002077,2306.487
3002078,2221.536
3002079,2411.8914
3002080,4033.9028
3002081,4068.3457
3002082,-7.1766763
3002083,-7.1766763
3002084,-7.1766763
3002085,-7.1766763
3002086,-7.1766763
3002087,-7.1766763
3002088,-7.1766763
3002089,-7.1766763
3002090,-7.1766763
3002091,-7.1766763
3002092,-7.1766763
3002093,-7.1766763
3002094,-7.1766763
3002095,-7.1766763
3002096,-7.1766763
3002097,-7.1766763
3002098,-7.1766763
3002099,-7.1766763
3002100,-7.1766763
3002101,-7.1766763
3002102,-7.1766763
3002103,-7.1766763
3002104,-7.1766763
3002105,-7.1766763
3002106,-7.1766763
3002107,-7.1766763
3002108,-7.1766763
3002109,-7.1766763
3002110,-7.1766763
3002111,-7.1766763
3002112,-7.1766763
3002113,-7.1766763
3002114,280.75592
3002115,-6.5818763
3002116,280.75592
3002117,169.80763
3002118,169.80763
3002119,-6.5818763
3002120,169.80763
3002121,-6.5818763
3002122,-6.5818763
3002123,-6.5818763
3002124,-6.5818763
3002125,-6.5818763
3002126,-6.5818763
3002127,-7.1766763
3002128,-7.1766763
3002129,-7.1766763
3002130,641.5134
3002131,290.86005
3002132,314.30804
3002133,342.44296
3002134,378.7519
3002135,349.82904
3002136,378.6106
3002137,378.3816
3002138,378.3816
3002139,378.3816
3002140,378.3816
3002141,378.3816
3002142,378.3816
3002143,378.3816
3002144,378.3816
3002145,378.3816
3002146,-7.1766763
3002147,-7.1766763
3002148,-7.1766763
3002149,-7.1766763
3002150,-7.1766763
3002151,-7.1766763
3002152,-7.1766763
3002153,-7.1766763
3002154,-7.1766763
3002155,-7.1766763
3002156,-7.1766763
3002157,-7.1766763
3002158,-7.1766763
3002159,-7.1766763
3002160,-7.1766763
3002161,-7.1766763
3002162,1469.4834
3002163,837.99036
3002164,1308.3904
3002165,837.76135
3002166,1308.3904
3002167,854.3062
3002168,854.3062
3002169,854.3062
3002170,1324.9353
3002171,1324.8112
3002172,1733.3094
3002173,1741.3835
3002174,704.7966
3002175,868.51746
3002176,387.88156
3002177,366.0908
3002178,-7.0341506
3002179,-7.0341506
3002180,-7.0341506
3002181,-7.0341506
3002182,-7.0341506
3002183,-7.0341506
3002184,-7.0341506
3002185,-7.0341506
3002186,-7.0341506
3002187,-7.0341506
3002188,-7.0341506
3002189,-7.0341506
3002190,-7.0341506
3002191,-7.0341506
3002192,-7.0341506
3002193,-7.0341506
3002194,1354.5029
3002195,63.596706
3002196,63.596706
3002197,63.596706
3002198,63.596706
3002199,63.596706
3002200,63.596706
3002201,749.22284
3002202,-25.17074
3002203,-25.17074
3002204,-25.17074
3002205,-25.17074
3002206,-25.17074
3002207,-25.17074
3002208,1219.8519
3002209,-25.17074
3002210,641.656
3002211,262.22095
3002212,343.23212
3002213,342.5855
3002214,718.32465
3002215,63.455437
3002216,349.97156
3002217,63.596706
3002218,350.11285
3002219,378.6654
3002220,313.57495
3002221,329.9333
3002222,349.88385
3002223,349.88385
3002224,718.09564
3002225,378.5241
3002226,1295.8768
3002227,675.5368
3002228,675.3955
3002229,837.76135
3002230,675.1665
3002231,366.1009
3002232,366.1009
3002233,675.1665
3002234,366.1009
3002235,366.1009
3002236,366.1009
3002237,366.1009
3002238,349.74255
3002239,239.61592
3002240,349.74255
3002241,349.74255
3002242,-7.0341506
3002243,-7.0341506
3002244,-7.0341506
3002245,-7.0341506
3002246,-7.0341506
3002247,-7.0341506
3002248,-7.0341506
3002249,-7.0341506
3002250,-7.0341506
3002251,-7.0341506
3002252,-7.0341506
3002253,-7.0341506
3002254,-7.0341506
3002255,-7.0341506
3002256,-7.0341506
3002257,-7.0341506
3002258,-7.0341506
3002259,-7.0341506
3002260,1209.0656
3002261,71.85159
3002262,71.85159
3002263,71.85159
3002264,71.85159
3002265,71.85159
3002266,71.85159
3002267,1208.9414
3002268,64.04026
3002269,64.04026
3002270,64.04026
3002271,64.04026
3002272,64.04026
3002273,64.04026
3002274,1360.2208
3002275,1534.9163
3002276,1534.9163
3002277,1602.6979
3002278,1602.6979
3002279,1708.1237
3002280,1723.5092
3002281,1340.1667
3002282,1331.871
3002283,1739.5354
3002284,1318.1412
3002285,1322.3486
3002286,1326.0907
3002287,1328.6565
3002288,1317.7949
3002289,1723.5836
3002290,-6.6958256
3002291,-6.6958256
3002292,-6.6958256
3002293,-6.6958256
3002294,-6.6958256
3002295,-6.6958256
3002296,-6.6958256
3002297,-6.6958256
3002298,-6.6958256
3002299,-6.6958256
3002300,-6.6958256
3002301,-6.6958256
3002302,-6.6958256
3002303,-6.6958256
3002304,-6.6958256
3002305,-6.6958256
3002306,-6.6958256
3002307,-6.6958256
3002308,-6.6958256
3002309,-6.6958256
3002310,-6.6958256
3002311,-6.6958256
3002312,-6.6958256
3002313,169.91844
3002314,-6.1010246
3002315,-6.1010246
3002316,169.91844
3002317,-6.1010246
3002318,-6.1010246
3002319,-6.1010246
3002320,-6.1010246
3002321,-6.1010246
3002322,-6.6958256
3002323,-6.6958256
3002324,891.91486
3002325,55.645027
3002326,55.645027
3002327,55.645027
3002328,55.645027
3002329,55.645027
3002330,55.645027
3002331,1004.03827
3002332,52.322563
3002333,52.322563
3002334,339.66763
3002335,52.322563
3002336,52.322563
3002337,52.322563
3002338,-6.6958256
3002339,-6.6958256
3002340,-6.6958256
3002341,-6.6958256
3002342,-6.6958256
3002343,-6.6958256
3002344,-6.6958256
3002345,-6.6958256
3002346,-6.6958256
3002347,-6.6958256
3002348,-6.6958256
3002349,-6.6958256
3002350,-6.6958256
3002351,-6.6958256
3002352,-6.6958256
3002353,-6.6958256
3002354,2356.3887
3002355,506.4216
3002356,855.73627
3002357,506.4216
3002358,840.58844
3002359,502.1362
3002360,519.1466
3002361,2358.659
3002362,496.084
3002363,453.44794
3002364,453.44794
3002365,447.99356
3002366,335.1117
3002367,447.99356
3002368,2355.136
3002369,412.03906
3002370,1648.3969
3002371,30.110443
3002372,30.110443
3002373,30.110443
3002374,30.110443
3002375,30.110443
3002376,30.110443
3002377,-22.71398
3002378,-22.71398
3002379,-22.71398
3002380,-22.71398
3002381,-22.71398
3002382,-22.71398
3002383,-22.71398
3002384,-22.71398
3002385,-22.71398
3002386,-4.8582115
3002387,-4.8582115
3002388,803.42395
3002389,-4.263415
3002390,-4.263415
3002391,-4.263415
3002392,-4.263415
3002393,153.90031
3002394,153.90031
3002395,748.7663
3002396,205.48332
3002397,205.48332
3002398,205.48332
3002399,205.48332
3002400,205.48332
3002401,205.48332
3002402,-6.3228846
3002403,-6.3228846
3002404,-6.3228846
3002405,-6.3228846
3002406,-6.3228846
3002407,-6.3228846
3002408,-6.3228846
3002409,-6.3228846
3002410,-6.3228846
3002411,-6.3228846
3002412,-6.3228846
3002413,-6.3228846
3002414,-6.3228846
3002415,-6.3228846
3002416,-6.3228846
3002417,-6.3228846
3002418,-6.3228846
3002419,-6.3228846
3002420,-6.3228846
3002421,-6.3228846
3002422,-6.3228846
3002423,-6.3228846
3002424,-6.3228846
3002425,-6.3228846
3002426,-6.3228846
3002427,-6.3228846
3002428,-6.3228846
3002429,-6.3228846
3002430,-6.3228846
3002431,-6.3228846
3002432,-6.3228846
3002433,-6.3228846
3002434,654.90375
3002435,654.90375
3002436,270.68848
3002437,270.68848
3002438,652.8806
3002439,705.1103
3002440,321.71655
3002441,321.71655
3002442,-6.9294324
3002443,268.84055
3002444,-7.576041
3002445,-7.576041
3002446,268.84055
3002447,268.84055
3002448,-7.576041
3002449,268.84055
3002450,1907.2911
3002451,2573.5369
3002452,2536.3396
3002453,2551.321
3002454,2549.1409
3002455,2325.7815
3002456,2700.588
3002457,2340.117
3002458,2161.389
3002459,2163.8186
3002460,2064.9126
3002461,2032.5166
3002462,2029.6746
3002463,2032.5166
3002464,2032.5166
3002465,2027.9114
3002466,-6.30599
3002467,-6.30599
3002468,-6.30599
3002469,-6.30599
3002470,-6.30599
3002471,-6.30599
3002472,-6.30599
3002473,-6.30599
3002474,-6.30599
3002475,-6.30599
3002476,-6.30599
3002477,-6.30599
3002478,-6.30599
3002479,-6.30599
3002480,-6.30599
3002481,-6.30599
3002482,2146.267
3002483,1266.7568
3002484,2209.6787
3002485,1266.7166
3002486,1737.1571
3002487,1283.0728
3002488,1283.0728
3002489,2226.2236
3002490,2226.351
3002491,2226.351
3002492,2291.4473
3002493,2417.5452
3002494,2364.1123
3002495,2417.3281
3002496,2363.8953
3002497,1938.4084
3002498,-6.30599
3002499,-6.30599
3002500,-6.30599
3002501,-6.30599
3002502,-6.30599
3002503,-6.30599
3002504,-6.30599
3002505,-6.30599
3002506,-6.30599
3002507,-6.30599
3002508,-6.30599
3002509,-6.30599
3002510,-6.30599
3002511,-6.30599
3002512,-6.30599
3002513,-6.30599
3002514,1455.439
3002515,1239.9214
3002516,1240.1101
3002517,2183.072
3002518,2205.8787
3002519,2205.8787
3002520,1897.6923
3002521,2152.7378
3002522,2370.3416
3002523,2384.677
3002524,2337.6702
3002525,1929.8622
3002526,1441.3086
3002527,2384.324
3002528,2337.1323
3002529,1945.3927
3002530,1193.8712
3002531,1566.3607
3002532,1662.7767
3002533,1734.5194
3002534,1753.9387
3002535,1551.2454
3002536,1733.7385
3002537,1551.1848
3002538,1282.9517
3002539,2198.4153
3002540,2161.8108
3002541,2161.8108
3002542,2161.8108
3002543,1766.2998
3002544,1767.8069
3002545,1766.2998
3002546,1655.3553
3002547,1892.8754
3002548,1259.2225
3002549,1636.9884
3002550,2060.6138
3002551,2074.9492
3002552,1164.8583
3002553,2074.9492
3002554,2074.7322
3002555,1352.0272
3002556,2080.7195
3002557,2088.8245
3002558,2088.8245
3002559,1176.5018
3002560,2088.363
3002561,2088.363
3002562,270.70538
3002563,-5.7111883
3002564,1073.8154
3002565,349.1057
3002566,72.68927
3002567,72.68927
3002568,72.68927
3002569,80.609
3002570,80.609
3002571,1179.3075
3002572,80.609
3002573,80.609
3002574,80.609
3002575,80.609
3002576,80.609
3002577,80.609
3002578,270.70538
3002579,-5.7111883
3002580,-5.7111883
3002581,-5.7111883
3002582,-5.7111883
3002583,-5.7111883
3002584,-5.7111883
3002585,-6.30599
3002586,-6.30599
3002587,-6.30599
3002588,-6.30599
3002589,-6.30599
3002590,-6.30599
3002591,-6.30599
3002592,-6.30599
3002593,270.70538
3002594,2084.8503
3002595,2188.4126
3002596,2172.5193
3002597,2115.6934
3002598,2144.9126
3002599,2235.735
3002600,2208.2644
3002601,2144.836
3002602,2175.1816
3002603,2296.7524
3002604,2294.4724
3002605,2310.8037
3002606,2272.8408
3002607,2140.5012
3002608,3241.2664
3002609,3370.9443
3002610,-6.552831
3002611,-6.552831
3002612,-6.552831
3002613,-6.552831
3002614,-6.552831
3002615,-6.552831
3002616,-6.552831
3002617,-6.552831
3002618,-6.552831
3002619,-6.552831
3002620,-6.552831
3002621,-6.552831
3002622,-6.552831
3002623,-6.552831
3002624,-6.552831
3002625,-6.552831
3002626,-6.552831
3002627,-6.552831
3002628,-6.552831
3002629,-6.552831
3002630,-6.552831
3002631,-6.552831
3002632,-6.552831
3002633,-6.552831
3002634,-6.552831
3002635,-6.552831
3002636,-6.552831
3002637,-6.552831
3002638,-6.552831
3002639,-6.552831
3002640,-6.552831
3002641,-6.552831
3002642,281.3798
3002643,-5.9580297
3002644,170.43146
3002645,170.43146
3002646,-5.9580297
3002647,-5.9580297
3002648,-5.9580297
3002649,170.43146
3002650,170.43146
3002651,170.43146
3002652,152.5757
3002653,152.5757
3002654,-23.813799
3002655,262.70227
3002656,-23.813799
3002657,-23.813799
3002658,642.13727
3002659,-5.9580297
3002660,170.43146
3002661,152.5757
3002662,-23.813799
3002663,-23.813799
3002664,-23.813799
3002665,152.5757
3002666,-23.813799
3002667,152.5757
3002668,152.5757
3002669,152.5757
3002670,151.9291
3002671,151.9291
3002672,151.9291
3002673,151.9291
3002674,-6.552831
3002675,-6.552831
3002676,-6.552831
3002677,-6.552831
3002678,-6.552831
3002679,-6.552831
3002680,-6.552831
3002681,-6.552831
3002682,-6.552831
3002683,-6.552831
3002684,-6.552831
3002685,-6.552831
3002686,-6.552831
3002687,-6.552831
3002688,-6.552831
3002689,-6.552831
3002690,1478.5271
3002691,838.8029
3002692,675.79034
3002693,718.7195
3002694,838.3852
3002695,718.7195
3002696,854.93005
3002697,675.79034
3002698,675.79034
3002699,718.7195
3002700,838.3852
3002701,838.261
3002702,340.52625
3002703,357.62512
3002704,357.62512
3002705,370.04834
3002706,-6.4103045
3002707,-6.4103045
3002708,-6.4103045
3002709,-6.4103045
3002710,-6.4103045
3002711,-6.4103045
3002712,-6.4103045
3002713,-6.4103045
3002714,-6.4103045
3002715,-6.4103045
3002716,-6.4103045
3002717,-6.4103045
3002718,-6.4103045
3002719,-6.4103045
3002720,-6.4103045
3002721,-6.4103045
3002722,1355.1267
3002723,64.220535
3002724,64.220535
3002725,64.220535
3002726,64.220535
3002727,64.220535
3002728,64.220535
3002729,587.6222
3002730,-24.31788
3002731,-24.31788
3002732,-24.31788
3002733,-24.31788
3002734,-24.31788
3002735,-24.31788
3002736,630.3223
3002737,-24.546894
3002738,685.2089
3002739,-5.815505
3002740,-5.815505
3002741,-5.815505
3002742,-5.815505
3002743,-5.815505
3002744,-5.815505
3002745,-6.4103045
3002746,-6.4103045
3002747,-6.4103045
3002748,-6.4103045
3002749,-6.4103045
3002750,-6.4103045
3002751,-6.4103045
3002752,-6.4103045
3002753,-6.4103045
3002754,1921.6849
3002755,343.20938
3002756,838.8029
3002757,718.7195
3002758,718.7195
3002759,366.72476
3002760,718.7195
3002761,366.72476
3002762,63.850266
3002763,366.72476
3002764,379.14798
3002765,350.36642
3002766,63.991528
3002767,204.07225
3002768,314.19882
3002769,379.28928
3002770,-6.4103045
3002771,-6.4103045
3002772,-6.4103045
3002773,-6.4103045
3002774,-6.4103045
3002775,-6.4103045
3002776,-6.4103045
3002777,-6.4103045
3002778,-6.4103045
3002779,-6.4103045
3002780,-6.4103045
3002781,-6.4103045
3002782,-6.4103045
3002783,-6.4103045
3002784,-6.4103045
3002785,-6.4103045
3002786,-6.4103045
3002787,-6.4103045
3002788,1004.81805
3002789,55.93054
3002790,55.93054
3002791,55.93054
3002792,55.93054
3002793,55.93054
3002794,55.93054
3002795,1112.8513
3002796,48.119205
3002797,48.119205
3002798,48.119205
3002799,48.119205
3002800,223.0982
3002801,48.119205
3002802,1389.0579
3002803,839.7597
3002804,1718.887
3002805,1718.887
3002806,1326.9336
3002807,1735.4319
3002808,1430.4512
3002809,1735.3077
3002810,856.18036
3002811,1326.8094
3002812,1749.6432
3002813,1743.3818
3002814,1340.9277
3002815,1661.8146
3002816,1846.6824
3002817,973.6804
3002818,-6.0719805
3002819,-6.0719805
3002820,-6.0719805
3002821,-6.0719805
3002822,-6.0719805
3002823,-6.0719805
3002824,-6.0719805
3002825,-6.0719805
3002826,-6.0719805
3002827,-6.0719805
3002828,-6.0719805
3002829,-6.0719805
3002830,-6.0719805
3002831,-6.0719805
3002832,-6.0719805
3002833,-6.0719805
3002834,-6.0719805
3002835,-6.0719805
3002836,-6.0719805
3002837,-6.0719805
3002838,-6.0719805
3002839,-6.0719805
3002840,-6.0719805
3002841,-6.0719805
3002842,-6.0719805
3002843,-6.0719805
3002844,-6.0719805
3002845,-6.0719805
3002846,-6.0719805
3002847,-6.0719805
3002848,-6.0719805
3002849,-6.0719805
3002850,-6.0719805
3002851,-6.0719805
3002852,868.29266
3002853,56.268864
3002854,56.268864
3002855,56.268864
3002856,56.268864
3002857,56.268864
3002858,56.268864
3002859,908.96747
3002860,54.054157
3002861,54.054157
3002862,54.054157
3002863,54.054157
3002864,54.054157
3002865,54.054157
3002866,-6.0719805
3002867,-6.0719805
3002868,-6.0719805
3002869,-6.0719805
3002870,-6.0719805
3002871,-6.0719805
3002872,-6.0719805
3002873,-6.0719805
3002874,-6.0719805
3002875,-6.0719805
3002876,-6.0719805
3002877,-6.0719805
3002878,-6.0719805
3002879,-6.0719805
3002880,-6.0719805
3002881,-6.0719805
3002882,2356.7595
3002883,507.04544
3002884,856.3601
3002885,841.2123
3002886,841.2123
3002887,502.76004
3002888,502.76004
3002889,2304.9958
3002890,449.23822
3002891,336.35635
3002892,491.8743
3002893,449.23822
3002894,449.23822
3002895,491.8743
3002896,2357.1455
3002897,287.84784
3002898,1479.6843
3002899,30.087677
3002900,30.087677
3002901,30.087677
3002902,30.087677
3002903,30.087677
3002904,30.087677
3002905,-22.736744
3002906,-22.736744
3002907,-22.736744
3002908,-22.736744
3002909,-22.736744
3002910,-22.736744
3002911,-22.736744
3002912,-22.736744
3002913,-22.736744
3002914,-4.234369
3002915,-4.234369
3002916,276.9195
3002917,-3.6395702
3002918,-3.6395702
3002919,-3.6395702
3002920,-3.6395702
3002921,-3.6395702
3002922,172.3799
3002923,587.3945
3002924,154.52414
3002925,153.87753
3002926,206.10715
3002927,206.10715
3002928,206.10715
3002929,206.10715
3002930,-4.7196836
3002931,-4.7196836
3002932,-4.7196836
3002933,-4.7196836
3002934,-4.7196836
3002935,-4.7196836
3002936,-4.7196836
3002937,-4.7196836
3002938,-4.7196836
3002939,-4.7196836
3002940,-4.7196836
3002941,-4.7196836
3002942,-4.7196836
3002943,-4.7196836
3002944,-4.7196836
3002945,-4.7196836
3002946,-4.7196836
3002947,-4.7196836
3002948,-4.7196836
3002949,-4.7196836
3002950,-4.7196836
3002951,-4.7196836
3002952,-4.7196836
3002953,-4.7196836
3002954,-4.7196836
3002955,-4.7196836
3002956,-4.7196836
3002957,-4.7196836
3002958,-4.7196836
3002959,-4.7196836
3002960,-4.7196836
3002961,-4.7196836
3002962,656.507
3002963,656.507
3002964,272.29166
3002965,656.507
3002966,271.09033
3002967,706.71356
3002968,706.71356
3002969,46.90341
3002970,-5.326234
3002971,-5.326234
3002972,-5.326234
3002973,-5.326234
3002974,270.44373
3002975,270.44373
3002976,270.44373
3002977,-5.972842
3002978,2478.2632
3002979,2533.744
3002980,2158.0168
3002981,2158.0168
3002982,2313.8477
3002983,2312.1633
3002984,2705.935
3002985,2319.09
3002986,2165.1025
3002987,2164.9666
3002988,2168.7087
3002989,2061.8186
3002990,2030.8223
3002991,2136.313
3002992,2033.6644
3002993,2032.0713
3002994,-4.7027893
3002995,-4.7027893
3002996,-4.7027893
3002997,-4.7027893
3002998,-4.7027893
3002999,-4.7027893
3003000,-4.7027893
3003001,-4.7027893
3003002,-4.7027893
3003003,-4.7027893
3003004,-4.7027893
3003005,-4.7027893
3003006,-4.7027893
3003007,-4.7027893
3003008,-4.7027893
3003009,-4.7027893
3003010,2147.8706
3003011,1268.36
3003012,1738.7603
3003013,1738.7603
3003014,1738.7603
3003015,1284.6759
3003016,1284.8646
3003017,2234.0886
3003018,1755.3052
3003019,2180.3276
3003020,2234.216
3003021,2242.2898
3003022,2293.0505
3003023,2412.67
3003024,2418.9314
3003025,1940.1476
3003026,-4.7027893
3003027,-4.7027893
3003028,-4.7027893
3003029,-4.7027893
3003030,-4.7027893
3003031,-4.7027893
3003032,-4.7027893
3003033,-4.7027893
3003034,-4.7027893
3003035,-4.7027893
3003036,-4.7027893
3003037,-4.7027893
3003038,-4.7027893
3003039,-4.7027893
3003040,-4.7027893
3003041,-4.7027893
3003042,1474.2081
3003043,1241.5245
3003044,2190.937
3003045,2207.482
3003046,2207.482
3003047,2378.0789
3003048,2378.2063
3003049,2324.4827
3003050,2338.6533
3003051,2392.5417
3003052,2338.601
3003053,2338.601
3003054,2338.3003
3003055,1948.2915
3003056,2359.4402
3003057,1946.5404
3003058,1192.9468
3003059,1561.658
3003060,1738.1051
3003061,1751.3068
3003062,1738.1852
3003063,1750.743
3003064,1750.5259
3003065,1754.8693
3003066,2193.8953
3003067,1281.989
3003068,2211.1755
3003069,2214.9177
3003070,2216.7297
3003071,1751.6135
3003072,1755.8804
3003073,1773.298
3003074,1656.503
3003075,982.94574
3003076,1387.1667
3003077,1167.9624
3003078,1150.4974
3003079,1164.8329
3003080,1166.4613
3003081,2076.5527
3003082,2078.902
3003083,1350.6091
3003084,1638.6661
3003085,2079.757
3003086,1646.3899
3003087,2090.4285
3003088,2089.967
3003089,1174.1407
3003090,272.30856
3003091,-4.1079917
3003092,1173.7628
3003093,82.212204
3003094,82.212204
3003095,82.212204
3003096,82.212204
3003097,82.212204
3003098,82.212204
3003099,1181.2834
3003100,82.212204
3003101,82.212204
3003102,82.212204
3003103,82.212204
3003104,82.212204
3003105,82.212204
3003106,272.30856
3003107,-4.1079917
3003108,272.30856
3003109,-4.1079917
3003110,-4.1079917
3003111,-4.1079917
3003112,-4.1079917
3003113,-4.1079917
3003114,-4.1079917
3003115,-4.7027893
3003116,-4.7027893
3003117,-4.7027893
3003118,-4.7027893
3003119,-4.7027893
3003120,-4.7027893
3003121,-4.7027893
3003122,2119.712
3003123,2179.5083
3003124,2173.6672
3003125,2173.3142
3003126,2146.0605
3003127,2146.0605
3003128,2310.287
3003129,2120.5068
3003130,2221.615
3003131,2216.6477
3003132,2295.6204
3003133,2295.6204
3003134,2278.2385
3003135,2141.2463
3003136,3515.5464
3003137,2330.7395
3003138,-4.9496284
3003139,-4.9496284
3003140,-4.9496284
3003141,-4.9496284
3003142,-4.9496284
3003143,-4.9496284
3003144,-4.9496284
3003145,-4.9496284
3003146,-4.9496284
3003147,-4.9496284
3003148,-4.9496284
3003149,-4.9496284
3003150,-4.9496284
3003151,-4.9496284
3003152,-4.9496284
3003153,-4.9496284
3003154,-4.9496284
3003155,-4.9496284
3003156,-4.9496284
3003157,-4.9496284
3003158,-4.9496284
3003159,-4.9496284
3003160,-4.9496284
3003161,-4.9496284
3003162,-4.9496284
3003163,-4.9496284
3003164,-4.9496284
3003165,-4.9496284
3003166,-4.9496284
3003167,-4.9496284
3003168,-4.9496284
3003169,-4.9496284
3003170,282.983
3003171,282.983
3003172,282.983
3003173,172.03465
3003174,-4.354831
3003175,-4.354831
3003176,154.1789
3003177,-22.210598
3003178,154.1789
3003179,154.1789
3003180,-22.210598
3003181,154.1789
3003182,263.65887
3003183,153.53229
3003184,263.65887
3003185,-22.857206
3003186,643.74054
3003187,172.03465
3003188,264.30548
3003189,316.53513
3003190,30.019043
3003191,206.40854
3003192,315.88852
3003193,315.88852
3003194,205.76193
3003195,315.88852
3003196,315.88852
3003197,315.88852
3003198,205.53291
3003199,315.65952
3003200,315.65952
3003201,315.65952
3003202,-4.9496284
3003203,-4.9496284
3003204,-4.9496284
3003205,-4.9496284
3003206,-4.9496284
3003207,-4.9496284
3003208,-4.9496284
3003209,-4.9496284
3003210,-4.9496284
3003211,-4.9496284
3003212,-4.9496284
3003213,-4.9496284
3003214,-4.9496284
3003215,-4.9496284
3003216,-4.9496284
3003217,-4.9496284
3003218,1655.7042
3003219,677.7639
3003220,839.98846
3003221,677.3936
3003222,839.98846
3003223,840.1772
3003224,736.8676
3003225,840.1772
3003226,380.7512
3003227,840.1772
3003228,840.1772
3003229,677.3936
3003230,711.22314
3003231,359.22833
3003232,711.22314
3003233,49.72241
3003234,-4.807104
3003235,-4.807104
3003236,-4.807104
3003237,-4.807104
3003238,-4.807104
3003239,-4.807104
3003240,-4.807104
3003241,-4.807104
3003242,-4.807104
3003243,-4.807104
3003244,-4.807104
3003245,-4.807104
3003246,-4.807104
3003247,-4.807104
3003248,-4.807104
3003249,-4.807104
3003250,1356.2744
3003251,65.82374
3003252,65.82374
3003253,65.82374
3003254,65.82374
3003255,65.82374
3003256,65.82374
3003257,292.583
3003258,-22.714682
3003259,-22.714682
3003260,-22.714682
3003261,-22.714682
3003262,-22.714682
3003263,-22.714682
3003264,292.583
3003265,-22.714682
3003266,299.48392
3003267,-4.212306
3003268,-4.212306
3003269,-4.212306
3003270,-4.212306
3003271,-4.212306
3003272,-4.212306
3003273,-4.807104
3003274,-4.807104
3003275,-4.807104
3003276,-4.807104
3003277,-4.807104
3003278,-4.807104
3003279,-4.807104
3003280,-4.807104
3003281,-4.807104
3003282,1298.1038
3003283,332.38937
3003284,840.4062
3003285,720.32275
3003286,380.7512
3003287,380.7512
3003288,351.96964
3003289,351.96964
3003290,368.32797
3003291,380.7512
3003292,368.32797
3003293,368.32797
3003294,351.96964
3003295,351.96964
3003296,351.96964
3003297,351.96964
3003298,-4.807104
3003299,-4.807104
3003300,-4.807104
3003301,-4.807104
3003302,-4.807104
3003303,-4.807104
3003304,-4.807104
3003305,-4.807104
3003306,-4.807104
3003307,-4.807104
3003308,-4.807104
3003309,-4.807104
3003310,-4.807104
3003311,-4.807104
3003312,-4.807104
3003313,-4.807104
3003314,-4.807104
3003315,-4.807104
3003316,858.8589
3003317,57.53374
3003318,57.53374
3003319,57.53374
3003320,57.53374
3003321,57.53374
3003322,57.53374
3003323,845.7474
3003324,65.45346
3003325,65.45346
3003326,65.45346
3003327,65.45346
3003328,65.45346
3003329,65.45346
3003330,1361.9923
3003331,1714.2288
3003332,1720.4901
3003333,1604.4694
3003334,1198.496
3003335,1707.9872
3003336,1838.6167
3003337,1707.863
3003338,975.63684
3003339,975.63684
3003340,1854.764
3003341,1848.2855
3003342,1342.5309
3003343,1723.7533
3003344,1315.8717
3003345,1858.1346
3003346,-4.468781
3003347,-4.468781
3003348,-4.468781
3003349,-4.468781
3003350,-4.468781
3003351,-4.468781
3003352,-4.468781
3003353,-4.468781
3003354,-4.468781
3003355,-4.468781
3003356,-4.468781
3003357,-4.468781
3003358,-4.468781
3003359,-4.468781
3003360,-4.468781
3003361,-4.468781
3003362,-4.468781
3003363,-4.468781
3003364,-4.468781
3003365,-4.468781
3003366,-4.468781
3003367,-4.468781
3003368,-4.468781
3003369,-4.468781
3003370,-4.468781
3003371,-4.468781
3003372,-4.468781
3003373,-4.468781
3003374,-4.468781
3003375,-4.468781
3003376,-4.468781
3003377,-4.468781
3003378,-4.468781
3003379,-4.468781
3003380,943.7356
3003381,65.79179
3003382,65.79179
3003383,65.79179
3003384,241.81123
3003385,65.79179
3003386,65.79179
3003387,950.4279
3003388,65.79179
3003389,65.79179
3003390,65.79179
3003391,65.79179
3003392,65.79179
3003393,65.79179
3003394,-4.468781
3003395,-4.468781
3003396,-4.468781
3003397,-4.468781
3003398,-4.468781
3003399,-4.468781
3003400,-4.468781
3003401,-4.468781
3003402,-4.468781
3003403,-4.468781
3003404,-4.468781
3003405,-4.468781
3003406,-4.468781
3003407,-4.468781
3003408,-4.468781
3003409,-4.468781
3003410,2357.9075
3003411,521.37366
3003412,521.37366
3003413,508.64865
3003414,857.9634
3003415,504.36325
3003416,521.37366
3003417,2306.1438
3003418,334.31754
3003419,334.31754
3003420,334.31754
3003421,334.31754
3003422,334.31754
3003423,334.31754
3003424,2306.1438
3003425,322.01483
3003426,1650.6238
3003427,32.337494
3003428,32.337494
3003429,32.337494
3003430,32.337494
3003431,32.337494
3003432,32.337494
3003433,-20.486937
3003434,-20.486937
3003435,-20.486937
3003436,-20.486937
3003437,-20.486937
3003438,-20.486937
3003439,-20.486937
3003440,-20.486937
3003441,-20.486937
3003442,-2.6311686
3003443,-2.6311686
3003444,663.1709
3003445,-2.0363684
3003446,-2.0363684
3003447,-2.0363684
3003448,-2.0363684
3003449,-2.0363684
3003450,173.9831
3003451,609.15985
3003452,-19.892138
3003453,156.12733
3003454,155.48073
3003455,155.48073
3003456,207.71034
3003457,207.71034
3003458,-4.7196836
3003459,-4.7196836
3003460,-4.7196836
3003461,-4.7196836
3003462,-4.7196836
3003463,-4.7196836
3003464,-4.7196836
3003465,-4.7196836
3003466,-4.7196836
3003467,-4.7196836
3003468,-4.7196836
3003469,-4.7196836
3003470,-4.7196836
3003471,-4.7196836
3003472,-4.7196836
3003473,-4.7196836
3003474,-4.7196836
3003475,-4.7196836
3003476,-4.7196836
3003477,-4.7196836
3003478,-4.7196836
3003479,-4.7196836
3003480,-4.7196836
3003481,-4.7196836
3003482,-4.7196836
3003483,-4.7196836
3003484,-4.7196836
3003485,-4.7196836
3003486,-4.7196836
3003487,-4.7196836
3003488,-4.7196836
3003489,-4.7196836
3003490,656.507
3003491,272.29166
3003492,272.29166
3003493,272.29166
3003494,272.29166
3003495,272.29166
3003496,271.09033
3003497,271.09033
3003498,271.09033
3003499,271.09033
3003500,271.09033
3003501,270.44373
3003502,270.44373
3003503,270.44373
3003504,-5.972842
3003505,270.44373
3003506,1908.4388
3003507,2121.2205
3003508,2158.0168
3003509,2187.7498
3003510,2332.3672
3003511,2298.8389
3003512,2321.6558
3003513,2165.1025
3003514,2059.476
3003515,2064.4675
3003516,2008.1873
3003517,2031.9796
3003518,2008.1873
3003519,2033.6644
3003520,2051.5798
3003521,2051.5798
3003522,-4.7027893
3003523,-4.7027893
3003524,-4.7027893
3003525,-4.7027893
3003526,-4.7027893
3003527,-4.7027893
3003528,-4.7027893
3003529,-4.7027893
3003530,-4.7027893
3003531,-4.7027893
3003532,-4.7027893
3003533,-4.7027893
3003534,-4.7027893
3003535,-4.7027893
3003536,-4.7027893
3003537,-4.7027893
3003538,2147.8706
3003539,2217.7727
3003540,2217.5437
3003541,1738.7603
3003542,1755.3052
3003543,1122.0812
3003544,2234.0886
3003545,1777.7034
3003546,2350.9248
3003547,2351.0896
3003548,2412.887
3003549,2412.887
3003550,2382.4607
3003551,2430.0876
3003552,2382.4895
3003553,2429.7668
3003554,-4.7027893
3003555,-4.7027893
3003556,-4.7027893
3003557,-4.7027893
3003558,-4.7027893
3003559,-4.7027893
3003560,-4.7027893
3003561,-4.7027893
3003562,-4.7027893
3003563,-4.7027893
3003564,-4.7027893
3003565,-4.7027893
3003566,-4.7027893
3003567,-4.7027893
3003568,-4.7027893
3003569,-4.7027893
3003570,1456.5867
3003571,2190.937
3003572,2137.0488
3003573,2201.2202
3003574,2324.3552
3003575,2378.0789
3003576,1897.611
3003577,1916.8916
3003578,2338.6533
3003579,2386.2803
3003580,1948.4275
3003581,1942.7983
3003582,2390.1921
3003583,2403.1602
3003584,2359.4402
3003585,1946.5404
3003586,1169.771
3003587,1567.5084
3003588,1498.6986
3003589,1552.3457
3003590,1552.6857
3003591,1716.7906
3003592,1716.7906
3003593,1552.3325
3003594,2200.0186
3003595,2165.3596
3003596,2165.5244
3003597,1752.6249
3003598,1749.9825
3003599,1755.833
3003600,1768.9546
3003601,1755.833
3003602,1656.503
3003603,1453.386
3003604,1389.1808
3003605,1638.5916
3003606,1621.1266
3003607,1638.0278
3003608,2079.1191
3003609,2078.902
3003610,2078.902
3003611,1357.1821
3003612,2090.4285
3003613,2090.4285
3003614,1648.7341
3003615,2089.967
3003616,2089.967
3003617,2089.967
3003618,272.30856
3003619,-4.1079917
3003620,1074.9631
3003621,82.212204
3003622,82.212204
3003623,82.212204
3003624,82.212204
3003625,82.212204
3003626,82.212204
3003627,1076.2122
3003628,74.29247
3003629,74.29247
3003630,74.29247
3003631,74.29247
3003632,74.29247
3003633,74.29247
3003634,272.30856
3003635,-4.1079917
3003636,-4.1079917
3003637,-4.1079917
3003638,-4.1079917
3003639,-4.1079917
3003640,-4.1079917
3003641,-4.7027893
3003642,-4.7027893
3003643,-4.7027893
3003644,-4.7027893
3003645,-4.7027893
3003646,-4.7027893
3003647,-4.7027893
3003648,272.30856
3003649,272.30856
3003650,2085.998
3003651,2179.5083
3003652,2173.6672
3003653,2116.8413
3003654,2146.0605
3003655,2145.3154
3003656,2215.191
3003657,2168.9705
3003658,2128.4353
3003659,2174.3474
3003660,2333.5833
3003661,2395.394
3003662,2294.6604
3003663,2187.5183
3003664,3619.1587
3003665,3372.0923
3003666,-4.9496284
3003667,-4.9496284
3003668,-4.9496284
3003669,-4.9496284
3003670,-4.9496284
3003671,-4.9496284
3003672,-4.9496284
3003673,-4.9496284
3003674,-4.9496284
3003675,-4.9496284
3003676,-4.9496284
3003677,-4.9496284
3003678,-4.9496284
3003679,-4.9496284
3003680,-4.9496284
3003681,-4.9496284
3003682,-4.9496284
3003683,-4.9496284
3003684,-4.9496284
3003685,-4.9496284
3003686,-4.9496284
3003687,-4.9496284
3003688,-4.9496284
3003689,-4.9496284
3003690,-4.9496284
3003691,-4.9496284
3003692,-4.9496284
3003693,-4.9496284
3003694,-4.9496284
3003695,-4.9496284
3003696,-4.9496284
3003697,-4.9496284
3003698,311.76462
3003699,172.03465
3003700,172.03465
3003701,172.03465
3003702,172.03465
3003703,154.1789
3003704,154.1789
3003705,264.30548
3003706,263.65887
3003707,-22.857206
3003708,153.53229
3003709,263.65887
3003710,153.53229
3003711,-22.857206
3003712,153.53229
3003713,-22.857206
3003714,686.6697
3003715,282.983
3003716,345.31665
3003717,316.53513
3003718,315.88852
3003719,352.19742
3003720,352.19742
3003721,352.19742
3003722,352.19742
3003723,315.65952
3003724,315.65952
3003725,315.65952
3003726,380.74997
3003727,205.53291
3003728,380.74997
3003729,380.74997
3003730,-4.9496284
3003731,-4.9496284
3003732,-4.9496284
3003733,-4.9496284
3003734,-4.9496284
3003735,-4.9496284
3003736,-4.9496284
3003737,-4.9496284
3003738,-4.9496284
3003739,-4.9496284
3003740,-4.9496284
3003741,-4.9496284
3003742,-4.9496284
3003743,-4.9496284
3003744,-4.9496284
3003745,-4.9496284
3003746,1923.2881
3003747,677.7639
3003748,840.4062
3003749,839.98846
3003750,840.1772
3003751,839.98846
3003752,693.9385
3003753,720.32275
3003754,840.1772
3003755,839.98846
3003756,840.1772
3003757,838.92694
3003758,342.12946
3003759,341.92642
3003760,341.92642
3003761,341.92642
3003762,-4.807104
3003763,-4.807104
3003764,-4.807104
3003765,-4.807104
3003766,-4.807104
3003767,-4.807104
3003768,-4.807104
3003769,-4.807104
3003770,-4.807104
3003771,-4.807104
3003772,-4.807104
3003773,-4.807104
3003774,-4.807104
3003775,-4.807104
3003776,-4.807104
3003777,-4.807104
3003778,1356.2744
3003779,65.82374
3003780,65.82374
3003781,65.82374
3003782,65.82374
3003783,65.82374
3003784,65.82374
3003785,751.8677
3003786,-22.714682
3003787,-22.714682
3003788,-22.714682
3003789,-22.714682
3003790,-22.714682
3003791,-22.714682
3003792,631.9256
3003793,-22.943693
3003794,686.8122
3003795,720.36426
3003796,332.38937
3003797,368.69827
3003798,368.55698
3003799,368.32797
3003800,380.7512
3003801,720.32275
3003802,720.32275
3003803,241.84297
3003804,720.32275
3003805,720.32275
3003806,368.32797
3003807,368.32797
3003808,380.7512
3003809,241.84297
3003810,1923.2881
3003811,344.8126
3003812,677.6226
3003813,677.3936
3003814,720.32275
3003815,241.84297
3003816,351.96964
3003817,380.7512
3003818,351.96964
3003819,368.32797
3003820,368.32797
3003821,368.32797
3003822,380.7512
3003823,241.84297
3003824,380.7512
3003825,380.7512
3003826,-4.807104
3003827,-4.807104
3003828,-4.807104
3003829,-4.807104
3003830,-4.807104
3003831,-4.807104
3003832,-4.807104
3003833,-4.807104
3003834,-4.807104
3003835,-4.807104
3003836,-4.807104
3003837,-4.807104
3003838,-4.807104
3003839,-4.807104
3003840,-4.807104
3003841,-4.807104
3003842,-4.807104
3003843,-4.807104
3003844,1114.1232
3003845,57.53374
3003846,57.53374
3003847,57.53374
3003848,57.53374
3003849,57.53374
3003850,233.9233
3003851,1113.999
3003852,49.72241
3003853,49.72241
3003854,49.72241
3003855,49.72241
3003856,353.98242
3003857,66.2673
3003858,1361.9923
3003859,1536.6877
3003860,1720.4901
3003861,1604.4694
3003862,1730.7737
3003863,1707.9872
3003864,1838.6167
3003865,1301.8894
3003866,975.63684
3003867,974.6995
3003868,1722.1985
3003869,1319.9601
3003870,1854.5469
3003871,1315.8717
3003872,1847.9647
3003873,1725.4026
3003874,-4.468781
3003875,-4.468781
3003876,-4.468781
3003877,-4.468781
3003878,-4.468781
3003879,-4.468781
3003880,-4.468781
3003881,-4.468781
3003882,-4.468781
3003883,-4.468781
3003884,-4.468781
3003885,-4.468781
3003886,-4.468781
3003887,-4.468781
3003888,-4.468781
3003889,-4.468781
3003890,-4.468781
3003891,-4.468781
3003892,-4.468781
3003893,-4.468781
3003894,-4.468781
3003895,-4.468781
3003896,-4.468781
3003897,-4.468781
3003898,-4.468781
3003899,-4.468781
3003900,-4.468781
3003901,-4.468781
3003902,-4.468781
3003903,-4.468781
3003904,-4.468781
3003905,-4.468781
3003906,-4.468781
3003907,-4.468781
3003908,869.44055
3003909,57.872066
3003910,57.872066
3003911,57.872066
3003912,57.872066
3003913,57.872066
3003914,57.872066
3003915,869.44055
3003916,57.872066
3003917,57.872066
3003918,57.872066
3003919,57.872066
3003920,57.872066
3003921,57.872066
3003922,-4.468781
3003923,-4.468781
3003924,-4.468781
3003925,-4.468781
3003926,-4.468781
3003927,-4.468781
3003928,-4.468781
3003929,-4.468781
3003930,-4.468781
3003931,-4.468781
3003932,-4.468781
3003933,-4.468781
3003934,-4.468781
3003935,-4.468781
3003936,-4.468781
3003937,-4.468781
3003938,2357.9075
3003939,521.37366
3003940,521.37366
3003941,508.64865
3003942,857.9634
3003943,504.36325
3003944,504.36325
3003945,2358.2935
3003946,337.95956
3003947,126.88729
3003948,450.84143
3003949,450.84143
3003950,337.95956
3003951,337.95956
3003952,2358.2935
3003953,400.645
3003954,1480.832
3003955,31.690884
3003956,31.690884
3003957,31.690884
3003958,31.690884
3003959,31.690884
3003960,31.690884
3003961,-21.133543
3003962,-21.133543
3003963,-21.133543
3003964,-21.133543
3003965,-21.133543
3003966,-21.133543
3003967,-21.133543
3003968,-21.133543
3003969,-21.133543
3003970,-2.6311686
3003971,-2.6311686
3003972,805.65106
3003973,-2.0363684
3003974,-2.0363684
3003975,-2.0363684
3003976,-2.0363684
3003977,156.12733
3003978,156.12733
3003979,588.35114
3003980,155.48073
3003981,207.71034
3003982,207.71034
3003983,207.71034
3003984,207.71034
3003985,207.71034
3003986,-4.7196836
3003987,-4.7196836
3003988,-4.7196836
3003989,-4.7196836
3003990,-4.7196836
3003991,-4.7196836
3003992,-4.7196836
3003993,-4.7196836
3003994,-4.7196836
3003995,-4.7196836
3003996,-4.7196836
3003997,-4.7196836
3003998,-4.7196836
3003999,-4.7196836
3004000,-4.7196836
3004001,-4.7196836
3004002,-4.7196836
3004003,-4.7196836
3004004,-4.7196836
3004005,-4.7196836
3004006,-4.7196836
3004007,-4.7196836
3004008,-4.7196836
3004009,-4.7196836
3004010,-4.7196836
3004011,-4.7196836
3004012,-4.7196836
3004013,-4.7196836
3004014,-4.7196836
3004015,-4.7196836
3004016,-4.7196836
3004017,-4.7196836
3004018,656.507
3004019,-4.1248865
3004020,656.507
3004021,272.29166
3004022,656.507
3004023,654.4839
3004024,706.71356
3004025,706.06696
3004026,322.67316
3004027,322.67316
3004028,322.67316
3004029,322.67316
3004030,-5.972842
3004031,-5.972842
3004032,-5.972842
3004033,270.44373
3004034,1911.0629
3004035,358.61172
3004036,2141.4717
3004037,2137.7656
3004038,2313.8477
3004039,2322.586
3004040,2289.9885
3004041,2162.754
3004042,2059.612
3004043,2066.0605
3004044,2033.471
3004045,2033.6644
3004046,2033.6644
3004047,2033.6644
3004048,2033.6644
3004049,2027.9255
3004050,-4.7027893
3004051,-4.7027893
3004052,-4.7027893
3004053,-4.7027893
3004054,-4.7027893
3004055,-4.7027893
3004056,-4.7027893
3004057,-4.7027893
3004058,-4.7027893
3004059,-4.7027893
3004060,-4.7027893
3004061,-4.7027893
3004062,-4.7027893
3004063,-4.7027893
3004064,-4.7027893
3004065,-4.7027893
3004066,2147.8706
3004067,46.920307
3004068,2217.7727
3004069,2217.5437
3004070,1268.131
3004071,2227.827
3004072,2234.0886
3004073,2227.827
3004074,1284.8646
3004075,1755.4326
3004076,1755.4326
3004077,2248.5515
3004078,2248.5515
3004079,2248.5515
3004080,2248.3345
3004081,2248.3345
3004082,-4.7027893
3004083,-4.7027893
3004084,-4.7027893
3004085,-4.7027893
3004086,-4.7027893
3004087,-4.7027893
3004088,-4.7027893
3004089,-4.7027893
3004090,-4.7027893
3004091,-4.7027893
3004092,-4.7027893
3004093,-4.7027893
3004094,-4.7027893
3004095,-4.7027893
3004096,-4.7027893
3004097,-4.7027893
3004098,1456.5867
3004099,82.441216
3004100,1712.1538
3004101,2190.937
3004102,1241.7133
3004103,1258.0695
3004104,1258.0695
3004105,1258.0695
3004106,1258.2582
3004107,2207.6094
3004108,1728.8262
3004109,1755.1372
3004110,1743.1616
3004111,2338.601
3004112,2392.3247
3004113,2392.3247
3004114,1199.7682
3004115,74.29247
3004116,1328.1019
3004117,1738.2325
3004118,1535.709
3004119,1552.6857
3004120,1552.4685
3004121,1552.3325
3004122,2209.2441
3004123,2165.3596
3004124,2165.5244
3004125,1758.4753
3004126,2165.4478
3004127,1755.833
3004128,1735.85
3004129,1735.85
3004130,1656.503
3004131,82.58248
3004132,1261.5165
3004133,2081.4946
3004134,2079.683
3004135,1150.4974
3004136,2079.1191
3004137,2076.5527
3004138,2079.1191
3004139,1345.7208
3004140,2079.757
3004141,2079.757
3004142,2090.4285
3004143,2090.4285
3004144,2090.4285
3004145,2089.967
3004146,272.30856
3004147,-4.1079917
3004148,1173.7628
3004149,82.212204
3004150,82.212204
3004151,82.212204
3004152,82.212204
3004153,82.212204
3004154,82.212204
3004155,1180.4552
3004156,82.212204
3004157,82.212204
3004158,82.212204
3004159,82.212204
3004160,82.212204
3004161,82.212204
3004162,272.30856
3004163,-4.1079917
3004164,272.30856
3004165,-4.1079917
3004166,-4.1079917
3004167,-4.1079917
3004168,-4.1079917
3004169,-4.1079917
3004170,-4.1079917
3004171,-4.7027893
3004172,-4.7027893
3004173,-4.7027893
3004174,-4.7027893
3004175,272.30856
3004176,272.30856
3004177,272.30856
3004178,2119.712
3004179,96.650444
3004180,2179.5083
3004181,2159.7778
3004182,2163.398
3004183,2132.3376
3004184,2236.883
3004185,2120.5068
3004186,2174.2349
3004187,2297.6025
3004188,2295.6204
3004189,2296.7666
3004190,2273.9888
3004191,2263.443
3004192,3519.0693
3004193,2413.601
3004194,-4.9496284
3004195,-4.9496284
3004196,-4.9496284
3004197,-4.9496284
3004198,-4.9496284
3004199,-4.9496284
3004200,-4.9496284
3004201,-4.9496284
3004202,-4.9496284
3004203,-4.9496284
3004204,-4.9496284
3004205,-4.9496284
3004206,-4.9496284
3004207,-4.9496284
3004208,-4.9496284
3004209,-4.9496284
3004210,-4.9496284
3004211,-4.9496284
3004212,-4.9496284
3004213,-4.9496284
3004214,-4.9496284
3004215,-4.9496284
3004216,-4.9496284
3004217,-4.9496284
3004218,-4.9496284
3004219,-4.9496284
3004220,-4.9496284
3004221,-4.9496284
3004222,-4.9496284
3004223,-4.9496284
3004224,-4.9496284
3004225,-4.9496284
3004226,282.983
3004227,-4.354831
3004228,282.983
3004229,172.03465
3004230,172.03465
3004231,172.03465
3004232,154.1789
3004233,154.1789
3004234,154.1789
3004235,154.1789
3004236,154.1789
3004237,153.53229
3004238,153.53229
3004239,153.53229
3004240,263.65887
3004241,153.53229
3004242,643.74054
3004243,-4.354831
3004244,264.30548
3004245,345.31665
3004246,344.67004
3004247,368.55576
3004248,380.83768
3004249,380.74997
3004250,351.82712
3004251,351.82712
3004252,380.60867
3004253,380.60867
3004254,351.9684
3004255,380.74997
3004256,351.9684
3004257,380.74997
3004258,-4.9496284
3004259,-4.9496284
3004260,-4.9496284
3004261,-4.9496284
3004262,-4.9496284
3004263,-4.9496284
3004264,-4.9496284
3004265,-4.9496284
3004266,-4.9496284
3004267,-4.9496284
3004268,-4.9496284
3004269,-4.9496284
3004270,-4.9496284
3004271,-4.9496284
3004272,-4.9496284
3004273,-4.9496284
3004274,1649.4429
3004275,30.161568
3004276,840.21747
3004277,720.32275
3004278,677.3936
3004279,839.98846
3004280,720.32275
3004281,677.3936
3004282,840.1772
3004283,840.1772
3004284,677.3936
3004285,840.1772
3004286,380.7512
3004287,360.47855
3004288,711.22314
3004289,54.211277
3004290,-4.807104
3004291,-4.807104
3004292,-4.807104
3004293,-4.807104
3004294,-4.807104
3004295,-4.807104
3004296,-4.807104
3004297,-4.807104
3004298,-4.807104
3004299,-4.807104
3004300,-4.807104
3004301,-4.807104
3004302,-4.807104
3004303,-4.807104
3004304,-4.807104
3004305,-4.807104
3004306,1356.2744
3004307,65.82374
3004308,65.82374
3004309,65.82374
3004310,65.82374
3004311,65.82374
3004312,65.82374
3004313,1222.0789
3004314,-22.943693
3004315,-22.943693
3004316,-22.943693
3004317,-22.943693
3004318,-22.943693
3004319,-22.943693
3004320,1499.0042
3004321,29.28595
3004322,686.8122
3004323,-4.212306
3004324,-4.212306
3004325,172.17719
3004326,293.2296
3004327,-22.068071
3004328,206.55107
3004329,264.4481
3004330,153.67482
3004331,153.67482
3004332,-22.714682
3004333,153.67482
3004334,-22.714682
3004335,263.80148
3004336,153.67482
3004337,-22.714682
3004338,1923.2881
3004339,30.161568
3004340,840.21747
3004341,1310.6173
3004342,720.32275
3004343,720.32275
3004344,380.7512
3004345,720.32275
3004346,677.3936
3004347,368.32797
3004348,368.32797
3004349,720.32275
3004350,351.96964
3004351,241.84297
3004352,351.96964
3004353,351.96964
3004354,-4.807104
3004355,-4.807104
3004356,-4.807104
3004357,-4.807104
3004358,-4.807104
3004359,-4.807104
3004360,-4.807104
3004361,-4.807104
3004362,-4.807104
3004363,-4.807104
3004364,-4.807104
3004365,-4.807104
3004366,-4.807104
3004367,-4.807104
3004368,-4.807104
3004369,-4.807104
3004370,-4.807104
3004371,-4.807104
3004372,869.4722
3004373,57.53374
3004374,57.53374
3004375,57.53374
3004376,57.53374
3004377,57.53374
3004378,57.53374
3004379,1210.6508
3004380,70.75617
3004381,70.75617
3004382,70.75617
3004383,70.75617
3004384,70.75617
3004385,70.75617
3004386,1361.9923
3004387,67.56829
3004388,1720.4901
3004389,841.363
3004390,1720.4901
3004391,1737.035
3004392,1650.8761
3004393,1604.3452
3004394,1431.9302
3004395,1431.9302
3004396,1854.764
3004397,1724.1064
3004398,1723.8893
3004399,1854.5469
3004400,1854.4109
3004401,1854.4109
3004402,-4.468781
3004403,-4.468781
3004404,-4.468781
3004405,-4.468781
3004406,-4.468781
3004407,-4.468781
3004408,-4.468781
3004409,-4.468781
3004410,-4.468781
3004411,-4.468781
3004412,-4.468781
3004413,-4.468781
3004414,-4.468781
3004415,-4.468781
3004416,-4.468781
3004417,-4.468781
3004418,-4.468781
3004419,-4.468781
3004420,172.14546
3004421,172.14546
3004422,-3.8739827
3004423,-3.8739827
3004424,-3.8739827
3004425,-3.8739827
3004426,-3.8739827
3004427,172.14546
3004428,-3.8739827
3004429,-3.8739827
3004430,172.14546
3004431,-3.8739827
3004432,-3.8739827
3004433,-3.8739827
3004434,-4.468781
3004435,-4.468781
3004436,910.11536
3004437,57.872066
3004438,57.872066
3004439,57.872066
3004440,57.872066
3004441,57.872066
3004442,57.872066
3004443,909.99115
3004444,54.75265
3004445,54.75265
3004446,54.75265
3004447,54.75265
3004448,54.75265
3004449,54.75265
3004450,-4.468781
3004451,-4.468781
3004452,-4.468781
3004453,-4.468781
3004454,-4.468781
3004455,-4.468781
3004456,-4.468781
3004457,-4.468781
3004458,-4.468781
3004459,-4.468781
3004460,-4.468781
3004461,-4.468781
3004462,-4.468781
3004463,-4.468781
3004464,-4.468781
3004465,-4.468781
3004466,2357.9075
3004467,134.01123
3004468,504.36325
3004469,521.37366
3004470,521.37366
3004471,504.36325
3004472,504.36325
3004473,2360.1777
3004474,456.2958
3004475,337.95956
3004476,126.88729
3004477,337.95956
3004478,337.95956
3004479,337.95956
3004480,2356.6548
3004481,397.12195
3004482,1480.832
3004483,31.690884
3004484,31.690884
3004485,31.690884
3004486,31.690884
3004487,31.690884
3004488,31.690884
3004489,-21.133543
3004490,-21.133543
3004491,-21.133543
3004492,-21.133543
3004493,-21.133543
3004494,-21.133543
3004495,-21.133543
3004496,-21.133543
3004497,-21.133543
3004498,-2.6311686
3004499,-2.6311686
3004500,663.1709
3004501,-2.0363684
3004502,-2.0363684
3004503,-2.0363684
3004504,-2.0363684
3004505,173.9831
3004506,173.9831
3004507,609.15985
3004508,155.48073
3004509,155.48073
3004510,207.71034
3004511,207.71034
3004512,207.71034
3004513,207.71034
3004514,-4.7196836
3004515,-4.7196836
3004516,-4.7196836
3004517,-4.7196836
3004518,-4.7196836
3004519,-4.7196836
3004520,-4.7196836
3004521,-4.7196836
3004522,-4.7196836
3004523,-4.7196836
3004524,-4.7196836
3004525,-4.7196836
3004526,-4.7196836
3004527,-4.7196836
3004528,-4.7196836
3004529,-4.7196836
3004530,-4.7196836
3004531,-4.7196836
3004532,-4.7196836
3004533,-4.7196836
3004534,-4.7196836
3004535,-4.7196836
3004536,-4.7196836
3004537,-4.7196836
3004538,-4.7196836
3004539,-4.7196836
3004540,-4.7196836
3004541,-4.7196836
3004542,-4.7196836
3004543,-4.7196836
3004544,-4.7196836
3004545,-4.7196836
3004546,656.507
3004547,-4.1248865
3004548,272.29166
3004549,272.29166
3004550,656.507
3004551,654.4839
3004552,706.71356
3004553,706.71356
3004554,322.67316
3004555,322.67316
3004556,322.67316
3004557,322.67316
3004558,270.44373
3004559,-5.972842
3004560,270.44373
3004561,270.44373
3004562,1928.6843
3004563,358.61172
3004564,2121.2205
3004565,2158.0168
3004566,2328.6138
3004567,2326.9294
3004568,2304.324
3004569,2162.754
3004570,2165.1025
3004571,2062.3027
3004572,2029.9075
3004573,2008.1873
3004574,2033.6644
3004575,180.6055
3004576,2008.1873
3004577,2032.816
3004578,-4.7027893
3004579,-4.7027893
3004580,-4.7027893
3004581,-4.7027893
3004582,-4.7027893
3004583,-4.7027893
3004584,-4.7027893
3004585,-4.7027893
3004586,-4.7027893
3004587,-4.7027893
3004588,-4.7027893
3004589,-4.7027893
3004590,-4.7027893
3004591,-4.7027893
3004592,-4.7027893
3004593,-4.7027893
3004594,2147.8706
3004595,46.920307
3004596,2211.282
3004597,2217.5437
3004598,2211.282
3004599,2227.827
3004600,2234.0886
3004601,1948.4275
3004602,1257.0913
3004603,2398.5515
3004604,2365.2603
3004605,2365.2603
3004606,2365.0432
3004607,141.89476
3004608,2248.3345
3004609,2292.6975
3004610,-4.7027893
3004611,-4.7027893
3004612,-4.7027893
3004613,-4.7027893
3004614,-4.7027893
3004615,-4.7027893
3004616,-4.7027893
3004617,-4.7027893
3004618,-4.7027893
3004619,-4.7027893
3004620,-4.7027893
3004621,-4.7027893
3004622,-4.7027893
3004623,-4.7027893
3004624,-4.7027893
3004625,-4.7027893
3004626,1456.5867
3004627,82.441216
3004628,2190.937
3004629,2190.937
3004630,2201.2202
3004631,2207.482
3004632,1899.2954
3004633,2153.721
3004634,1265.0728
3004635,2324.4827
3004636,1913.7583
3004637,1925.7339
3004638,2386.0632
3004639,97.39595
3004640,1754.92
3004641,1442.7758
3004642,1195.248
3004643,74.29247
3004644,1328.1019
3004645,1498.6986
3004646,1535.709
3004647,1717.0078
3004648,1552.4685
3004649,1552.2571
3004650,1284.7396
3004651,2161.6174
3004652,2165.3596
3004653,2162.9587
3004654,1750.0591
3004655,265.83667
3004656,1751.537
3004657,1753.315
3004658,1656.503
3004659,82.58248
3004660,1298.3333
3004661,2079.683
3004662,2079.683
3004663,2062.2173
3004664,1638.0278
3004665,2076.5527
3004666,2078.902
3004667,1357.1821
3004668,2082.3235
3004669,2090.4285
3004670,2090.4285
3004671,248.87392
3004672,2089.967
3004673,2089.967
3004674,272.30856
3004675,-4.1079917
3004676,1180.4552
3004677,82.212204
3004678,82.212204
3004679,82.212204
3004680,82.212204
3004681,82.212204
3004682,82.212204
3004683,1074.9631
3004684,82.212204
3004685,82.212204
3004686,82.212204
3004687,82.212204
3004688,82.212204
3004689,82.212204
3004690,272.30856
3004691,-4.1079917
3004692,-4.1079917
3004693,-4.1079917
3004694,-4.1079917
3004695,-4.1079917
3004696,-4.1079917
3004697,-4.7027893
3004698,-4.7027893
3004699,-4.7027893
3004700,-4.7027893
3004701,-4.7027893
3004702,-4.7027893
3004703,-4.7027893
3004704,-4.7027893
3004705,272.30856
3004706,2085.998
3004707,96.650444
3004708,2189.5605
3004709,2172.7817
3004710,2142.3184
3004711,2146.0605
3004712,2147.1648
3004713,2176.3296
3004714,2217.496
3004715,2297.9004
3004716,2278.2385
3004717,2260.9473
3004718,2260.9473
3004719,239.52255
3004720,3585.4524
3004721,3541.612
3004722,-4.9496284
3004723,-4.9496284
3004724,-4.9496284
3004725,-4.9496284
3004726,-4.9496284
3004727,-4.9496284
3004728,-4.9496284
3004729,-4.9496284
3004730,-4.9496284
3004731,-4.9496284
3004732,-4.9496284
3004733,-4.9496284
3004734,-4.9496284
3004735,-4.9496284
3004736,-4.9496284
3004737,-4.9496284
3004738,-4.9496284
3004739,-4.9496284
3004740,-4.9496284
3004741,-4.9496284
3004742,-4.9496284
3004743,-4.9496284
3004744,-4.9496284
3004745,-4.9496284
3004746,-4.9496284
3004747,-4.9496284
3004748,-4.9496284
3004749,-4.9496284
3004750,-4.9496284
3004751,-4.9496284
3004752,-4.9496284
3004753,-4.9496284
3004754,282.983
3004755,-4.354831
3004756,-4.354831
3004757,172.03465
3004758,-4.354831
3004759,282.983
3004760,172.03465
3004761,172.03465
3004762,264.30548
3004763,154.1789
3004764,264.30548
3004765,205.76193
3004766,153.53229
3004767,-22.857206
3004768,153.53229
3004769,153.53229
3004770,686.6697
3004771,-4.354831
3004772,172.03465
3004773,293.0871
3004774,345.31665
3004775,315.88852
3004776,352.19742
3004777,315.88852
3004778,380.97897
3004779,242.07072
3004780,351.9684
3004781,315.65952
3004782,380.74997
3004783,29.143425
3004784,205.53291
3004785,344.44104
3004786,-4.9496284
3004787,-4.9496284
3004788,-4.9496284
3004789,-4.9496284
3004790,-4.9496284
3004791,-4.9496284
3004792,-4.9496284
3004793,-4.9496284
3004794,-4.9496284
3004795,-4.9496284
3004796,-4.9496284
3004797,-4.9496284
3004798,-4.9496284
3004799,-4.9496284
3004800,-4.9496284
3004801,-4.9496284
3004802,1649.4429
3004803,30.161568
3004804,840.4062
3004805,839.98846
3004806,677.3936
3004807,840.1772
3004808,840.1772
3004809,720.32275
3004810,720.32275
3004811,840.1772
3004812,840.1772
3004813,1310.6173
3004814,360.47855
3004815,55.319035
3004816,676.1434
3004817,229.19028
3004818,-4.807104
3004819,-4.807104
3004820,-4.807104
3004821,-4.807104
3004822,-4.807104
3004823,-4.807104
3004824,-4.807104
3004825,-4.807104
3004826,-4.807104
3004827,-4.807104
3004828,-4.807104
3004829,-4.807104
3004830,-4.807104
3004831,-4.807104
3004832,-4.807104
3004833,-4.807104
3004834,1356.2744
3004835,65.82374
3004836,65.82374
3004837,65.82374
3004838,65.82374
3004839,65.82374
3004840,65.82374
3004841,751.44995
3004842,-22.943693
3004843,-22.943693
3004844,-22.943693
3004845,-22.943693
3004846,-22.943693
3004847,-22.943693
3004848,751.6387
3004849,-22.943693
3004850,686.8122
3004851,-4.212306
3004852,172.17719
3004853,172.17719
3004854,264.4481
3004855,316.67764
3004856,344.8126
3004857,316.03104
3004858,316.03104
3004859,29.514961
3004860,316.03104
3004861,316.03104
3004862,205.90446
3004863,-22.714682
3004864,153.4458
3004865,153.4458
3004866,1655.7042
3004867,30.161568
3004868,368.69827
3004869,840.21747
3004870,720.32275
3004871,368.32797
3004872,720.32275
3004873,720.32275
3004874,677.3936
3004875,677.3936
3004876,368.32797
3004877,368.32797
3004878,351.96964
3004879,65.45346
3004880,368.32797
3004881,351.96964
3004882,-4.807104
3004883,-4.807104
3004884,-4.807104
3004885,-4.807104
3004886,-4.807104
3004887,-4.807104
3004888,-4.807104
3004889,-4.807104
3004890,-4.807104
3004891,-4.807104
3004892,-4.807104
3004893,-4.807104
3004894,-4.807104
3004895,-4.807104
3004896,-4.807104
3004897,-4.807104
3004898,-4.807104
3004899,-4.807104
3004900,1134.7871
3004901,74.078636
3004902,74.078636
3004903,74.078636
3004904,74.078636
3004905,74.078636
3004906,74.078636
3004907,1210.6508
3004908,66.2673
3004909,66.2673
3004910,66.2673
3004911,66.2673
3004912,66.2673
3004913,66.2673
3004914,1361.9923
3004915,67.56829
3004916,1714.2288
3004917,1536.6877
3004918,1730.7737
3004919,1737.035
3004920,1834.2914
3004921,1709.771
3004922,961.3014
3004923,1840.4286
3004924,1724.1064
3004925,1316.0077
3004926,1446.0485
3004927,82.13012
3004928,1744.7678
3004929,1342.3949
3004930,-4.468781
3004931,-4.468781
3004932,-4.468781
3004933,-4.468781
3004934,-4.468781
3004935,-4.468781
3004936,-4.468781
3004937,-4.468781
3004938,-4.468781
3004939,-4.468781
3004940,-4.468781
3004941,-4.468781
3004942,-4.468781
3004943,-4.468781
3004944,-4.468781
3004945,-4.468781
3004946,-4.468781
3004947,-4.468781
3004948,-4.468781
3004949,-4.468781
3004950,-4.468781
3004951,-4.468781
3004952,172.14546
3004953,-3.8739827
3004954,-3.8739827
3004955,-3.8739827
3004956,-3.8739827
3004957,-3.8739827
3004958,-3.8739827
3004959,-4.468781
3004960,-4.468781
3004961,-4.468781
3004962,-4.468781
3004963,-4.468781
3004964,893.6866
3004965,57.872066
3004966,57.872066
3004967,57.872066
3004968,57.872066
3004969,57.872066
3004970,57.872066
3004971,869.44055
3004972,55.65736
3004973,55.65736
3004974,55.65736
3004975,55.65736
3004976,55.65736
3004977,55.65736
3004978,-4.468781
3004979,-4.468781
3004980,-4.468781
3004981,-4.468781
3004982,-4.468781
3004983,-4.468781
3004984,-4.468781
3004985,-4.468781
3004986,-4.468781
3004987,-4.468781
3004988,-4.468781
3004989,-4.468781
3004990,-4.468781
3004991,-4.468781
3004992,-4.468781
3004993,-4.468781
3004994,2357.9075
3004995,134.01123
3004996,857.9634
3004997,842.81555
3004998,842.81555
3004999,521.37366
3005000,521.37366
3005001,2360.1777
3005002,502.07297
3005003,502.07297
3005004,502.07297
3005005,455.67502
3005006,498.31113
3005007,131.72089
3005008,2356.6548
3005009,419.38354
3005010,1472.4121
3005011,31.690884
3005012,31.690884
3005013,31.690884
3005014,31.690884
3005015,31.690884
3005016,31.690884
3005017,-21.133543
3005018,-21.133543
3005019,-21.133543
3005020,-21.133543
3005021,-21.133543
3005022,-21.133543
3005023,-21.133543
3005024,-21.133543
3005025,-21.133543
3005026,-2.6311686
3005027,-2.6311686
3005028,643.0088
3005029,-2.0363684
3005030,-2.0363684
3005031,-2.0363684
3005032,-2.0363684
3005033,-2.0363684
3005034,-2.0363684
3005035,588.99774
3005036,155.48073
3005037,155.48073
3005038,155.48073
3005039,-20.538746
3005040,207.71034
3005041,207.71034
3005042,-4.134413
3005043,-4.134413
3005044,-4.134413
3005045,-4.134413
3005046,-4.134413
3005047,-4.134413
3005048,-4.134413
3005049,-4.134413
3005050,-4.134413
3005051,-4.134413
3005052,-4.134413
3005053,-4.134413
3005054,-4.134413
3005055,-4.134413
3005056,-4.134413
3005057,-4.134413
3005058,-4.134413
3005059,-4.134413
3005060,-4.134413
3005061,-4.134413
3005062,-4.134413
3005063,-4.134413
3005064,-4.134413
3005065,-4.134413
3005066,-4.134413
3005067,-4.134413
3005068,-4.134413
3005069,-4.134413
3005070,-4.134413
3005071,-4.134413
3005072,-4.134413
3005073,-4.134413
3005074,658.45844
3005075,274.24307
3005076,274.24307
3005077,274.24307
3005078,274.24307
3005079,274.24307
3005080,273.04175
3005081,273.04175
3005082,273.04175
3005083,273.04175
3005084,273.04175
3005085,272.39514
3005086,272.39514
3005087,272.39514
3005088,272.39514
3005089,272.39514
3005090,1835.6465
3005091,1972.2572
3005092,2177.2703
3005093,2171.9963
3005094,2066.289
3005095,2140.6472
3005096,2040.1476
3005097,2144.3894
3005098,2142.9897
3005099,2142.9897
3005100,2142.9897
3005101,2142.9897
3005102,2142.9897
3005103,2142.1414
3005104,2035.517
3005105,2141.0076
3005106,-4.117518
3005107,-4.117518
3005108,-4.117518
3005109,-4.117518
3005110,-4.117518
3005111,-4.117518
3005112,-4.117518
3005113,-4.117518
3005114,-4.117518
3005115,-4.117518
3005116,-4.117518
3005117,-4.117518
3005118,-4.117518
3005119,-4.117518
3005120,-4.117518
3005121,-4.117518
3005122,2106.274
3005123,1275.2253
3005124,2224.2205
3005125,1274.8076
3005126,2682.777
3005127,2409.114
3005128,1930.3303
3005129,1459.4836
3005130,904.45526
3005131,904.0235
3005132,901.45776
3005133,2688.732
3005134,908.33105
3005135,925.796
3005136,925.5745
3005137,925.5745
3005138,-4.117518
3005139,-4.117518
3005140,-4.117518
3005141,-4.117518
3005142,-4.117518
3005143,-4.117518
3005144,-4.117518
3005145,-4.117518
3005146,-4.117518
3005147,-4.117518
3005148,-4.117518
3005149,-4.117518
3005150,-4.117518
3005151,-4.117518
3005152,-4.117518
3005153,-4.117518
3005154,1383.3341
3005155,1517.781
3005156,1688.3777
3005157,1724.5598
3005158,1742.3647
3005159,1742.1476
3005160,1711.0155
3005161,1714.7576
3005162,1714.7576
3005163,1714.681
3005164,1714.681
3005165,1714.681
3005166,1714.681
3005167,1714.681
3005168,1714.681
3005169,1744.7533
3005170,2730.9814
3005171,1730.4138
3005172,1730.4138
3005173,1696.0773
3005174,1531.6797
3005175,1739.5337
3005176,1760.3062
3005177,2624.9844
3005178,1269.0365
3005179,1268.0992
3005180,1269.0365
3005181,1269.0365
3005182,1739.9784
3005183,2181.6724
3005184,2623.8506
3005185,2181.0515
3005186,1663.1797
3005187,989.43365
3005188,1395.8574
3005189,2068.894
3005190,2083.2295
3005191,1173.138
3005192,1174.0752
3005193,1174.0752
3005194,1644.4873
3005195,1360.3893
3005196,1645.3428
3005197,2094.5388
3005198,2094.5388
3005199,1654.9496
3005200,1184.3203
3005201,2096.6438
3005202,274.25998
3005203,274.25998
3005204,274.25998
3005205,274.25998
3005206,274.25998
3005207,1413.5219
3005208,360.58002
3005209,360.58002
3005210,360.58002
3005211,360.58002
3005212,360.58002
3005213,360.58002
3005214,1440.1973
3005215,360.58002
3005216,360.58002
3005217,360.58002
3005218,274.25998
3005219,-3.5227199
3005220,-3.5227199
3005221,2006.2782
3005222,83.167755
3005223,83.167755
3005224,83.167755
3005225,46.858974
3005226,46.858974
3005227,46.858974
3005228,1872.7809
3005229,82.93874
3005230,82.93874
3005231,82.93874
3005232,82.93874
3005233,82.93874
3005234,3784.159
3005235,2371.723
3005236,2342.3188
3005237,2425.6846
3005238,2305.3335
3005239,2409.0093
3005240,3166.2585
3005241,2409.0093
3005242,2534.5046
3005243,2370.9617
3005244,2446.3435
3005245,2557.0474
3005246,2480.7893
3005247,2465.9976
3005248,3709.3499
3005249,4159.3564
3005250,-4.3643565
3005251,-4.3643565
3005252,-4.3643565
3005253,-4.3643565
3005254,301.29282
3005255,-3.7695596
3005256,-3.7695596
3005257,-3.7695596
3005258,-3.7695596
3005259,-3.7695596
3005260,-3.7695596
3005261,284.93442
3005262,-3.7695596
3005263,-3.7695596
3005264,-3.7695596
3005265,-3.7695596
3005266,-4.3643565
3005267,-4.3643565
3005268,-4.3643565
3005269,-4.3643565
3005270,-4.3643565
3005271,-4.3643565
3005272,-4.3643565
3005273,-4.3643565
3005274,-4.3643565
3005275,-4.3643565
3005276,-4.3643565
3005277,-4.3643565
3005278,-4.3643565
3005279,-4.3643565
3005280,-4.3643565
3005281,-4.3643565
3005282,284.93442
3005283,-3.7695596
3005284,284.93442
3005285,173.98604
3005286,173.98604
3005287,-3.7695596
3005288,-3.7695596
3005289,173.98604
3005290,156.13028
3005291,156.13028
3005292,266.2569
3005293,-21.625326
3005294,-21.625326
3005295,265.6103
3005296,155.48367
3005297,155.48367
3005298,650.4172
3005299,173.98604
3005300,266.2569
3005301,318.4865
3005302,317.8399
3005303,354.1488
3005304,66.26649
3005305,207.71332
3005306,317.8399
3005307,317.8399
3005308,207.71332
3005309,317.8399
3005310,-22.271935
3005311,317.6109
3005312,317.6109
3005313,317.6109
3005314,-4.3643565
3005315,-4.3643565
3005316,-4.3643565
3005317,-4.3643565
3005318,-4.3643565
3005319,-4.3643565
3005320,-4.3643565
3005321,-4.3643565
3005322,-4.3643565
3005323,-4.3643565
3005324,-4.3643565
3005325,-4.3643565
3005326,-4.3643565
3005327,-4.3643565
3005328,-4.3643565
3005329,-4.3643565
3005330,1911.1533
3005331,1317.294
3005332,1725.7922
3005333,1593.2266
3005334,1736.0758
3005335,1780.5746
3005336,1845.8549
3005337,1845.7307
3005338,1437.2323
3005339,1860.0662
3005340,1860.0662
3005341,1853.8048
3005342,1347.833
3005343,877.204
3005344,1347.833
3005345,876.13074
3005346,-4.221832
3005347,-4.221832
3005348,-4.221832
3005349,-4.221832
3005350,-4.221832
3005351,-4.221832
3005352,-4.221832
3005353,-4.221832
3005354,-4.221832
3005355,-4.221832
3005356,-4.221832
3005357,-4.221832
3005358,-4.221832
3005359,-4.221832
3005360,-4.221832
3005361,-4.221832
3005362,1486.3514
3005363,30.100235
3005364,30.100235
3005365,30.100235
3005366,30.100235
3005367,30.100235
3005368,383.07288
3005369,-22.129408
3005370,-22.129408
3005371,-22.129408
3005372,-22.129408
3005373,-22.129408
3005374,-22.129408
3005375,155.6262
3005376,-22.129408
3005377,-22.129408
3005378,693.48883
3005379,285.07697
3005380,156.27281
3005381,156.27281
3005382,334.34076
3005383,207.85585
3005384,354.29132
3005385,370.64966
3005386,30.100235
3005387,207.85585
3005388,317.98242
3005389,317.75342
3005390,317.75342
3005391,317.75342
3005392,346.53497
3005393,317.75342
3005394,794.3357
3005395,347.41058
3005396,727.3697
3005397,684.29926
3005398,684.07025
3005399,726.9994
3005400,370.27936
3005401,370.27936
3005402,243.79436
3005403,353.92102
3005404,370.27936
3005405,353.92102
3005406,243.93562
3005407,243.93562
3005408,317.75342
3005409,207.62683
3005410,-4.221832
3005411,-4.221832
3005412,-4.221832
3005413,-4.221832
3005414,-4.221832
3005415,-4.221832
3005416,-4.221832
3005417,-4.221832
3005418,-4.221832
3005419,-4.221832
3005420,-4.221832
3005421,-4.221832
3005422,-4.221832
3005423,-4.221832
3005424,-4.221832
3005425,-4.221832
3005426,-4.221832
3005427,915.9573
3005428,244.02336
3005429,244.02336
3005430,66.267746
3005431,66.267746
3005432,66.267746
3005433,66.267746
3005434,1118.328
3005435,66.038734
3005436,66.038734
3005437,66.038734
3005438,66.038734
3005439,66.038734
3005440,66.038734
3005441,1465.2189
3005442,1396.8822
3005443,1727.1667
3005444,1318.6685
3005445,1727.1667
3005446,1737.4503
3005447,1714.6638
3005448,1714.5397
3005449,1308.566
3005450,1728.8751
3005451,1452.9423
3005452,1728.658
3005453,1747.9835
3005454,1861.2235
3005455,1854.8262
3005456,1854.6414
3005457,1733.9872
3005458,-3.8835084
3005459,-3.8835084
3005460,-3.8835084
3005461,-3.8835084
3005462,-3.8835084
3005463,-3.8835084
3005464,-3.8835084
3005465,-3.8835084
3005466,-3.8835084
3005467,-3.8835084
3005468,-3.8835084
3005469,-3.8835084
3005470,-3.8835084
3005471,-3.8835084
3005472,-3.8835084
3005473,-3.8835084
3005474,-3.8835084
3005475,-3.8835084
3005476,-3.8835084
3005477,-3.8835084
3005478,-3.8835084
3005479,-3.8835084
3005480,-3.8835084
3005481,-3.8835084
3005482,-3.8835084
3005483,-3.8835084
3005484,-3.8835084
3005485,-3.8835084
3005486,-3.8835084
3005487,-3.8835084
3005488,-3.8835084
3005489,-3.8835084
3005490,-3.8835084
3005491,-3.8835084
3005492,1486.3197
3005493,30.43856
3005494,244.13292
3005495,66.74734
3005496,354.2596
3005497,66.74734
3005498,66.74734
3005499,1118.2963
3005500,66.37706
3005501,66.37706
3005502,66.37706
3005503,66.37706
3005504,66.37706
3005505,243.76262
3005506,174.09685
3005507,-3.2887094
3005508,285.04523
3005509,-3.2887094
3005510,-3.2887094
3005511,-3.2887094
3005512,-3.2887094
3005513,-3.2887094
3005514,-3.2887094
3005515,285.04523
3005516,-3.2887094
3005517,-3.2887094
3005518,-3.2887094
3005519,-3.2887094
3005520,-3.2887094
3005521,-3.2887094
3005522,2419.952
3005523,400.03918
3005524,400.03918
3005525,400.03918
3005526,400.03918
3005527,399.90323
3005528,2310.5503
3005529,510.54373
3005530,553.1798
3005531,510.54373
3005532,510.54373
3005533,510.54373
3005534,397.6618
3005535,2425.7517
3005536,395.9923
3005537,395.9923
3005538,1487.5087
3005539,1724.9178
3005540,683.196
3005541,683.196
3005542,845.79083
3005543,1741.4628
3005544,862.33575
3005545,862.33575
3005546,1332.9646
3005547,862.21155
3005548,862.21155
3005549,1332.8405
3005550,1347.1759
3005551,875.6097
3005552,875.6097
3005553,1346.9587
3005554,-2.0458946
3005555,-2.0458946
3005556,-2.0458946
3005557,264.1158
3005558,-1.4510962
3005559,-1.4510962
3005560,-1.4510962
3005561,-1.4510962
3005562,-1.4510962
3005563,-1.4510962
3005564,280.4741
3005565,-1.4510962
3005566,-1.4510962
3005567,-1.4510962
3005568,-1.4510962
3005569,-1.4510962
3005570,-3.9125173
3005571,-3.9125173
3005572,-3.9125173
3005573,-3.9125173
3005574,-3.9125173
3005575,-3.9125173
3005576,-3.9125173
3005577,-3.9125173
3005578,-3.9125173
3005579,-3.9125173
3005580,-3.9125173
3005581,-3.9125173
3005582,-3.9125173
3005583,-3.9125173
3005584,658.2903
3005585,-3.3177173
3005586,-3.9125173
3005587,-3.9125173
3005588,-3.9125173
3005589,-3.9125173
3005590,-3.9125173
3005591,-3.9125173
3005592,-3.9125173
3005593,-3.9125173
3005594,-3.9125173
3005595,-3.9125173
3005596,-3.9125173
3005597,-3.9125173
3005598,-3.9125173
3005599,-3.9125173
3005600,-3.9125173
3005601,-3.9125173
3005602,658.2903
3005603,274.465
3005604,-3.3177173
3005605,-3.3177173
3005606,-3.3177173
3005607,-3.3177173
3005608,-3.3177173
3005609,-3.3177173
3005610,-3.9125173
3005611,-3.9125173
3005612,-3.9125173
3005613,-3.9125173
3005614,-3.9125173
3005615,-3.9125173
3005616,274.465
3005617,-3.3177173
3005618,1837.5505
3005619,2160.1824
3005620,2335.1228
3005621,2174.4785
3005622,2176.1177
3005623,2314.6096
3005624,2320.0947
3005625,2319.9587
3005626,2726.8113
3005627,2732.7336
3005628,2314.2222
3005629,2328.9883
3005630,2327.5886
3005631,2323.245
3005632,3356.1985
3005633,2333.3408
3005634,-3.8956227
3005635,-3.8956227
3005636,-3.8956227
3005637,-3.8956227
3005638,-3.8956227
3005639,-3.8956227
3005640,-3.8956227
3005641,-3.8956227
3005642,-3.8956227
3005643,-3.8956227
3005644,-3.8956227
3005645,-3.8956227
3005646,-3.8956227
3005647,-3.8956227
3005648,-3.8956227
3005649,-3.8956227
3005650,2532.3801
3005651,728.8156
3005652,728.8156
3005653,728.5866
3005654,1549.1488
3005655,1101.8516
3005656,1128.5897
3005657,745.1315
3005658,684.13293
3005659,684.13293
3005660,667.588
3005661,1532.7313
3005662,653.3076
3005663,653.3076
3005664,1563.6117
3005665,684.188
3005666,-3.8956227
3005667,-3.8956227
3005668,-3.8956227
3005669,-3.8956227
3005670,-3.8956227
3005671,-3.8956227
3005672,-3.8956227
3005673,-3.8956227
3005674,-3.8956227
3005675,-3.8956227
3005676,-3.8956227
3005677,-3.8956227
3005678,-3.8956227
3005679,-3.8956227
3005680,582.08954
3005681,-3.3008227
3005682,1381.917
3005683,1736.1311
3005684,2160.2673
3005685,1927.6161
3005686,1935.3246
3005687,1927.6962
3005688,2354.5938
3005689,1937.4711
3005690,1937.4711
3005691,1937.3351
3005692,1941.6785
3005693,1935.584
3005694,2348.4841
3005695,1945.4205
3005696,2814.7322
3005697,1928.0885
3005698,2721.5278
3005699,737.3334
3005700,2210.236
3005701,1297.577
3005702,1769.1438
3005703,1297.3599
3005704,1297.3599
3005705,2476.664
3005706,1308.5049
3005707,1145.5
3005708,1145.0388
3005709,1307.8221
3005710,1091.2205
3005711,1135.56
3005712,2771.81
3005713,1308.7594
3005714,1663.0116
3005715,432.3213
3005716,1114.5176
3005717,477.4187
3005718,477.85043
3005719,448.63715
3005720,369.4271
3005721,477.85043
3005722,477.85043
3005723,1128.7289
3005724,483.08624
3005725,856.3008
3005726,448.44052
3005727,448.44052
3005728,1352.4921
3005729,1024.7323
3005730,274.4819
3005731,274.4819
3005732,274.4819
3005733,274.4819
3005734,274.4819
3005735,1901.2161
3005736,361.1722
3005737,361.1722
3005738,361.1722
3005739,361.1722
3005740,361.1722
3005741,361.1722
3005742,1459.8945
3005743,360.9432
3005744,989.2655
3005745,360.8019
3005746,274.4819
3005747,-3.3008227
3005748,-3.3008227
3005749,2017.659
3005750,47.727474
3005751,47.727474
3005752,47.727474
3005753,47.727474
3005754,325.50995
3005755,47.727474
3005756,2020.6549
3005757,83.16064
3005758,83.16064
3005759,83.16064
3005760,990.03
3005761,360.8019
3005762,3804.4165
3005763,2339.4995
3005764,2142.9424
3005765,2236.0454
3005766,2313.1792
3005767,2251.6575
3005768,2126.8206
3005769,2155.677
3005770,2276.7275
3005771,2157.7717
3005772,2276.7275
3005773,2199.048
3005774,2176.0725
3005775,2091.6807
3005776,4398.4023
3005777,3393.9148
3005778,-4.1676106
3005779,-4.1676106
3005780,-4.1676106
3005781,-4.1676106
3005782,284.74115
3005783,-3.5728104
3005784,-3.5728104
3005785,-3.5728104
3005786,-3.5728104
3005787,-3.5728104
3005788,-3.5728104
3005789,284.74115
3005790,-3.5728104
3005791,-3.5728104
3005792,284.74115
3005793,-3.5728104
3005794,-4.1676106
3005795,-4.1676106
3005796,-4.1676106
3005797,-4.1676106
3005798,-4.1676106
3005799,-4.1676106
3005800,-4.1676106
3005801,-4.1676106
3005802,-4.1676106
3005803,-4.1676106
3005804,-4.1676106
3005805,-4.1676106
3005806,-4.1676106
3005807,-4.1676106
3005808,-4.1676106
3005809,-4.1676106
3005810,284.74115
3005811,-3.5728104
3005812,-3.5728104
3005813,174.1828
3005814,-3.5728104
3005815,-3.5728104
3005816,-3.5728104
3005817,-3.5728104
3005818,174.1828
3005819,-3.5728104
3005820,-3.5728104
3005821,-3.5728104
3005822,-3.5728104
3005823,-3.5728104
3005824,631.5463
3005825,156.32704
3005826,650.2239
3005827,-3.5728104
3005828,174.1828
3005829,156.32704
3005830,-21.428577
3005831,-21.428577
3005832,156.32704
3005833,156.32704
3005834,-21.428577
3005835,-21.428577
3005836,-21.428577
3005837,-21.428577
3005838,-21.428577
3005839,-21.428577
3005840,638.4954
3005841,155.68044
3005842,-4.1676106
3005843,-4.1676106
3005844,-4.1676106
3005845,-4.1676106
3005846,-4.1676106
3005847,-4.1676106
3005848,-4.1676106
3005849,-4.1676106
3005850,-4.1676106
3005851,-4.1676106
3005852,-4.1676106
3005853,-4.1676106
3005854,-4.1676106
3005855,-4.1676106
3005856,-4.1676106
3005857,-4.1676106
3005858,1910.9601
3005859,684.10596
3005860,846.4718
3005861,1317.1007
3005862,1725.599
3005863,863.01666
3005864,863.2054
3005865,700.4218
3005866,863.2054
3005867,700.4218
3005868,862.89246
3005869,1742.0198
3005870,861.95514
3005871,732.04193
3005872,1291.0848
3005873,851.7514
3005874,-4.0250845
3005875,-4.0250845
3005876,-4.0250845
3005877,-4.0250845
3005878,-4.0250845
3005879,-4.0250845
3005880,-4.0250845
3005881,-4.0250845
3005882,-4.0250845
3005883,-4.0250845
3005884,-4.0250845
3005885,-4.0250845
3005886,-4.0250845
3005887,-4.0250845
3005888,313.66522
3005889,-3.4302852
3005890,1362.7578
3005891,66.60576
3005892,66.60576
3005893,66.60576
3005894,66.60576
3005895,66.60576
3005896,66.60576
3005897,-22.52746
3005898,-22.52746
3005899,-22.52746
3005900,-22.52746
3005901,-22.52746
3005902,-22.52746
3005903,-22.52746
3005904,-22.52746
3005905,-22.52746
3005906,693.29553
3005907,-3.4302852
3005908,-3.4302852
3005909,-3.4302852
3005910,-3.4302852
3005911,-3.4302852
3005912,-3.4302852
3005913,-4.0250845
3005914,-4.0250845
3005915,-4.0250845
3005916,-4.0250845
3005917,-4.0250845
3005918,-4.0250845
3005919,-4.0250845
3005920,174.32533
3005921,-3.4302852
3005922,1929.7715
3005923,208.69922
3005924,317.7891
3005925,208.05261
3005926,30.296978
3005927,30.296978
3005928,30.296978
3005929,155.82297
3005930,-21.932661
3005931,-21.932661
3005932,-21.932661
3005933,-21.932661
3005934,-21.932661
3005935,-21.932661
3005936,281.91788
3005937,-21.932661
3005938,-4.0250845
3005939,-4.0250845
3005940,-4.0250845
3005941,-4.0250845
3005942,-4.0250845
3005943,-4.0250845
3005944,-4.0250845
3005945,-4.0250845
3005946,-4.0250845
3005947,-4.0250845
3005948,-4.0250845
3005949,-4.0250845
3005950,-4.0250845
3005951,-4.0250845
3005952,174.32533
3005953,-3.4302852
3005954,-4.0250845
3005955,1367.1012
3005956,66.60576
3005957,66.60576
3005958,66.60576
3005959,66.60576
3005960,66.60576
3005961,66.60576
3005962,1391.415
3005963,66.37675
3005964,66.37675
3005965,66.37675
3005966,66.37675
3005967,66.37675
3005968,1144.1191
3005969,1172.3324
3005970,1396.689
3005971,1318.4752
3005972,1318.4752
3005973,1726.9735
3005974,1335.0201
3005975,1743.5184
3005976,967.90894
3005977,1743.5184
3005978,864.26697
3005979,1334.896
3005980,1757.7297
3005981,1751.4684
3005982,1349.2314
3005983,1757.5126
3005984,1170.3413
3005985,1845.1746
3005986,-3.6867602
3005987,-3.6867602
3005988,-3.6867602
3005989,-3.6867602
3005990,-3.6867602
3005991,-3.6867602
3005992,-3.6867602
3005993,-3.6867602
3005994,-3.6867602
3005995,-3.6867602
3005996,-3.6867602
3005997,-3.6867602
3005998,-3.6867602
3005999,-3.6867602
3006000,174.29361
3006001,-3.0919616
3006002,-3.6867602
3006003,-3.6867602
3006004,-3.6867602
3006005,-3.6867602
3006006,-3.6867602
3006007,-3.6867602
3006008,-3.6867602
3006009,-3.6867602
3006010,-3.6867602
3006011,-3.6867602
3006012,-3.6867602
3006013,-3.6867602
3006014,-3.6867602
3006015,-3.6867602
3006016,284.85196
3006017,-3.0919616
3006018,-3.6867602
3006019,-3.6867602
3006020,1304.5554
3006021,-20.94773
3006022,-20.94773
3006023,-20.94773
3006024,-20.94773
3006025,-20.94773
3006026,-20.94773
3006027,1689.4874
3006028,30.635303
3006029,30.635303
3006030,30.635303
3006031,30.635303
3006032,1725.5673
3006033,66.57381
3006034,-3.6867602
3006035,-3.6867602
3006036,-3.6867602
3006037,-3.6867602
3006038,-3.6867602
3006039,-3.6867602
3006040,-3.6867602
3006041,-3.6867602
3006042,-3.6867602
3006043,-3.6867602
3006044,-3.6867602
3006045,-3.6867602
3006046,-3.6867602
3006047,-3.6867602
3006048,693.26385
3006049,-3.0919616
3006050,2390.7983
3006051,348.9117
3006052,348.9117
3006053,348.9117
3006054,348.9117
3006055,461.182
3006056,1452.8076
3006057,454.67377
3006058,342.18195
3006059,513.6926
3006060,401.20087
3006061,513.6926
3006062,513.6926
3006063,1418.162
3006064,1448.1084
3006065,501.9127
3006066,1487.3154
3006067,32.4729
3006068,361.91833
3006069,361.77704
3006070,361.77704
3006071,245.79701
3006072,332.7665
3006073,209.62947
3006074,209.62947
3006075,349.2661
3006076,703.3061
3006077,332.9078
3006078,349.12482
3006079,349.12482
3006080,68.41142
3006081,332.7665
3006082,-1.8491474
3006083,-1.8491474
3006084,-1.8491474
3006085,-1.8491474
3006086,-1.8491474
3006087,-1.8491474
3006088,-1.8491474
3006089,-1.8491474
3006090,-1.8491474
3006091,-1.8491474
3006092,176.13124
3006093,-1.2543479
3006094,-1.2543479
3006095,-1.2543479
3006096,176.13124
3006097,-1.2543479
3006098,-3.9125173
3006099,-3.9125173
3006100,-3.9125173
3006101,-3.9125173
3006102,-3.9125173
3006103,-3.9125173
3006104,-3.9125173
3006105,-3.9125173
3006106,-3.9125173
3006107,-3.9125173
3006108,274.465
3006109,-3.3177173
3006110,-3.3177173
3006111,-3.3177173
3006112,-3.3177173
3006113,-3.3177173
3006114,-3.9125173
3006115,-3.9125173
3006116,-3.9125173
3006117,-3.9125173
3006118,-3.9125173
3006119,-3.9125173
3006120,-3.9125173
3006121,-3.9125173
3006122,-3.9125173
3006123,-3.9125173
3006124,-3.9125173
3006125,-3.9125173
3006126,-3.9125173
3006127,-3.9125173
3006128,-3.9125173
3006129,-3.9125173
3006130,658.2903
3006131,274.465
3006132,274.465
3006133,274.465
3006134,-3.3177173
3006135,-3.3177173
3006136,274.465
3006137,274.465
3006138,-3.3177173
3006139,273.26367
3006140,273.26367
3006141,273.26367
3006142,273.26367
3006143,273.26367
3006144,272.61707
3006145,272.61707
3006146,1881.7561
3006147,2037.1942
3006148,2076.0925
3006149,2178.5247
3006150,2044.7438
3006151,2048.485
3006152,2048.2664
3006153,2047.0858
3006154,2149.735
3006155,2044.244
3006156,2149.735
3006157,2148.8867
3006158,2147.753
3006159,2147.753
3006160,2147.753
3006161,2042.2621
3006162,-3.8956227
3006163,-3.8956227
3006164,-3.8956227
3006165,-3.8956227
3006166,-3.8956227
3006167,-3.8956227
3006168,-3.8956227
3006169,-3.8956227
3006170,-3.8956227
3006171,-3.8956227
3006172,-3.8956227
3006173,-3.8956227
3006174,-3.8956227
3006175,-3.8956227
3006176,-3.8956227
3006177,-3.8956227
3006178,1990.6494
3006179,1274.6395
3006180,1274.6395
3006181,1274.8282
3006182,1708.4431
3006183,1442.6315
3006184,1937.0752
3006185,1927.5964
3006186,1258.6584
3006187,901.7214
3006188,901.7214
3006189,2685.9985
3006190,908.2928
3006191,908.2928
3006192,925.75775
3006193,925.62787
3006194,-3.8956227
3006195,-3.8956227
3006196,-3.8956227
3006197,-3.8956227
3006198,-3.8956227
3006199,-3.8956227
3006200,-3.8956227
3006201,-3.8956227
3006202,-3.8956227
3006203,-3.8956227
3006204,-3.8956227
3006205,-3.8956227
3006206,-3.8956227
3006207,-3.8956227
3006208,-3.8956227
3006209,-3.8956227
3006210,1384.759
3006211,1517.6129
3006212,1688.2096
3006213,1724.3917
3006214,1749.1096
3006215,1748.8925
3006216,1717.7604
3006217,1721.5024
3006218,1721.5024
3006219,1721.4259
3006220,1721.4259
3006221,1721.4259
3006222,1721.4259
3006223,1721.4259
3006224,1721.4259
3006225,1720.5775
3006226,2737.7268
3006227,2210.019
3006228,1717.1757
3006229,1720.9177
3006230,1735.0503
3006231,1735.0503
3006232,1708.2
3006233,2633.9507
3006234,2190.088
3006235,1276.9149
3006236,1747.5444
3006237,1276.9149
3006238,2188.1057
3006239,2145.8914
3006240,2636.221
3006241,2192.3503
3006242,1663.0116
3006243,1900.987
3006244,1359.9619
3006245,2086.192
3006246,2068.7263
3006247,2092.5413
3006248,2092.5413
3006249,2092.3242
3006250,2092.3242
3006251,1370.6036
3006252,2103.8506
3006253,2103.8506
3006254,2103.8506
3006255,2108.3298
3006256,2103.3892
3006257,2103.3892
3006258,274.4819
3006259,274.4819
3006260,274.4819
3006261,274.4819
3006262,274.4819
3006263,1415.7153
3006264,360.8019
3006265,360.8019
3006266,360.8019
3006267,360.8019
3006268,360.8019
3006269,360.8019
3006270,1440.0292
3006271,360.8019
3006272,360.8019
3006273,360.8019
3006274,274.4819
3006275,-3.3008227
3006276,-3.3008227
3006277,1843.9556
3006278,83.38965
3006279,83.38965
3006280,83.38965
3006281,83.38965
3006282,83.38965
3006283,83.38965
3006284,1868.2694
3006285,83.16064
3006286,83.16064
3006287,83.16064
3006288,360.9432
3006289,360.9432
3006290,3780.7654
3006291,2348.3447
3006292,2352.087
3006293,2349.996
3006294,2394.5156
3006295,2404.4402
3006296,3146.8977
3006297,2404.4402
3006298,2370.7273
3006299,2415.7087
3006300,2441.7744
3006301,2426.9827
3006302,2461.4285
3006303,2476.2202
3006304,3724.1978
3006305,4174.204
3006306,-4.1676106
3006307,-4.1676106
3006308,-4.1676106
3006309,-4.1676106
3006310,650.2239
3006311,-3.5728104
3006312,-3.5728104
3006313,-3.5728104
3006314,-3.5728104
3006315,-3.5728104
3006316,-3.5728104
3006317,282.42197
3006318,-21.428577
3006319,-21.428577
3006320,-21.428577
3006321,-21.428577
3006322,-4.1676106
3006323,-4.1676106
3006324,-4.1676106
3006325,-4.1676106
3006326,-4.1676106
3006327,-4.1676106
3006328,-4.1676106
3006329,-4.1676106
3006330,-4.1676106
3006331,-4.1676106
3006332,-4.1676106
3006333,-4.1676106
3006334,-4.1676106
3006335,-4.1676106
3006336,-4.1676106
3006337,-4.1676106
3006338,301.0995
3006339,284.74115
3006340,266.06363
3006341,156.32704
3006342,208.55669
3006343,208.55669
3006344,208.55669
3006345,155.68044
3006346,155.68044
3006347,155.68044
3006348,155.68044
3006349,-22.075186
3006350,-22.075186
3006351,155.68044
3006352,155.68044
3006353,155.68044
3006354,650.2239
3006355,266.06363
3006356,156.32704
3006357,208.55669
3006358,208.55669
3006359,317.64658
3006360,207.91008
3006361,155.68044
3006362,155.68044
3006363,155.68044
3006364,155.68044
3006365,155.68044
3006366,265.41702
3006367,-22.075186
3006368,155.68044
3006369,-22.075186
3006370,-4.1676106
3006371,-4.1676106
3006372,-4.1676106
3006373,-4.1676106
3006374,-4.1676106
3006375,-4.1676106
3006376,-4.1676106
3006377,-4.1676106
3006378,-4.1676106
3006379,-4.1676106
3006380,-4.1676106
3006381,-4.1676106
3006382,-4.1676106
3006383,-4.1676106
3006384,-4.1676106
3006385,-4.1676106
3006386,1486.1582
3006387,1725.599
3006388,1725.599
3006389,1317.1007
3006390,1742.1439
3006391,863.01666
3006392,1333.6456
3006393,1742.1439
3006394,862.89246
3006395,862.89246
3006396,861.95514
3006397,1756.3552
3006398,876.2906
3006399,748.5868
3006400,877.2279
3006401,877.0107
3006402,-4.0250845
3006403,-4.0250845
3006404,-4.0250845
3006405,-4.0250845
3006406,-4.0250845
3006407,-4.0250845
3006408,-4.0250845
3006409,-4.0250845
3006410,-4.0250845
3006411,-4.0250845
3006412,-4.0250845
3006413,-4.0250845
3006414,-4.0250845
3006415,-4.0250845
3006416,174.32533
3006417,-3.4302852
3006418,1362.7578
3006419,66.60576
3006420,66.60576
3006421,66.60576
3006422,66.60576
3006423,66.60576
3006424,244.3614
3006425,-21.932661
3006426,-21.932661
3006427,-21.932661
3006428,-21.932661
3006429,-21.932661
3006430,-21.932661
3006431,-22.52746
3006432,-22.52746
3006433,-22.52746
3006434,313.66522
3006435,-3.4302852
3006436,-3.4302852
3006437,-3.4302852
3006438,-3.4302852
3006439,-3.4302852
3006440,-3.4302852
3006441,-4.0250845
3006442,-4.0250845
3006443,-4.0250845
3006444,-4.0250845
3006445,-4.0250845
3006446,-4.0250845
3006447,-4.0250845
3006448,-4.0250845
3006449,-4.0250845
3006450,794.1424
3006451,156.46957
3006452,318.4357
3006453,346.57065
3006454,382.87955
3006455,244.3614
3006456,353.9567
3006457,317.7891
3006458,208.05261
3006459,382.65054
3006460,382.65054
3006461,317.5601
3006462,207.8236
3006463,317.5601
3006464,207.8236
3006465,30.067966
3006466,-4.0250845
3006467,-4.0250845
3006468,-4.0250845
3006469,-4.0250845
3006470,-4.0250845
3006471,-4.0250845
3006472,-4.0250845
3006473,-4.0250845
3006474,-4.0250845
3006475,-4.0250845
3006476,-4.0250845
3006477,-4.0250845
3006478,-4.0250845
3006479,-4.0250845
3006480,-4.0250845
3006481,-4.0250845
3006482,-4.0250845
3006483,1529.375
3006484,66.46449
3006485,66.46449
3006486,66.46449
3006487,66.46449
3006488,66.46449
3006489,66.46449
3006490,956.9428
3006491,66.23548
3006492,66.23548
3006493,66.23548
3006494,66.23548
3006495,66.23548
3006496,66.23548
3006497,1465.0256
3006498,1368.4757
3006499,1726.9735
3006500,1726.9735
3006501,1737.2571
3006502,1737.2571
3006503,1847.0361
3006504,1847.0361
3006505,1716.2544
3006506,1730.5898
3006507,1854.9861
3006508,1854.7689
3006509,1728.4647
3006510,1747.6543
3006511,1747.4695
3006512,1858.8976
3006513,1751.2115
3006514,-3.6867602
3006515,-3.6867602
3006516,-3.6867602
3006517,-3.6867602
3006518,-3.6867602
3006519,-3.6867602
3006520,-3.6867602
3006521,-3.6867602
3006522,-3.6867602
3006523,-3.6867602
3006524,-3.6867602
3006525,-3.6867602
3006526,-3.6867602
3006527,-3.6867602
3006528,-3.6867602
3006529,-3.6867602
3006530,174.29361
3006531,-3.0919616
3006532,-3.0919616
3006533,-3.0919616
3006534,-3.0919616
3006535,-3.0919616
3006536,-3.0919616
3006537,-3.6867602
3006538,-3.6867602
3006539,-3.6867602
3006540,-3.6867602
3006541,-3.6867602
3006542,-3.6867602
3006543,-3.6867602
3006544,-3.6867602
3006545,-3.6867602
3006546,-3.6867602
3006547,174.29361
3006548,1395.2827
3006549,66.80282
3006550,66.80282
3006551,66.80282
3006552,66.80282
3006553,66.80282
3006554,66.80282
3006555,1507.3638
3006556,30.406292
3006557,30.406292
3006558,30.406292
3006559,30.406292
3006560,30.406292
3006561,244.10066
3006562,-3.6867602
3006563,-3.6867602
3006564,284.85196
3006565,-3.0919616
3006566,-3.0919616
3006567,-3.0919616
3006568,-3.0919616
3006569,-3.0919616
3006570,-3.0919616
3006571,284.85196
3006572,-3.0919616
3006573,-3.0919616
3006574,-3.0919616
3006575,-3.0919616
3006576,-3.0919616
3006577,-3.0919616
3006578,2445.953
3006579,347.2896
3006580,459.63565
3006581,347.2896
3006582,347.2896
3006583,493.8497
3006584,2336.6877
3006585,404.77158
3006586,404.77158
3006587,517.26337
3006588,517.26337
3006589,517.26337
3006590,559.8995
3006591,2451.8887
3006592,558.2299
3006593,515.5939
3006594,1487.3154
3006595,349.49512
3006596,361.77704
3006597,683.0027
3006598,1316.2264
3006599,703.1648
3006600,361.54803
3006601,845.78625
3006602,845.78625
3006603,683.0027
3006604,845.59753
3006605,845.78625
3006606,1316.1023
3006607,862.01825
3006608,1332.6472
3006609,1755.4808
3006610,-1.8491474
3006611,-1.8491474
3006612,-1.8491474
3006613,292.70398
3006614,-1.2543479
3006615,-1.2543479
3006616,-1.2543479
3006617,-1.2543479
3006618,-1.2543479
3006619,-1.2543479
3006620,292.70398
3006621,-1.2543479
3006622,-1.2543479
3006623,-1.2543479
3006624,-1.2543479
3006625,-1.2543479
3006626,-3.9125173
3006627,-3.9125173
3006628,-3.9125173
3006629,-3.9125173
3006630,-3.9125173
3006631,-3.9125173
3006632,-3.9125173
3006633,-3.9125173
3006634,-3.9125173
3006635,-3.9125173
3006636,-3.9125173
3006637,-3.9125173
3006638,-3.9125173
3006639,-3.9125173
3006640,-3.9125173
3006641,-3.9125173
3006642,-3.9125173
3006643,-3.9125173
3006644,-3.9125173
3006645,-3.9125173
3006646,-3.9125173
3006647,-3.9125173
3006648,-3.9125173
3006649,-3.9125173
3006650,-3.9125173
3006651,-3.9125173
3006652,-3.9125173
3006653,-3.9125173
3006654,-3.9125173
3006655,-3.9125173
3006656,-3.9125173
3006657,-3.9125173
3006658,658.2903
3006659,-3.3177173
3006660,274.465
3006661,-3.3177173
3006662,-3.3177173
3006663,274.465
3006664,-3.3177173
3006665,-3.3177173
3006666,-3.3177173
3006667,-3.3177173
3006668,-3.3177173
3006669,-3.3177173
3006670,-3.9125173
3006671,-3.9125173
3006672,-3.9125173
3006673,-3.9125173
3006674,1813.7582
3006675,1972.0891
3006676,2330.7793
3006677,2329.095
3006678,2209.728
3006679,2357.9155
3006680,2377.9497
3006681,2373.4702
3006682,2772.0806
3006683,2361.3047
3006684,2381.556
3006685,2361.3047
3006686,2380.1562
3006687,2375.8127
3006688,2385.594
3006689,2359.905
3006690,-3.8956227
3006691,-3.8956227
3006692,-3.8956227
3006693,-3.8956227
3006694,-3.8956227
3006695,-3.8956227
3006696,-3.8956227
3006697,-3.8956227
3006698,-3.8956227
3006699,-3.8956227
3006700,-3.8956227
3006701,-3.8956227
3006702,-3.8956227
3006703,-3.8956227
3006704,-3.8956227
3006705,-3.8956227
3006706,1994.9928
3006707,728.8156
3006708,728.5866
3006709,1274.6395
3006710,1446.4988
3006711,1461.781
3006712,2411.322
3006713,1460.9712
3006714,840.44904
3006715,906.4483
3006716,735.85175
3006717,1629.0399
3006718,683.97076
3006719,749.97
3006720,749.97
3006721,749.97
3006722,-3.8956227
3006723,-3.8956227
3006724,-3.8956227
3006725,-3.8956227
3006726,-3.8956227
3006727,-3.8956227
3006728,-3.8956227
3006729,-3.8956227
3006730,-3.8956227
3006731,-3.8956227
3006732,-3.8956227
3006733,-3.8956227
3006734,-3.8956227
3006735,-3.8956227
3006736,-3.8956227
3006737,-3.8956227
3006738,1480.7167
3006739,2143.7227
3006740,2160.2673
3006741,1791.6815
3006742,2330.9917
3006743,1966.4421
3006744,1994.5997
3006745,1984.9038
3006746,1984.9038
3006747,1989.9032
3006748,2387.6663
3006749,2391.5732
3006750,1959.9098
3006751,1997.9886
3006752,1997.9121
3006753,1993.5687
3006754,2756.3882
3006755,2266.2932
3006756,1341.6034
3006757,2266.0762
3006758,1805.5297
3006759,2187.297
3006760,2191.041
3006761,2754.537
3006762,1351.8485
3006763,1188.1276
3006764,1351.8485
3006765,2264.173
3006766,1351.8485
3006767,1351.8485
3006768,2765.5518
3006769,2262.5032
3006770,1663.0116
3006771,826.67065
3006772,1119.0377
3006773,1176.5957
3006774,1176.5957
3006775,1010.75006
3006776,1010.75006
3006777,1012.562
3006778,1012.562
3006779,1303.6287
3006780,986.9139
3006781,986.77795
3006782,986.77795
3006783,653.32983
3006784,1026.3595
3006785,982.0197
3006786,274.4819
3006787,274.4819
3006788,274.4819
3006789,274.4819
3006790,274.4819
3006791,1901.2161
3006792,361.1722
3006793,361.1722
3006794,361.1722
3006795,361.1722
3006796,361.1722
3006797,361.1722
3006798,953.1453
3006799,324.63434
3006800,324.63434
3006801,324.63434
3006802,274.4819
3006803,-3.3008227
3006804,-3.3008227
3006805,1842.4485
3006806,83.38965
3006807,83.38965
3006808,83.38965
3006809,83.38965
3006810,83.38965
3006811,83.38965
3006812,1990.8737
3006813,46.851856
3006814,46.851856
3006815,324.63434
3006816,46.851856
3006817,46.851856
3006818,3686.093
3006819,2382.5886
3006820,2279.3777
3006821,2355.122
3006822,2279.1345
3006823,2251.7783
3006824,2117.6118
3006825,2162.3804
3006826,2243.8289
3006827,2134.364
3006828,2182.5764
3006829,2182.9792
3006830,2230.8533
3006831,2230.8533
3006832,2432.0996
3006833,2358.8499
3006834,-4.1676106
3006835,-4.1676106
3006836,-4.1676106
3006837,-4.1676106
3006838,313.5227
3006839,-3.5728104
3006840,-3.5728104
3006841,-3.5728104
3006842,-3.5728104
3006843,-3.5728104
3006844,-3.5728104
3006845,284.74115
3006846,-3.5728104
3006847,-3.5728104
3006848,-3.5728104
3006849,-3.5728104
3006850,-4.1676106
3006851,-4.1676106
3006852,-4.1676106
3006853,-4.1676106
3006854,-4.1676106
3006855,-4.1676106
3006856,-4.1676106
3006857,-4.1676106
3006858,-4.1676106
3006859,-4.1676106
3006860,-4.1676106
3006861,-4.1676106
3006862,-4.1676106
3006863,-4.1676106
3006864,-4.1676106
3006865,-4.1676106
3006866,284.74115
3006867,-3.5728104
3006868,-3.5728104
3006869,174.1828
3006870,-3.5728104
3006871,-3.5728104
3006872,174.1828
3006873,-3.5728104
3006874,-3.5728104
3006875,-3.5728104
3006876,174.1828
3006877,-3.5728104
3006878,-3.5728104
3006879,-3.5728104
3006880,-3.5728104
3006881,-3.5728104
3006882,650.2239
3006883,174.1828
3006884,-3.5728104
3006885,156.32704
3006886,156.32704
3006887,208.55669
3006888,30.80106
3006889,-21.428577
3006890,156.32704
3006891,-21.428577
3006892,156.32704
3006893,-21.428577
3006894,-21.428577
3006895,155.68044
3006896,-22.075186
3006897,-22.075186
3006898,-4.1676106
3006899,-4.1676106
3006900,-4.1676106
3006901,-4.1676106
3006902,-4.1676106
3006903,-4.1676106
3006904,-4.1676106
3006905,-4.1676106
3006906,-4.1676106
3006907,-4.1676106
3006908,-4.1676106
3006909,-4.1676106
3006910,-4.1676106
3006911,-4.1676106
3006912,-4.1676106
3006913,-4.1676106
3006914,1910.9601
3006915,1317.1007
3006916,846.6605
3006917,846.4718
3006918,846.4718
3006919,863.01666
3006920,863.2054
3006921,700.4218
3006922,863.01666
3006923,863.01666
3006924,862.89246
3006925,1742.0198
3006926,699.1716
3006927,713.507
3006928,877.2279
3006929,713.507
3006930,-4.0250845
3006931,-4.0250845
3006932,-4.0250845
3006933,-4.0250845
3006934,-4.0250845
3006935,-4.0250845
3006936,-4.0250845
3006937,-4.0250845
3006938,-4.0250845
3006939,-4.0250845
3006940,-4.0250845
3006941,-4.0250845
3006942,-4.0250845
3006943,-4.0250845
3006944,-4.0250845
3006945,-4.0250845
3006946,1362.7578
3006947,66.60576
3006948,66.60576
3006949,66.60576
3006950,66.60576
3006951,66.60576
3006952,66.60576
3006953,-22.52746
3006954,-22.52746
3006955,-22.52746
3006956,-22.52746
3006957,-22.52746
3006958,-22.52746
3006959,-22.52746
3006960,-22.52746
3006961,-22.52746
3006962,693.29553
3006963,294.9877
3006964,156.46957
3006965,347.21725
3006966,370.45633
3006967,370.31503
3006968,370.08603
3006969,370.08603
3006970,370.08603
3006971,726.8061
3006972,370.08603
3006973,382.50925
3006974,370.08603
3006975,370.08603
3006976,353.7277
3006977,243.9911
3006978,1304.5872
3006979,318.4357
3006980,346.57065
3006981,382.87955
3006982,382.73825
3006983,353.9567
3006984,382.50925
3006985,353.869
3006986,244.13237
3006987,244.13237
3006988,207.8236
3006989,207.8236
3006990,-22.161673
3006991,-22.161673
3006992,-22.161673
3006993,-22.161673
3006994,-4.0250845
3006995,-4.0250845
3006996,-4.0250845
3006997,-4.0250845
3006998,-4.0250845
3006999,-4.0250845
3007000,-4.0250845
3007001,-4.0250845
3007002,-4.0250845
3007003,-4.0250845
3007004,-4.0250845
3007005,-4.0250845
3007006,-4.0250845
3007007,-4.0250845
3007008,-4.0250845
3007009,-4.0250845
3007010,-4.0250845
3007011,1529.375
3007012,66.46449
3007013,66.46449
3007014,66.46449
3007015,66.46449
3007016,66.46449
3007017,66.46449
3007018,1419.6283
3007019,66.23548
3007020,66.23548
3007021,66.23548
3007022,66.23548
3007023,66.23548
3007024,66.23548
3007025,1391.415
3007026,1912.3346
3007027,685.48047
3007028,847.8463
3007029,847.8463
3007030,1318.4752
3007031,864.3912
3007032,1743.5184
3007033,1743.5184
3007034,1737.1329
3007035,1743.3943
3007036,1334.896
3007037,1757.7297
3007038,1393.7302
3007039,877.6651
3007040,1349.0143
3007041,1751.2512
3007042,-3.6867602
3007043,-3.6867602
3007044,-3.6867602
3007045,-3.6867602
3007046,-3.6867602
3007047,-3.6867602
3007048,-3.6867602
3007049,-3.6867602
3007050,-3.6867602
3007051,-3.6867602
3007052,-3.6867602
3007053,-3.6867602
3007054,-3.6867602
3007055,-3.6867602
3007056,-3.6867602
3007057,-3.6867602
3007058,-3.6867602
3007059,-3.6867602
3007060,-3.6867602
3007061,-3.6867602
3007062,-3.6867602
3007063,-3.6867602
3007064,-3.6867602
3007065,-3.6867602
3007066,-3.6867602
3007067,-3.6867602
3007068,-3.6867602
3007069,-3.6867602
3007070,-3.6867602
3007071,-3.6867602
3007072,-3.6867602
3007073,-3.6867602
3007074,174.29361
3007075,-3.0919616
3007076,1655.2479
3007077,30.635303
3007078,30.635303
3007079,30.635303
3007080,30.635303
3007081,30.635303
3007082,30.635303
3007083,1689.4874
3007084,30.635303
3007085,30.635303
3007086,30.635303
3007087,30.635303
3007088,30.635303
3007089,30.635303
3007090,-3.6867602
3007091,-3.6867602
3007092,-3.6867602
3007093,-3.6867602
3007094,-3.6867602
3007095,-3.6867602
3007096,-3.6867602
3007097,-3.6867602
3007098,-3.6867602
3007099,-3.6867602
3007100,-3.6867602
3007101,-3.6867602
3007102,-3.6867602
3007103,-3.6867602
3007104,-3.6867602
3007105,-3.6867602
3007106,2404.5215
3007107,392.00076
3007108,392.00076
3007109,392.00076
3007110,392.00076
3007111,392.00076
3007112,2336.6987
3007113,399.38895
3007114,399.38895
3007115,223.414
3007116,399.38895
3007117,399.38895
3007118,399.38895
3007119,2296.8767
3007120,400.35248
3007121,400.35248
3007122,1487.3154
3007123,333.1368
3007124,703.3938
3007125,332.9955
3007126,245.79701
3007127,349.12482
3007128,349.12482
3007129,703.1648
3007130,332.7665
3007131,332.7665
3007132,361.54803
3007133,245.79701
3007134,332.7665
3007135,703.1648
3007136,361.68933
3007137,68.55269
3007138,-1.8491474
3007139,-1.8491474
3007140,-1.8491474
3007141,176.13124
3007142,-1.2543479
3007143,-1.2543479
3007144,-1.2543479
3007145,-1.2543479
3007146,-1.2543479
3007147,-1.2543479
3007148,263.92252
3007149,-1.2543479
3007150,-1.2543479
3007151,-1.2543479
3007152,-1.2543479
3007153,-1.2543479
3007154,-3.9125173
3007155,-3.9125173
3007156,-3.9125173
3007157,-3.9125173
3007158,-3.9125173
3007159,-3.9125173
3007160,-3.9125173
3007161,-3.9125173
3007162,-3.9125173
3007163,-3.9125173
3007164,-3.9125173
3007165,-3.9125173
3007166,-3.9125173
3007167,-3.9125173
3007168,-3.9125173
3007169,-3.9125173
3007170,-3.9125173
3007171,-3.9125173
3007172,-3.9125173
3007173,-3.9125173
3007174,-3.9125173
3007175,-3.9125173
3007176,-3.9125173
3007177,-3.9125173
3007178,-3.9125173
3007179,-3.9125173
3007180,-3.9125173
3007181,-3.9125173
3007182,-3.9125173
3007183,-3.9125173
3007184,-3.9125173
3007185,-3.9125173
3007186,658.2903
3007187,-3.3177173
3007188,-3.3177173
3007189,274.465
3007190,274.465
3007191,-3.3177173
3007192,274.465
3007193,274.465
3007194,-3.3177173
3007195,274.465
3007196,273.26367
3007197,-4.519066
3007198,273.26367
3007199,-4.519066
3007200,-4.519066
3007201,-4.519066
3007202,1839.2352
3007203,2147.9807
3007204,2164.526
3007205,2330.7793
3007206,2338.8113
3007207,2378.1667
3007208,2377.9497
3007209,2377.9497
3007210,2363.0476
3007211,2373.4702
3007212,2381.556
3007213,2361.3047
3007214,2359.905
3007215,2774.423
3007216,2375.8127
3007217,2380.1562
3007218,-3.8956227
3007219,-3.8956227
3007220,-3.8956227
3007221,-3.8956227
3007222,-3.8956227
3007223,-3.8956227
3007224,-3.8956227
3007225,-3.8956227
3007226,-3.8956227
3007227,-3.8956227
3007228,-3.8956227
3007229,-3.8956227
3007230,-3.8956227
3007231,-3.8956227
3007232,-3.8956227
3007233,-3.8956227
3007234,1990.6494
3007235,1275.0573
3007236,1085.3065
3007237,1274.8282
3007238,1549.1488
3007239,1291.3732
3007240,1461.9697
3007241,1291.3732
3007242,735.85175
3007243,365.1488
3007244,735.85175
3007245,1458.1196
3007246,750.1872
3007247,667.64307
3007248,667.64307
3007249,733.64233
3007250,-3.8956227
3007251,-3.8956227
3007252,-3.8956227
3007253,-3.8956227
3007254,-3.8956227
3007255,-3.8956227
3007256,-3.8956227
3007257,-3.8956227
3007258,-3.8956227
3007259,-3.8956227
3007260,-3.8956227
3007261,-3.8956227
3007262,-3.8956227
3007263,-3.8956227
3007264,-3.8956227
3007265,-3.8956227
3007266,1480.7167
3007267,2143.7227
3007268,1757.0194
3007269,1927.6161
3007270,1940.8177
3007271,1792.1233
3007272,1990.2563
3007273,1994.3826
3007274,2397.4658
3007275,1974.2635
3007276,1997.9886
3007277,1959.9098
3007278,1997.9886
3007279,1795.4357
3007280,1997.9121
3007281,1997.9121
3007282,2735.251
3007283,780.4224
3007284,1340.6661
3007285,1812.2329
3007286,1177.8824
3007287,2253.1082
3007288,2253.1082
3007289,2785.6099
3007290,810.8011
3007291,1350.9113
3007292,1188.1276
3007293,1351.8485
3007294,1351.8485
3007295,1350.9113
3007296,2785.5332
3007297,1350.9113
3007298,1663.0116
3007299,432.3213
3007300,1112.2163
3007301,477.4187
3007302,477.4187
3007303,369.4271
3007304,477.85043
3007305,369.4271
3007306,477.4187
3007307,1126.4276
3007308,816.5344
3007309,448.44052
3007310,482.6545
3007311,448.44052
3007312,482.6545
3007313,482.6545
3007314,274.4819
3007315,274.4819
3007316,274.4819
3007317,274.4819
3007318,274.4819
3007319,954.02094
3007320,324.86334
3007321,324.86334
3007322,324.86334
3007323,324.86334
3007324,324.86334
3007325,324.86334
3007326,1900.987
3007327,360.9432
3007328,360.9432
3007329,360.9432
3007330,274.4819
3007331,-3.3008227
3007332,-3.3008227
3007333,1500.3752
3007334,47.727474
3007335,47.727474
3007336,47.727474
3007337,-4.5021715
3007338,-4.5021715
3007339,-4.5021715
3007340,1991.1027
3007341,47.080868
3007342,47.080868
3007343,324.63434
3007344,360.9432
3007345,360.9432
3007346,3777.6143
3007347,2213.6382
3007348,2182.2893
3007349,2357.7625
3007350,2236.4128
3007351,2336.0542
3007352,2206.4924
3007353,2358.1147
3007354,2174.7754
3007355,2134.364
3007356,2187.2349
3007357,2185.543
3007358,2185.546
3007359,2185.546
3007360,2378.7048
3007361,2397.1482
3007362,-4.1676106
3007363,-4.1676106
3007364,-4.1676106
3007365,-4.1676106
3007366,284.74115
3007367,-3.5728104
3007368,-3.5728104
3007369,-3.5728104
3007370,-3.5728104
3007371,-3.5728104
3007372,-3.5728104
3007373,174.1828
3007374,-3.5728104
3007375,-3.5728104
3007376,-3.5728104
3007377,-3.5728104
3007378,-4.1676106
3007379,-4.1676106
3007380,-4.1676106
3007381,-4.1676106
3007382,-4.1676106
3007383,-4.1676106
3007384,-4.1676106
3007385,-4.1676106
3007386,-4.1676106
3007387,-4.1676106
3007388,-4.1676106
3007389,-4.1676106
3007390,-4.1676106
3007391,-4.1676106
3007392,-4.1676106
3007393,-4.1676106
3007394,284.74115
3007395,174.1828
3007396,-3.5728104
3007397,-3.5728104
3007398,-3.5728104
3007399,174.1828
3007400,-3.5728104
3007401,-3.5728104
3007402,-3.5728104
3007403,-3.5728104
3007404,174.1828
3007405,-3.5728104
3007406,-3.5728104
3007407,-3.5728104
3007408,-3.5728104
3007409,-3.5728104
3007410,650.2239
3007411,-3.5728104
3007412,174.1828
3007413,156.32704
3007414,156.32704
3007415,208.55669
3007416,30.80106
3007417,-21.428577
3007418,156.32704
3007419,156.32704
3007420,-21.428577
3007421,-21.428577
3007422,155.68044
3007423,-22.075186
3007424,-22.075186
3007425,-22.075186
3007426,-4.1676106
3007427,-4.1676106
3007428,-4.1676106
3007429,-4.1676106
3007430,-4.1676106
3007431,-4.1676106
3007432,-4.1676106
3007433,-4.1676106
3007434,-4.1676106
3007435,-4.1676106
3007436,-4.1676106
3007437,-4.1676106
3007438,-4.1676106
3007439,-4.1676106
3007440,-4.1676106
3007441,-4.1676106
3007442,1486.1582
3007443,684.10596
3007444,370.08603
3007445,1317.1007
3007446,1725.599
3007447,846.6605
3007448,863.01666
3007449,863.01666
3007450,863.01666
3007451,1333.6456
3007452,1742.0198
3007453,861.95514
3007454,861.95514
3007455,876.2906
3007456,876.2906
3007457,391.8667
3007458,-4.0250845
3007459,-4.0250845
3007460,-4.0250845
3007461,-4.0250845
3007462,-4.0250845
3007463,-4.0250845
3007464,-4.0250845
3007465,-4.0250845
3007466,-4.0250845
3007467,-4.0250845
3007468,-4.0250845
3007469,-4.0250845
3007470,-4.0250845
3007471,-4.0250845
3007472,-4.0250845
3007473,-4.0250845
3007474,1362.7578
3007475,66.60576
3007476,66.60576
3007477,66.60576
3007478,66.60576
3007479,66.60576
3007480,66.60576
3007481,-22.52746
3007482,-22.52746
3007483,-22.52746
3007484,-22.52746
3007485,-22.52746
3007486,-22.52746
3007487,-22.52746
3007488,-22.52746
3007489,-22.52746
3007490,313.66522
3007491,-3.4302852
3007492,-3.4302852
3007493,-3.4302852
3007494,-3.4302852
3007495,-3.4302852
3007496,-3.4302852
3007497,-4.0250845
3007498,-4.0250845
3007499,-4.0250845
3007500,-4.0250845
3007501,-4.0250845
3007502,-4.0250845
3007503,-4.0250845
3007504,-4.0250845
3007505,-4.0250845
3007506,1929.7715
3007507,208.69922
3007508,317.7891
3007509,354.098
3007510,244.3614
3007511,354.098
3007512,244.22014
3007513,208.05261
3007514,-21.932661
3007515,-21.932661
3007516,-21.932661
3007517,-21.932661
3007518,-21.932661
3007519,-21.932661
3007520,-22.52746
3007521,-22.52746
3007522,-4.0250845
3007523,-4.0250845
3007524,-4.0250845
3007525,-4.0250845
3007526,-4.0250845
3007527,-4.0250845
3007528,-4.0250845
3007529,-4.0250845
3007530,-4.0250845
3007531,-4.0250845
3007532,-4.0250845
3007533,-4.0250845
3007534,-4.0250845
3007535,-4.0250845
3007536,-4.0250845
3007537,-4.0250845
3007538,-4.0250845
3007539,1362.7578
3007540,66.60576
3007541,66.60576
3007542,66.60576
3007543,66.60576
3007544,66.60576
3007545,66.60576
3007546,1391.415
3007547,66.37675
3007548,66.37675
3007549,66.37675
3007550,66.37675
3007551,66.37675
3007552,66.37675
3007553,1387.0717
3007554,1530.7495
3007555,848.03503
3007556,1318.4752
3007557,847.8463
3007558,1743.5184
3007559,1743.5184
3007560,908.89
3007561,1743.5184
3007562,864.26697
3007563,1743.3943
3007564,1757.7297
3007565,1757.7297
3007566,1757.7297
3007567,878.3852
3007568,1757.5126
3007569,877.4479
3007570,-3.6867602
3007571,-3.6867602
3007572,-3.6867602
3007573,-3.6867602
3007574,-3.6867602
3007575,-3.6867602
3007576,-3.6867602
3007577,-3.6867602
3007578,-3.6867602
3007579,-3.6867602
3007580,-3.6867602
3007581,-3.6867602
3007582,-3.6867602
3007583,-3.6867602
3007584,-3.6867602
3007585,-3.6867602
3007586,-3.6867602
3007587,-3.6867602
3007588,-3.6867602
3007589,-3.6867602
3007590,-3.6867602
3007591,-3.6867602
3007592,-3.6867602
3007593,-3.6867602
3007594,-3.6867602
3007595,-3.6867602
3007596,-3.6867602
3007597,-3.6867602
3007598,-3.6867602
3007599,-3.6867602
3007600,-3.6867602
3007601,-3.6867602
3007602,-3.6867602
3007603,-3.6867602
3007604,812.977
3007605,-3.0919616
3007606,-3.0919616
3007607,-3.0919616
3007608,-3.0919616
3007609,-3.0919616
3007610,-3.0919616
3007611,758.1306
3007612,-21.594336
3007613,-21.594336
3007614,-21.594336
3007615,-21.594336
3007616,-21.594336
3007617,-21.594336
3007618,-3.6867602
3007619,-3.6867602
3007620,-3.6867602
3007621,-3.6867602
3007622,-3.6867602
3007623,-3.6867602
3007624,-3.6867602
3007625,-3.6867602
3007626,-3.6867602
3007627,-3.6867602
3007628,-3.6867602
3007629,-3.6867602
3007630,-3.6867602
3007631,-3.6867602
3007632,-3.6867602
3007633,-3.6867602
3007634,2407.0085
3007635,397.23364
3007636,397.23364
3007637,397.23364
3007638,184.79536
3007639,397.23364
3007640,1184.4675
3007641,416.41232
3007642,127.94557
3007643,127.94557
3007644,303.92065
3007645,303.92065
3007646,303.92065
3007647,1063.7318
3007648,303.92065
3007649,303.92065
3007650,1487.3154
3007651,246.16731
3007652,333.1368
3007653,361.77704
3007654,361.77704
3007655,332.7665
3007656,349.12482
3007657,1724.7246
3007658,349.12482
3007659,361.54803
3007660,349.12482
3007661,349.12482
3007662,349.12482
3007663,349.12482
3007664,68.41142
3007665,703.1648
3007666,-1.8491474
3007667,-1.8491474
3007668,-1.8491474
3007669,176.13124
3007670,-1.2543479
3007671,-1.2543479
3007672,-1.2543479
3007673,-1.2543479
3007674,-1.2543479
3007675,-1.2543479
3007676,263.92252
3007677,-1.2543479
3007678,-1.2543479
3007679,-1.2543479
3007680,-1.2543479
3007681,-1.2543479
3007682,-3.9125173
3007683,-3.9125173
3007684,-3.9125173
3007685,-3.9125173
3007686,-3.9125173
3007687,-3.9125173
3007688,-3.9125173
3007689,-3.9125173
3007690,-3.9125173
3007691,-3.9125173
3007692,-3.9125173
3007693,-3.9125173
3007694,-3.9125173
3007695,-3.9125173
3007696,-3.9125173
3007697,-3.9125173
3007698,-3.9125173
3007699,-3.9125173
3007700,-3.9125173
3007701,-3.9125173
3007702,-3.9125173
3007703,-3.9125173
3007704,-3.9125173
3007705,-3.9125173
3007706,-3.9125173
3007707,-3.9125173
3007708,-3.9125173
3007709,-3.9125173
3007710,-3.9125173
3007711,-3.9125173
3007712,-3.9125173
3007713,-3.9125173
3007714,658.2903
3007715,274.465
3007716,274.465
3007717,274.465
3007718,-3.3177173
3007719,-3.3177173
3007720,-3.3177173
3007721,-3.3177173
3007722,274.465
3007723,274.465
3007724,273.26367
3007725,273.26367
3007726,-4.519066
3007727,273.26367
3007728,273.26367
3007729,273.26367
3007730,1813.7582
3007731,1969.4651
3007732,2335.1228
3007733,2177.1025
3007734,2221.8308
3007735,2221.6138
3007736,2190.4817
3007737,2225.3865
3007738,2386.9937
3007739,2361.3047
3007740,2385.594
3007741,2359.905
3007742,2380.1562
3007743,2375.8127
3007744,2380.1562
3007745,2365.3901
3007746,-3.8956227
3007747,-3.8956227
3007748,-3.8956227
3007749,-3.8956227
3007750,-3.8956227
3007751,-3.8956227
3007752,-3.8956227
3007753,-3.8956227
3007754,-3.8956227
3007755,-3.8956227
3007756,-3.8956227
3007757,-3.8956227
3007758,-3.8956227
3007759,-3.8956227
3007760,-3.8956227
3007761,-3.8956227
3007762,2532.3801
3007763,1275.0573
3007764,1112.0448
3007765,1112.0448
3007766,1549.1488
3007767,1128.5897
3007768,744.6997
3007769,1291.3732
3007770,744.6997
3007771,736.85034
3007772,735.85175
3007773,1563.6117
3007774,667.64307
3007775,667.64307
3007776,667.64307
3007777,733.64233
3007778,-3.8956227
3007779,-3.8956227
3007780,-3.8956227
3007781,-3.8956227
3007782,-3.8956227
3007783,-3.8956227
3007784,-3.8956227
3007785,-3.8956227
3007786,-3.8956227
3007787,-3.8956227
3007788,-3.8956227
3007789,-3.8956227
3007790,-3.8956227
3007791,-3.8956227
3007792,-3.8956227
3007793,-3.8956227
3007794,1381.917
3007795,1720.4915
3007796,1682.8387
3007797,1742.6849
3007798,1947.0421
3007799,1974.6167
3007800,1990.0392
3007801,1990.0392
3007802,1994.2466
3007803,1997.9886
3007804,1993.6453
3007805,2400.8872
3007806,1795.4357
3007807,1997.9121
3007808,1997.9121
3007809,1997.9121
3007810,2756.3882
3007811,1341.6034
3007812,2253.3252
3007813,1812.0157
3007814,2218.4492
3007815,2187.3171
3007816,2234.7593
3007817,2785.5332
3007818,823.5788
3007819,1157.1567
3007820,1350.9113
3007821,1350.9113
3007822,1143.788
3007823,1350.9113
3007824,2784.6294
3007825,1350.9113
3007826,1663.0116
3007827,461.1028
3007828,1119.0377
3007829,477.85043
3007830,1013.8122
3007831,648.44714
3007832,1012.562
3007833,438.59393
3007834,438.59393
3007835,1131.2551
3007836,482.86905
3007837,856.08356
3007838,816.3172
3007839,816.3172
3007840,448.22333
3007841,482.86905
3007842,274.4819
3007843,274.4819
3007844,274.4819
3007845,274.4819
3007846,274.4819
3007847,1423.8147
3007848,361.1722
3007849,361.1722
3007850,361.1722
3007851,361.1722
3007852,361.1722
3007853,361.1722
3007854,1459.8945
3007855,360.9432
3007856,360.9432
3007857,360.9432
3007858,274.4819
3007859,274.4819
3007860,-3.3008227
3007861,2030.488
3007862,83.38965
3007863,83.38965
3007864,83.38965
3007865,47.080868
3007866,47.080868
3007867,324.86334
3007868,2027.3472
3007869,83.16064
3007870,83.16064
3007871,83.16064
3007872,83.16064
3007873,83.16064
3007874,3688.6567
3007875,2385.1523
3007876,2357.7625
3007877,2281.6982
3007878,2277.5793
3007879,2260.0667
3007880,2281.6316
3007881,2358.1147
3007882,2358.1147
3007883,2358.1147
3007884,2358.1147
3007885,2202.044
3007886,2257.4597
3007887,2352.9
3007888,2470.398
3007889,2385.19
3007890,-4.1676106
3007891,-4.1676106
3007892,-4.1676106
3007893,-4.1676106
3007894,174.1828
3007895,-3.5728104
3007896,-3.5728104
3007897,-3.5728104
3007898,-3.5728104
3007899,-3.5728104
3007900,-3.5728104
3007901,284.74115
3007902,-3.5728104
3007903,-3.5728104
3007904,-3.5728104
3007905,-3.5728104
3007906,-4.1676106
3007907,-4.1676106
3007908,-4.1676106
3007909,-4.1676106
3007910,-4.1676106
3007911,-4.1676106
3007912,-4.1676106
3007913,-4.1676106
3007914,-4.1676106
3007915,-4.1676106
3007916,-4.1676106
3007917,-4.1676106
3007918,-4.1676106
3007919,-4.1676106
3007920,-4.1676106
3007921,-4.1676106
3007922,284.74115
3007923,-3.5728104
3007924,-3.5728104
3007925,-3.5728104
3007926,-3.5728104
3007927,-3.5728104
3007928,-3.5728104
3007929,-4.1676106
3007930,-4.1676106
3007931,-4.1676106
3007932,284.74115
3007933,174.1828
3007934,-3.5728104
3007935,-3.5728104
3007936,174.1828
3007937,266.06363
3007938,650.2239
3007939,174.1828
3007940,156.32704
3007941,-21.428577
3007942,-21.428577
3007943,156.32704
3007944,-21.428577
3007945,156.32704
3007946,-21.428577
3007947,156.32704
3007948,156.32704
3007949,-21.428577
3007950,155.68044
3007951,-22.075186
3007952,155.68044
3007953,155.68044
3007954,-4.1676106
3007955,-4.1676106
3007956,-4.1676106
3007957,-4.1676106
3007958,-4.1676106
3007959,-4.1676106
3007960,-4.1676106
3007961,-4.1676106
3007962,-4.1676106
3007963,-4.1676106
3007964,-4.1676106
3007965,-4.1676106
3007966,-4.1676106
3007967,-4.1676106
3007968,-4.1676106
3007969,-4.1676106
3007970,1486.1582
3007971,846.7008
3007972,846.6605
3007973,1317.1007
3007974,683.87695
3007975,726.8061
3007976,700.4218
3007977,683.87695
3007978,846.4718
3007979,846.4718
3007980,1725.4749
3007981,717.7065
3007982,717.7065
3007983,717.7065
3007984,373.4096
3007985,696.96216
3007986,-4.0250845
3007987,-4.0250845
3007988,-4.0250845
3007989,-4.0250845
3007990,-4.0250845
3007991,-4.0250845
3007992,-4.0250845
3007993,-4.0250845
3007994,-4.0250845
3007995,-4.0250845
3007996,-4.0250845
3007997,-4.0250845
3007998,-4.0250845
3007999,-4.0250845
3008000,-4.0250845
3008001,-4.0250845
3008002,1362.7578
3008003,66.60576
3008004,66.60576
3008005,66.60576
3008006,66.60576
3008007,66.60576
3008008,66.60576
3008009,-22.52746
3008010,-22.52746
3008011,-22.52746
3008012,-22.52746
3008013,-22.52746
3008014,-22.52746
3008015,-22.52746
3008016,-22.52746
3008017,-22.52746
3008018,301.242
3008019,-3.4302852
3008020,-3.4302852
3008021,-3.4302852
3008022,-3.4302852
3008023,-3.4302852
3008024,-3.4302852
3008025,-4.0250845
3008026,-4.0250845
3008027,-4.0250845
3008028,-4.0250845
3008029,-4.0250845
3008030,-4.0250845
3008031,-4.0250845
3008032,-4.0250845
3008033,-4.0250845
3008034,1304.5872
3008035,-21.286053
3008036,318.4357
3008037,30.943584
3008038,208.69922
3008039,30.943584
3008040,208.05261
3008041,-21.932661
3008042,-21.932661
3008043,-21.932661
3008044,-21.932661
3008045,-21.932661
3008046,-21.932661
3008047,-22.52746
3008048,-22.52746
3008049,-22.52746
3008050,-4.0250845
3008051,-4.0250845
3008052,-4.0250845
3008053,-4.0250845
3008054,-4.0250845
3008055,-4.0250845
3008056,-4.0250845
3008057,-4.0250845
3008058,-4.0250845
3008059,-4.0250845
3008060,-4.0250845
3008061,-4.0250845
3008062,-4.0250845
3008063,-4.0250845
3008064,-4.0250845
3008065,-4.0250845
3008066,-4.0250845
3008067,1655.9263
3008068,30.943584
3008069,30.943584
3008070,30.943584
3008071,30.943584
3008072,30.943584
3008073,30.943584
3008074,1500.7031
3008075,30.067966
3008076,244.13237
3008077,66.37675
3008078,66.37675
3008079,66.37675
3008080,66.37675
3008081,1683.0288
3008082,1368.4757
3008083,847.8463
3008084,1318.4752
3008085,1726.9735
3008086,1335.0201
3008087,1743.5184
3008088,1847.0361
3008089,1610.8286
3008090,1846.912
3008091,1846.912
3008092,1861.2474
3008093,1452.749
3008094,1861.0303
3008095,981.90295
3008096,877.4479
3008097,1757.3766
3008098,-3.6867602
3008099,-3.6867602
3008100,-3.6867602
3008101,-3.6867602
3008102,-3.6867602
3008103,-3.6867602
3008104,-3.6867602
3008105,-3.6867602
3008106,-3.6867602
3008107,-3.6867602
3008108,-3.6867602
3008109,-3.6867602
3008110,-3.6867602
3008111,-3.6867602
3008112,-3.6867602
3008113,-3.6867602
3008114,-3.6867602
3008115,-3.6867602
3008116,-3.6867602
3008117,-3.6867602
3008118,-3.6867602
3008119,-3.6867602
3008120,-3.6867602
3008121,-3.6867602
3008122,-3.6867602
3008123,-3.6867602
3008124,-3.6867602
3008125,-3.6867602
3008126,-3.6867602
3008127,-3.6867602
3008128,-3.6867602
3008129,-3.6867602
3008130,-3.6867602
3008131,-3.6867602
3008132,1655.8945
3008133,31.28191
3008134,31.28191
3008135,31.28191
3008136,31.28191
3008137,31.28191
3008138,31.28191
3008139,758.31934
3008140,-21.594336
3008141,-21.594336
3008142,-21.594336
3008143,-21.594336
3008144,-21.594336
3008145,-21.594336
3008146,-3.6867602
3008147,-3.6867602
3008148,-3.6867602
3008149,-3.6867602
3008150,-3.6867602
3008151,-3.6867602
3008152,-3.6867602
3008153,-3.6867602
3008154,-3.6867602
3008155,-3.6867602
3008156,-3.6867602
3008157,-3.6867602
3008158,-3.6867602
3008159,-3.6867602
3008160,-3.6867602
3008161,-3.6867602
3008162,2407.0852
3008163,392.00076
3008164,392.00076
3008165,392.00076
3008166,392.00076
3008167,392.00076
3008168,2339.2625
3008169,513.6926
3008170,513.6926
3008171,513.6926
3008172,513.6926
3008173,511.8807
3008174,511.8807
3008175,2346.413
3008176,511.03238
3008177,511.03238
3008178,1487.3154
3008179,361.91833
3008180,68.7817
3008181,332.9955
3008182,361.77704
3008183,361.54803
3008184,361.54803
3008185,349.2661
3008186,68.55269
3008187,332.9078
3008188,349.12482
3008189,245.93828
3008190,349.2661
3008191,68.55269
3008192,349.2661
3008193,349.12482
3008194,-1.8491474
3008195,-1.8491474
3008196,-1.8491474
3008197,263.92252
3008198,-1.2543479
3008199,-1.2543479
3008200,-1.2543479
3008201,-1.2543479
3008202,-1.2543479
3008203,-1.2543479
3008204,263.92252
3008205,-1.2543479
3008206,-1.2543479
3008207,-1.2543479
3008208,-1.2543479
3008209,-1.2543479
3008210,-3.9125173
3008211,-3.9125173
3008212,-3.9125173
3008213,-3.9125173
3008214,274.465
3008215,-3.3177173
3008216,-3.3177173
3008217,-3.3177173
3008218,-3.3177173
3008219,-3.3177173
3008220,-3.3177173
3008221,-3.9125173
3008222,274.465
3008223,-3.3177173
3008224,-3.3177173
3008225,-3.3177173
3008226,-3.9125173
3008227,-3.9125173
3008228,-3.9125173
3008229,274.465
3008230,-3.3177173
3008231,-3.3177173
3008232,-3.3177173
3008233,-3.3177173
3008234,-3.3177173
3008235,-3.3177173
3008236,-3.9125173
3008237,-3.9125173
3008238,-3.9125173
3008239,-3.9125173
3008240,-3.9125173
3008241,-3.9125173
3008242,658.2903
3008243,274.465
3008244,-3.3177173
3008245,-3.3177173
3008246,-3.3177173
3008247,274.465
3008248,-3.3177173
3008249,-3.3177173
3008250,-3.3177173
3008251,-3.3177173
3008252,-3.3177173
3008253,274.465
3008254,-3.3177173
3008255,-3.3177173
3008256,-3.3177173
3008257,274.465
3008258,1872.314
3008259,2016.5879
3008260,2097.2341
3008261,2378.1667
3008262,2218.9897
3008263,2190.4817
3008264,2194.2239
3008265,2088.732
3008266,2192.8242
3008267,2192.8242
3008268,2192.8242
3008269,2192.8242
3008270,2192.8242
3008271,2192.8242
3008272,2191.9758
3008273,2190.842
3008274,-3.8956227
3008275,-3.8956227
3008276,-3.8956227
3008277,-3.8956227
3008278,-3.8956227
3008279,-3.8956227
3008280,-3.8956227
3008281,-3.8956227
3008282,-3.8956227
3008283,-3.8956227
3008284,-3.8956227
3008285,-3.8956227
3008286,-3.8956227
3008287,-3.8956227
3008288,-3.8956227
3008289,-3.8956227
3008290,1994.9928
3008291,1274.8282
3008292,1274.8282
3008293,1085.3065
3008294,1443.6567
3008295,745.1315
3008296,915.728
3008297,745.1315
3008298,684.13293
3008299,736.85034
3008300,657.9995
3008301,1533.4078
3008302,667.64307
3008303,733.64233
3008304,733.64233
3008305,667.64307
3008306,-3.8956227
3008307,-3.8956227
3008308,-3.8956227
3008309,-3.8956227
3008310,-3.8956227
3008311,-3.8956227
3008312,-3.8956227
3008313,-3.8956227
3008314,-3.8956227
3008315,-3.8956227
3008316,-3.8956227
3008317,-3.8956227
3008318,-3.8956227
3008319,-3.8956227
3008320,-3.8956227
3008321,-3.8956227
3008322,1383.166
3008323,1737.0364
3008324,1688.2096
3008325,1742.6849
3008326,1792.1987
3008327,1791.9816
3008328,1974.3995
3008329,1791.7701
3008330,1978.0056
3008331,2401.052
3008332,1795.5876
3008333,1997.9121
3008334,1795.4357
3008335,1795.5111
3008336,1795.5111
3008337,1795.4357
3008338,2756.3882
3008339,1812.2329
3008340,1812.2329
3008341,2253.1082
3008342,2218.4492
3008343,2234.944
3008344,1780.6989
3008345,2763.2815
3008346,1351.8485
3008347,1350.9113
3008348,1188.1276
3008349,1351.8485
3008350,1350.9113
3008351,1351.8485
3008352,2783.551
3008353,1820.4961
3008354,1643.0286
3008355,1459.8945
3008356,1291.7295
3008357,981.89526
3008358,1012.562
3008359,1174.471
3008360,1173.5337
3008361,972.79565
3008362,987.1311
3008363,1305.7236
3008364,986.77795
3008365,652.8981
3008366,653.32983
3008367,1026.3595
3008368,1189.1431
3008369,982.0197
3008370,346.5939
3008371,274.4819
3008372,274.4819
3008373,274.4819
3008374,274.4819
3008375,1847.3282
3008376,361.0309
3008377,461.1028
3008378,360.8019
3008379,360.8019
3008380,432.0923
3008381,360.8019
3008382,1894.7257
3008383,360.8019
3008384,360.8019
3008385,432.0923
3008386,274.4819
3008387,274.4819
3008388,-3.3008227
3008389,2030.488
3008390,83.38965
3008391,83.38965
3008392,83.38965
3008393,361.1722
3008394,47.080868
3008395,47.080868
3008396,2038.5
3008397,46.851856
3008398,46.851856
3008399,46.851856
3008400,324.63434
3008401,324.63434
3008402,3797.0522
3008403,2557.3604
3008404,2362.0122
3008405,2361.9355
3008406,2410.1785
3008407,2320.023
3008408,2448.7393
3008409,2483.264
3008410,2448.7393
3008411,2281.644
3008412,2278.121
3008413,2301.3486
3008414,2304.1868
3008415,2383.1758
3008416,2481.9944
3008417,2578.0469
3008418,-4.1676106
3008419,-4.1676106
3008420,-4.1676106
3008421,-4.1676106
3008422,284.74115
3008423,-3.5728104
3008424,-3.5728104
3008425,-3.5728104
3008426,-3.5728104
3008427,-3.5728104
3008428,-3.5728104
3008429,284.74115
3008430,-3.5728104
3008431,-3.5728104
3008432,-3.5728104
3008433,-3.5728104
3008434,-4.1676106
3008435,174.1828
3008436,-3.5728104
3008437,-3.5728104
3008438,-3.5728104
3008439,-3.5728104
3008440,-3.5728104
3008441,-3.5728104
3008442,-4.1676106
3008443,-4.1676106
3008444,-4.1676106
3008445,-4.1676106
3008446,-4.1676106
3008447,-4.1676106
3008448,-4.1676106
3008449,-4.1676106
3008450,284.74115
3008451,174.1828
3008452,174.1828
3008453,174.1828
3008454,-3.5728104
3008455,284.74115
3008456,-3.5728104
3008457,156.32704
3008458,-21.428577
3008459,-21.428577
3008460,266.06363
3008461,-21.428577
3008462,-21.428577
3008463,266.06363
3008464,155.68044
3008465,265.41702
3008466,650.2239
3008467,-3.5728104
3008468,-3.5728104
3008469,174.1828
3008470,266.06363
3008471,-21.428577
3008472,208.55669
3008473,156.32704
3008474,156.32704
3008475,-21.428577
3008476,155.68044
3008477,-22.075186
3008478,-22.075186
3008479,155.68044
3008480,155.68044
3008481,155.68044
3008482,-4.1676106
3008483,-4.1676106
3008484,-4.1676106
3008485,-4.1676106
3008486,-4.1676106
3008487,-4.1676106
3008488,-4.1676106
3008489,-4.1676106
3008490,-4.1676106
3008491,-4.1676106
3008492,-4.1676106
3008493,-4.1676106
3008494,-4.1676106
3008495,-4.1676106
3008496,-4.1676106
3008497,-4.1676106
3008498,1910.9601
3008499,1317.1007
3008500,1317.1007
3008501,1317.1007
3008502,1333.6456
3008503,863.2054
3008504,863.2054
3008505,1742.1439
3008506,863.01666
3008507,862.89246
3008508,861.95514
3008509,1333.5215
3008510,1347.8569
3008511,713.507
3008512,713.507
3008513,732.04193
3008514,-4.0250845
3008515,-4.0250845
3008516,174.32533
3008517,-3.4302852
3008518,-3.4302852
3008519,-3.4302852
3008520,-3.4302852
3008521,-3.4302852
3008522,-3.4302852
3008523,-4.0250845
3008524,-4.0250845
3008525,174.32533
3008526,-3.4302852
3008527,-3.4302852
3008528,-3.4302852
3008529,-3.4302852
3008530,1362.7578
3008531,66.60576
3008532,66.60576
3008533,66.60576
3008534,66.60576
3008535,66.60576
3008536,66.60576
3008537,-22.52746
3008538,-22.52746
3008539,-22.52746
3008540,-22.52746
3008541,-22.52746
3008542,-22.52746
3008543,-22.52746
3008544,-22.52746
3008545,-22.52746
3008546,693.29553
3008547,-3.4302852
3008548,-3.4302852
3008549,174.32533
3008550,-3.4302852
3008551,-3.4302852
3008552,-3.4302852
3008553,-3.4302852
3008554,-3.4302852
3008555,-3.4302852
3008556,-4.0250845
3008557,-4.0250845
3008558,-4.0250845
3008559,-4.0250845
3008560,-4.0250845
3008561,174.32533
3008562,794.1424
3008563,156.46957
3008564,208.69922
3008565,318.4357
3008566,30.943584
3008567,30.943584
3008568,30.943584
3008569,281.91788
3008570,155.82297
3008571,-21.932661
3008572,265.55957
3008573,155.82297
3008574,155.82297
3008575,-21.932661
3008576,155.82297
3008577,155.82297
3008578,-4.0250845
3008579,-4.0250845
3008580,-4.0250845
3008581,-4.0250845
3008582,-4.0250845
3008583,-4.0250845
3008584,-4.0250845
3008585,-4.0250845
3008586,-4.0250845
3008587,-4.0250845
3008588,-4.0250845
3008589,-4.0250845
3008590,-4.0250845
3008591,-4.0250845
3008592,-4.0250845
3008593,-4.0250845
3008594,-4.0250845
3008595,1910.9601
3008596,66.60576
3008597,66.60576
3008598,66.60576
3008599,244.3614
3008600,66.60576
3008601,66.60576
3008602,1383.1193
3008603,66.37675
3008604,66.37675
3008605,66.37675
3008606,66.37675
3008607,66.37675
3008608,66.37675
3008609,1387.0717
3008610,1364.1323
3008611,847.8463
3008612,1543.1711
3008613,1726.9735
3008614,1743.5184
3008615,1743.5184
3008616,1438.5377
3008617,1714.3464
3008618,967.7847
3008619,863.32965
3008620,1349.2314
3008621,1349.2314
3008622,1757.7297
3008623,1751.2512
3008624,1757.5126
3008625,1348.8783
3008626,-3.6867602
3008627,-3.6867602
3008628,-3.6867602
3008629,-3.6867602
3008630,-3.6867602
3008631,-3.6867602
3008632,-3.6867602
3008633,-3.6867602
3008634,-3.6867602
3008635,-3.6867602
3008636,-3.6867602
3008637,-3.6867602
3008638,-3.6867602
3008639,-3.6867602
3008640,-3.6867602
3008641,-3.6867602
3008642,-3.6867602
3008643,-3.6867602
3008644,-3.6867602
3008645,-3.6867602
3008646,-3.6867602
3008647,-3.6867602
3008648,-3.6867602
3008649,-3.6867602
3008650,174.29361
3008651,-3.0919616
3008652,-3.0919616
3008653,-3.0919616
3008654,-3.0919616
3008655,-3.0919616
3008656,-3.0919616
3008657,-3.6867602
3008658,-3.6867602
3008659,-3.6867602
3008660,1477.7065
3008661,30.635303
3008662,30.635303
3008663,208.02089
3008664,30.635303
3008665,354.06628
3008666,66.944084
3008667,1689.2584
3008668,244.10066
3008669,244.10066
3008670,66.71507
3008671,66.71507
3008672,30.406292
3008673,30.406292
3008674,-3.6867602
3008675,174.29361
3008676,174.29361
3008677,-3.0919616
3008678,-3.0919616
3008679,-3.0919616
3008680,174.29361
3008681,174.29361
3008682,174.29361
3008683,174.29361
3008684,-3.0919616
3008685,-3.0919616
3008686,-3.0919616
3008687,-3.0919616
3008688,174.29361
3008689,156.43785
3008690,2405.201
3008691,180.42036
3008692,527.14124
3008693,505.35043
3008694,505.35043
3008695,534.86487
3008696,2339.645
3008697,425.01297
3008698,425.01297
3008699,537.5048
3008700,537.5048
3008701,580.14075
3008702,580.14075
3008703,2456.0615
3008704,535.5229
3008705,535.5229
3008706,1487.3154
3008707,349.49512
3008708,349.35382
3008709,361.54803
3008710,703.1648
3008711,349.12482
3008712,703.1648
3008713,845.59753
3008714,68.41142
3008715,245.79701
3008716,361.54803
3008717,361.54803
3008718,349.12482
3008719,361.54803
3008720,361.68933
3008721,703.1648
3008722,-1.8491474
3008723,-1.8491474
3008724,-1.8491474
3008725,176.13124
3008726,-1.2543479
3008727,-1.2543479
3008728,-1.2543479
3008729,-1.2543479
3008730,-1.2543479
3008731,-1.2543479
3008732,176.13124
3008733,-1.2543479
3008734,-1.2543479
3008735,-1.2543479
3008736,-1.2543479
3008737,-1.2543479
3008738,-3.9125173
3008739,-3.9125173
3008740,-3.9125173
3008741,-3.9125173
3008742,-3.9125173
3008743,-3.9125173
3008744,-3.9125173
3008745,-3.9125173
3008746,-3.9125173
3008747,-3.9125173
3008748,-3.9125173
3008749,-3.9125173
3008750,-3.9125173
3008751,-3.9125173
3008752,720.18005
3008753,-3.3177173
3008754,-3.9125173
3008755,-3.9125173
3008756,-3.9125173
3008757,-3.9125173
3008758,-3.9125173
3008759,-3.9125173
3008760,-3.9125173
3008761,-3.9125173
3008762,-3.9125173
3008763,-3.9125173
3008764,-3.9125173
3008765,-3.9125173
3008766,-3.9125173
3008767,-3.9125173
3008768,-3.9125173
3008769,-3.9125173
3008770,658.2903
3008771,-3.3177173
3008772,-3.3177173
3008773,-3.3177173
3008774,274.465
3008775,-3.3177173
3008776,-3.3177173
3008777,-3.3177173
3008778,-3.3177173
3008779,-3.3177173
3008780,-3.3177173
3008781,274.465
3008782,-3.3177173
3008783,-3.3177173
3008784,-3.3177173
3008785,274.465
3008786,1842.0016
3008787,2144.4863
3008788,2149.9714
3008789,2177.3142
3008790,2360.002
3008791,2383.8162
3008792,2378.1614
3008793,2383.4631
3008794,2357.7742
3008795,2367.0015
3008796,2377.424
3008797,2387.2053
3008798,2376.0244
3008799,2385.8057
3008800,3351.0564
3008801,2370.582
3008802,-3.8956227
3008803,-3.8956227
3008804,-3.8956227
3008805,-3.8956227
3008806,-3.8956227
3008807,-3.8956227
3008808,-3.8956227
3008809,-3.8956227
3008810,-3.8956227
3008811,-3.8956227
3008812,-3.8956227
3008813,-3.8956227
3008814,-3.8956227
3008815,-3.8956227
3008816,-3.8956227
3008817,-3.8956227
3008818,2532.5918
3008819,1112.2738
3008820,1112.0448
3008821,1274.8282
3008822,1465.1431
3008823,1461.781
3008824,1930.726
3008825,1298.1877
3008826,906.4483
3008827,840.44904
3008828,669.85254
3008829,1630.7347
3008830,683.97076
3008831,683.97076
3008832,1684.2753
3008833,847.86115
3008834,-3.8956227
3008835,-3.8956227
3008836,-3.8956227
3008837,-3.8956227
3008838,-3.8956227
3008839,-3.8956227
3008840,-3.8956227
3008841,-3.8956227
3008842,-3.8956227
3008843,-3.8956227
3008844,-3.8956227
3008845,-3.8956227
3008846,-3.8956227
3008847,-3.8956227
3008848,582.08954
3008849,-3.3008227
3008850,1382.1287
3008851,1736.3428
3008852,1683.0504
3008853,1742.0684
3008854,1951.0142
3008855,1974.8284
3008856,1994.5942
3008857,1990.2509
3008858,2397.5415
3008859,2444.9836
3008860,1978.2173
3008861,1960.1215
3008862,2391.62
3008863,1988.645
3008864,2880.5776
3008865,1953.2937
3008866,2734.8738
3008867,1340.6661
3008868,1340.6661
3008869,1340.6661
3008870,2253.1082
3008871,1341.3862
3008872,1812.0157
3008873,2785.2327
3008874,1188.1276
3008875,810.3398
3008876,1188.1276
3008877,1188.1276
3008878,1350.9113
3008879,1350.9113
3008880,2785.156
3008881,1350.9113
3008882,1663.2233
3008883,461.53455
3008884,1114.068
3008885,811.2986
3008886,843.2156
3008887,1013.8122
3008888,981.89526
3008889,841.96533
3008890,468.7508
3008891,1102.8745
3008892,483.08624
3008893,856.08356
3008894,816.3172
3008895,856.08356
3008896,1421.4391
3008897,1216.6974
3008898,274.4819
3008899,274.4819
3008900,274.4819
3008901,274.4819
3008902,274.4819
3008903,1895.1664
3008904,361.1722
3008905,361.1722
3008906,361.1722
3008907,361.1722
3008908,361.1722
3008909,361.1722
3008910,1900.987
3008911,360.9432
3008912,1900.987
3008913,360.8019
3008914,274.4819
3008915,-3.3008227
3008916,-3.3008227
3008917,1500.3752
3008918,47.727474
3008919,47.727474
3008920,47.727474
3008921,-4.5021715
3008922,-4.5021715
3008923,-4.5021715
3008924,1372.3497
3008925,-5.148779
3008926,-5.148779
3008927,324.86334
3008928,2081.07
3008929,360.8019
3008930,3781.5269
3008931,2272.8054
3008932,2187.7043
3008933,2288.6768
3008934,2247.4336
3008935,2348.2212
3008936,2210.9204
3008937,2198.2556
3008938,2198.2556
3008939,2163.3103
3008940,2198.2556
3008941,2196.5637
3008942,2167.239
3008943,2211.0356
3008944,4471.1826
3008945,3460.3928
3008946,-4.1676106
3008947,-4.1676106
3008948,-4.1676106
3008949,-4.1676106
3008950,313.5227
3008951,-3.5728104
3008952,-3.5728104
3008953,-3.5728104
3008954,-3.5728104
3008955,-3.5728104
3008956,-3.5728104
3008957,174.1828
3008958,-3.5728104
3008959,-3.5728104
3008960,313.5227
3008961,-3.5728104
3008962,-4.1676106
3008963,-4.1676106
3008964,-4.1676106
3008965,-4.1676106
3008966,-4.1676106
3008967,-4.1676106
3008968,-4.1676106
3008969,-4.1676106
3008970,-4.1676106
3008971,-4.1676106
3008972,-4.1676106
3008973,-4.1676106
3008974,-4.1676106
3008975,-4.1676106
3008976,-4.1676106
3008977,-4.1676106
3008978,284.74115
3008979,-3.5728104
3008980,174.1828
3008981,-3.5728104
3008982,-3.5728104
3008983,174.1828
3008984,-3.5728104
3008985,-3.5728104
3008986,284.74115
3008987,-3.5728104
3008988,-3.5728104
3008989,-3.5728104
3008990,-3.5728104
3008991,-3.5728104
3008992,758.2085
3008993,-22.075186
3008994,650.2239
3008995,-3.5728104
3008996,-3.5728104
3008997,-3.5728104
3008998,174.1828
3008999,156.32704
3009000,156.32704
3009001,156.32704
3009002,-21.428577
3009003,-21.428577
3009004,-21.428577
3009005,-21.428577
3009006,156.32704
3009007,-21.428577
3009008,758.2085
3009009,155.68044
3009010,-4.1676106
3009011,-4.1676106
3009012,-4.1676106
3009013,-4.1676106
3009014,-4.1676106
3009015,-4.1676106
3009016,-4.1676106
3009017,-4.1676106
3009018,-4.1676106
3009019,-4.1676106
3009020,-4.1676106
3009021,-4.1676106
3009022,-4.1676106
3009023,-4.1676106
3009024,-4.1676106
3009025,-4.1676106
3009026,1486.3699
3009027,846.7008
3009028,846.4718
3009029,846.4718
3009030,1317.1007
3009031,1333.6456
3009032,863.2054
3009033,743.35095
3009034,743.35095
3009035,846.6605
3009036,1333.5215
3009037,1333.5215
3009038,682.6267
3009039,682.6267
3009040,1100.9008
3009041,816.80756
3009042,-4.0250845
3009043,-4.0250845
3009044,-4.0250845
3009045,-4.0250845
3009046,-4.0250845
3009047,-4.0250845
3009048,-4.0250845
3009049,-4.0250845
3009050,-4.0250845
3009051,-4.0250845
3009052,-4.0250845
3009053,-4.0250845
3009054,-4.0250845
3009055,-4.0250845
3009056,-4.0250845
3009057,-4.0250845
3009058,1362.9695
3009059,66.60576
3009060,66.60576
3009061,66.60576
3009062,66.60576
3009063,66.60576
3009064,66.60576
3009065,-22.52746
3009066,-22.52746
3009067,-22.52746
3009068,-22.52746
3009069,-22.52746
3009070,-22.52746
3009071,-22.52746
3009072,-22.52746
3009073,-22.52746
3009074,693.29553
3009075,-3.4302852
3009076,-3.4302852
3009077,-3.4302852
3009078,-3.4302852
3009079,-3.4302852
3009080,-3.4302852
3009081,-4.0250845
3009082,-4.0250845
3009083,-4.0250845
3009084,-4.0250845
3009085,-4.0250845
3009086,-4.0250845
3009087,-4.0250845
3009088,-4.0250845
3009089,-4.0250845
3009090,1304.5872
3009091,-21.286053
3009092,347.21725
3009093,317.7891
3009094,382.87955
3009095,244.3614
3009096,353.9567
3009097,208.05261
3009098,208.05261
3009099,208.05261
3009100,207.8236
3009101,155.59395
3009102,-22.161673
3009103,155.59395
3009104,1543.9163
3009105,66.37675
3009106,-4.0250845
3009107,-4.0250845
3009108,-4.0250845
3009109,-4.0250845
3009110,-4.0250845
3009111,-4.0250845
3009112,-4.0250845
3009113,-4.0250845
3009114,-4.0250845
3009115,-4.0250845
3009116,-4.0250845
3009117,-4.0250845
3009118,-4.0250845
3009119,-4.0250845
3009120,174.32533
3009121,-3.4302852
3009122,-4.0250845
3009123,1477.95
3009124,30.296978
3009125,30.296978
3009126,30.296978
3009127,30.296978
3009128,30.296978
3009129,30.296978
3009130,1733.1643
3009131,66.37675
3009132,66.37675
3009133,66.37675
3009134,66.37675
3009135,66.37675
3009136,1542.0083
3009137,1136.035
3009138,1396.9006
3009139,685.25146
3009140,371.46054
3009141,685.25146
3009142,1726.9735
3009143,1743.5184
3009144,864.5799
3009145,864.3912
3009146,1335.0201
3009147,863.32965
3009148,1334.896
3009149,1743.3943
3009150,1757.7297
3009151,877.6651
3009152,1464.1744
3009153,1005.3945
3009154,-3.6867602
3009155,-3.6867602
3009156,-3.6867602
3009157,-3.6867602
3009158,-3.6867602
3009159,-3.6867602
3009160,-3.6867602
3009161,-3.6867602
3009162,-3.6867602
3009163,-3.6867602
3009164,-3.6867602
3009165,-3.6867602
3009166,-3.6867602
3009167,-3.6867602
3009168,-3.6867602
3009169,-3.6867602
3009170,-3.6867602
3009171,-3.6867602
3009172,-3.6867602
3009173,-3.6867602
3009174,-3.6867602
3009175,-3.6867602
3009176,-3.6867602
3009177,-3.6867602
3009178,-3.6867602
3009179,-3.6867602
3009180,-3.6867602
3009181,-3.6867602
3009182,-3.6867602
3009183,-3.6867602
3009184,313.6335
3009185,-3.0919616
3009186,174.29361
3009187,-3.0919616
3009188,1662.1559
3009189,31.28191
3009190,31.28191
3009191,31.28191
3009192,31.28191
3009193,31.28191
3009194,31.28191
3009195,758.1306
3009196,-21.594336
3009197,155.79124
3009198,-21.594336
3009199,-21.594336
3009200,1317.069
3009201,66.71507
3009202,174.29361
3009203,-3.0919616
3009204,-3.0919616
3009205,-3.0919616
3009206,-3.0919616
3009207,-3.0919616
3009208,-3.0919616
3009209,-3.6867602
3009210,-3.6867602
3009211,-3.6867602
3009212,-3.6867602
3009213,-3.6867602
3009214,-3.6867602
3009215,-3.6867602
3009216,693.26385
3009217,-3.0919616
3009218,2416.8342
3009219,180.42036
3009220,180.42036
3009221,180.42036
3009222,180.42036
3009223,180.42036
3009224,2349.361
3009225,225.22592
3009226,225.22592
3009227,225.22592
3009228,225.22592
3009229,225.22592
3009230,225.22592
3009231,2310.3875
3009232,2460.3096
3009233,233.75287
3009234,1487.5271
3009235,32.4729
3009236,32.4729
3009237,32.4729
3009238,32.4729
3009239,32.4729
3009240,32.4729
3009241,-20.351524
3009242,-20.351524
3009243,-20.351524
3009244,-20.351524
3009245,-20.351524
3009246,-20.351524
3009247,-20.351524
3009248,-20.351524
3009249,-20.351524
3009250,-1.8491474
3009251,-1.8491474
3009252,-1.8491474
3009253,-1.8491474
3009254,-1.8491474
3009255,-1.8491474
3009256,-1.8491474
3009257,-1.8491474
3009258,-1.8491474
3009259,-1.8491474
3009260,-1.8491474
3009261,-1.8491474
3009262,-1.8491474
3009263,-1.8491474
3009264,176.13124
3009265,-1.2543479
3009266,-3.9125173
3009267,-3.9125173
3009268,-3.9125173
3009269,-3.9125173
3009270,-3.9125173
3009271,-3.9125173
3009272,-3.9125173
3009273,-3.9125173
3009274,-3.9125173
3009275,-3.9125173
3009276,-3.9125173
3009277,-3.9125173
3009278,-3.9125173
3009279,-3.9125173
3009280,-3.9125173
3009281,-3.9125173
3009282,-3.9125173
3009283,-3.9125173
3009284,-3.9125173
3009285,-3.9125173
3009286,-3.9125173
3009287,-3.9125173
3009288,-3.9125173
3009289,-3.9125173
3009290,-3.9125173
3009291,-3.9125173
3009292,-3.9125173
3009293,-3.9125173
3009294,-3.9125173
3009295,-3.9125173
3009296,-3.9125173
3009297,-3.9125173
3009298,658.2903
3009299,274.465
3009300,274.465
3009301,274.465
3009302,274.465
3009303,274.465
3009304,273.26367
3009305,273.26367
3009306,273.26367
3009307,273.26367
3009308,273.26367
3009309,272.61707
3009310,272.61707
3009311,272.61707
3009312,-5.1656733
3009313,272.61707
3009314,1842.0016
3009315,2144.4863
3009316,2149.9714
3009317,2361.8032
3009318,2395.5242
3009319,2414.6284
3009320,2250.0137
3009321,2388.5864
3009322,2414.2754
3009323,2392.3286
3009324,2392.3286
3009325,2254.8442
3009326,2396.414
3009327,2390.929
3009328,2254.8442
3009329,2254.8442
3009330,-3.8956227
3009331,-3.8956227
3009332,-3.8956227
3009333,-3.8956227
3009334,-3.8956227
3009335,-3.8956227
3009336,-3.8956227
3009337,-3.8956227
3009338,-3.8956227
3009339,-3.8956227
3009340,-3.8956227
3009341,-3.8956227
3009342,-3.8956227
3009343,-3.8956227
3009344,-3.8956227
3009345,-3.8956227
3009346,2532.5918
3009347,1112.2738
3009348,2224.0527
3009349,1745.2688
3009350,1719.5262
3009351,2465.9465
3009352,2489.7607
3009353,2480.282
3009354,975.4082
3009355,909.40894
3009356,883.78485
3009357,1737.2506
3009358,950.22656
3009359,950.22656
3009360,950.22656
3009361,950.22656
3009362,-3.8956227
3009363,-3.8956227
3009364,-3.8956227
3009365,-3.8956227
3009366,-3.8956227
3009367,-3.8956227
3009368,-3.8956227
3009369,-3.8956227
3009370,-3.8956227
3009371,-3.8956227
3009372,-3.8956227
3009373,-3.8956227
3009374,-3.8956227
3009375,-3.8956227
3009376,-3.8956227
3009377,-3.8956227
3009378,1382.1287
3009379,2143.9343
3009380,2160.479
3009381,1954.297
3009382,1976.1853
3009383,2001.8096
3009384,2021.2804
3009385,2006.0913
3009386,2011.5845
3009387,2025.2706
3009388,2009.0297
3009389,1990.9341
3009390,2029.0127
3009391,2008.9531
3009392,2028.9362
3009393,1826.46
3009394,2961.234
3009395,1836.5537
3009396,2218.341
3009397,1811.2721
3009398,1815.0142
3009399,1815.0142
3009400,1810.6708
3009401,2857.53
3009402,2263.9893
3009403,2263.9893
3009404,1822.2943
3009405,2263.1409
3009406,1350.8163
3009407,2267.1597
3009408,2859.8003
3009409,2261.6985
3009410,1663.2233
3009411,989.4542
3009412,1335.1527
3009413,1205.2832
3009414,1230.9072
3009415,1245.2427
3009416,1254.7212
3009417,1245.2427
3009418,1245.0255
3009419,1430.6417
3009420,1247.5095
3009421,1247.5095
3009422,1084.7263
3009423,1229.6093
3009424,1229.6093
3009425,1229.6093
3009426,274.4819
3009427,274.4819
3009428,274.4819
3009429,274.4819
3009430,274.4819
3009431,1411.5836
3009432,361.0309
3009433,361.0309
3009434,360.8019
3009435,360.8019
3009436,360.8019
3009437,360.8019
3009438,1435.8975
3009439,360.8019
3009440,360.8019
3009441,360.8019
3009442,274.4819
3009443,-3.3008227
3009444,-3.3008227
3009445,1348.149
3009446,83.24838
3009447,83.24838
3009448,83.24838
3009449,83.24838
3009450,83.24838
3009451,83.24838
3009452,1372.4629
3009453,83.01937
3009454,83.01937
3009455,360.8019
3009456,83.01937
3009457,360.8019
3009458,3997.9458
3009459,2426.9854
3009460,2399.5955
3009461,2399.5188
3009462,2400.665
3009463,2452.0115
3009464,2393.3335
3009465,2393.3335
3009466,2393.3335
3009467,2393.3335
3009468,2394.4797
3009469,2390.9568
3009470,2388.1187
3009471,2390.9568
3009472,2515.5518
3009473,3600.863
3009474,-4.1676106
3009475,-4.1676106
3009476,-4.1676106
3009477,-4.1676106
3009478,693.153
3009479,-3.5728104
3009480,-3.5728104
3009481,-3.5728104
3009482,-3.5728104
3009483,-3.5728104
3009484,-3.5728104
3009485,282.42197
3009486,-21.428577
3009487,-21.428577
3009488,-21.428577
3009489,-21.428577
3009490,-4.1676106
3009491,-4.1676106
3009492,-4.1676106
3009493,-4.1676106
3009494,-4.1676106
3009495,-4.1676106
3009496,-4.1676106
3009497,-4.1676106
3009498,-4.1676106
3009499,-4.1676106
3009500,-4.1676106
3009501,-4.1676106
3009502,-4.1676106
3009503,-4.1676106
3009504,-4.1676106
3009505,-4.1676106
3009506,284.74115
3009507,-3.5728104
3009508,174.1828
3009509,174.1828
3009510,174.1828
3009511,174.1828
3009512,174.1828
3009513,-3.5728104
3009514,-3.5728104
3009515,-3.5728104
3009516,156.32704
3009517,156.32704
3009518,-21.428577
3009519,156.32704
3009520,156.32704
3009521,-21.428577
3009522,650.2239
3009523,174.1828
3009524,-3.5728104
3009525,156.32704
3009526,-21.428577
3009527,156.32704
3009528,-21.428577
3009529,156.32704
3009530,-21.428577
3009531,-21.428577
3009532,156.32704
3009533,-21.428577
3009534,156.32704
3009535,155.68044
3009536,155.68044
3009537,155.68044
3009538,-4.1676106
3009539,-4.1676106
3009540,-4.1676106
3009541,-4.1676106
3009542,-4.1676106
3009543,-4.1676106
3009544,-4.1676106
3009545,-4.1676106
3009546,-4.1676106
3009547,-4.1676106
3009548,-4.1676106
3009549,-4.1676106
3009550,-4.1676106
3009551,-4.1676106
3009552,-4.1676106
3009553,-4.1676106
3009554,1362.9695
3009555,684.10596
3009556,846.4718
3009557,1317.1007
3009558,1725.599
3009559,1333.6456
3009560,863.01666
3009561,1333.6456
3009562,1742.0198
3009563,862.89246
3009564,861.95514
3009565,861.95514
3009566,391.8667
3009567,1347.8569
3009568,877.2279
3009569,732.04193
3009570,-4.0250845
3009571,-4.0250845
3009572,-4.0250845
3009573,-4.0250845
3009574,-4.0250845
3009575,-4.0250845
3009576,-4.0250845
3009577,-4.0250845
3009578,-4.0250845
3009579,-4.0250845
3009580,-4.0250845
3009581,-4.0250845
3009582,-4.0250845
3009583,-4.0250845
3009584,-4.0250845
3009585,-4.0250845
3009586,1362.9695
3009587,66.60576
3009588,66.60576
3009589,66.60576
3009590,66.60576
3009591,66.60576
3009592,66.60576
3009593,-22.52746
3009594,-22.52746
3009595,-22.52746
3009596,-22.52746
3009597,-22.52746
3009598,-22.52746
3009599,-22.52746
3009600,-22.52746
3009601,-22.52746
3009602,693.29553
3009603,-3.4302852
3009604,-3.4302852
3009605,294.9877
3009606,347.21725
3009607,317.7891
3009608,208.05261
3009609,334.14743
3009610,382.87955
3009611,354.098
3009612,370.08603
3009613,726.8061
3009614,243.9911
3009615,382.50925
3009616,243.9911
3009617,726.8061
3009618,1304.5872
3009619,208.69922
3009620,318.4357
3009621,317.7891
3009622,382.87955
3009623,244.3614
3009624,244.22014
3009625,208.05261
3009626,30.296978
3009627,-21.932661
3009628,-21.932661
3009629,-21.932661
3009630,-21.932661
3009631,-21.932661
3009632,-22.52746
3009633,-22.52746
3009634,-4.0250845
3009635,-4.0250845
3009636,-4.0250845
3009637,-4.0250845
3009638,-4.0250845
3009639,-4.0250845
3009640,-4.0250845
3009641,-4.0250845
3009642,-4.0250845
3009643,-4.0250845
3009644,-4.0250845
3009645,-4.0250845
3009646,-4.0250845
3009647,-4.0250845
3009648,-4.0250845
3009649,-4.0250845
3009650,-4.0250845
3009651,1395.5261
3009652,66.46449
3009653,66.46449
3009654,66.46449
3009655,66.46449
3009656,66.46449
3009657,66.46449
3009658,1391.6267
3009659,66.37675
3009660,66.37675
3009661,66.37675
3009662,66.37675
3009663,66.37675
3009664,66.37675
3009665,1465.2373
3009666,1364.344
3009667,1318.4752
3009668,1726.9735
3009669,1726.9735
3009670,1743.5184
3009671,1743.5184
3009672,998.72144
3009673,1787.8931
3009674,1877.7242
3009675,1877.7242
3009676,1892.0597
3009677,1759.7058
3009678,1483.3442
3009679,1891.8425
3009680,1885.6569
3009681,1891.5217
3009682,-3.6867602
3009683,-3.6867602
3009684,-3.6867602
3009685,-3.6867602
3009686,-3.6867602
3009687,-3.6867602
3009688,-3.6867602
3009689,-3.6867602
3009690,-3.6867602
3009691,-3.6867602
3009692,-3.6867602
3009693,-3.6867602
3009694,-3.6867602
3009695,-3.6867602
3009696,-3.6867602
3009697,-3.6867602
3009698,-3.6867602
3009699,-3.6867602
3009700,-3.6867602
3009701,-3.6867602
3009702,-3.6867602
3009703,-3.6867602
3009704,-3.6867602
3009705,-3.6867602
3009706,-3.6867602
3009707,-3.6867602
3009708,-3.6867602
3009709,-3.6867602
3009710,-3.6867602
3009711,-3.6867602
3009712,-3.6867602
3009713,-3.6867602
3009714,-3.6867602
3009715,174.29361
3009716,1362.9377
3009717,244.32967
3009718,244.1884
3009719,244.1884
3009720,66.80282
3009721,66.80282
3009722,66.80282
3009723,1543.8845
3009724,244.10066
3009725,66.71507
3009726,244.10066
3009727,244.10066
3009728,66.71507
3009729,244.10066
3009730,-3.6867602
3009731,-3.6867602
3009732,-3.6867602
3009733,-3.6867602
3009734,-3.6867602
3009735,-3.6867602
3009736,-3.6867602
3009737,-3.6867602
3009738,-3.6867602
3009739,-3.6867602
3009740,-3.6867602
3009741,-3.6867602
3009742,-3.6867602
3009743,-3.6867602
3009744,-3.6867602
3009745,-3.6867602
3009746,2571.1758
3009747,203.8486
3009748,203.8486
3009749,203.8486
3009750,203.8486
3009751,203.8486
3009752,2578.9316
3009753,465.30402
3009754,465.30402
3009755,465.30402
3009756,465.30402
3009757,465.30402
3009758,465.30402
3009759,2694.1326
3009760,463.32214
3009761,463.32214
3009762,1487.5271
3009763,333.1368
3009764,349.35382
3009765,683.0027
3009766,845.78625
3009767,683.0027
3009768,361.54803
3009769,703.1648
3009770,349.12482
3009771,349.12482
3009772,703.1648
3009773,845.59753
3009774,845.78625
3009775,683.0027
3009776,694.0652
3009777,694.0652
3009778,-1.8491474
3009779,-1.8491474
3009780,-1.8491474
3009781,176.13124
3009782,-1.2543479
3009783,-1.2543479
3009784,-1.2543479
3009785,-1.2543479
3009786,-1.2543479
3009787,-1.2543479
3009788,176.13124
3009789,-1.2543479
3009790,-1.2543479
3009791,-1.2543479
3009792,-1.2543479
3009793,-1.2543479
3009794,-3.9125173
3009795,-3.9125173
3009796,-3.9125173
3009797,-3.9125173
3009798,-3.9125173
3009799,-3.9125173
3009800,-3.9125173
3009801,-3.9125173
3009802,-3.9125173
3009803,-3.9125173
3009804,-3.9125173
3009805,-3.9125173
3009806,-3.9125173
3009807,-3.9125173
3009808,-3.9125173
3009809,-3.9125173
3009810,-3.9125173
3009811,-3.9125173
3009812,-3.9125173
3009813,-3.9125173
3009814,-3.9125173
3009815,-3.9125173
3009816,-3.9125173
3009817,-3.9125173
3009818,-3.9125173
3009819,-3.9125173
3009820,-3.9125173
3009821,-3.9125173
3009822,-3.9125173
3009823,-3.9125173
3009824,-3.9125173
3009825,-3.9125173
3009826,658.2903
3009827,274.465
3009828,274.465
3009829,658.2903
3009830,656.26715
3009831,708.4968
3009832,325.49304
3009833,325.49304
3009834,324.84644
3009835,324.84644
3009836,272.61707
3009837,272.61707
3009838,-5.1656733
3009839,272.61707
3009840,272.61707
3009841,272.61707
3009842,1838.317
3009843,1972.3008
3009844,2173.8362
3009845,2252.8547
3009846,2252.6377
3009847,2252.5017
3009848,2225.4143
3009849,2225.2478
3009850,2225.2478
3009851,2223.8481
3009852,2223.8481
3009853,2223.8481
3009854,2223.8481
3009855,2223.8481
3009856,2222.9998
3009857,2222.9998
3009858,-3.8956227
3009859,-3.8956227
3009860,-3.8956227
3009861,-3.8956227
3009862,-3.8956227
3009863,-3.8956227
3009864,-3.8956227
3009865,-3.8956227
3009866,-3.8956227
3009867,-3.8956227
3009868,-3.8956227
3009869,-3.8956227
3009870,-3.8956227
3009871,-3.8956227
3009872,-3.8956227
3009873,-3.8956227
3009874,1995.2045
3009875,1745.2688
3009876,1274.6395
3009877,2224.0527
3009878,3212.6655
3009879,1540.1299
3009880,2489.5437
3009881,2010.7595
3009882,984.66974
3009883,918.6705
3009884,984.5338
3009885,3215.978
3009886,990.8602
3009887,990.8602
3009888,981.3815
3009889,981.3815
3009890,-3.8956227
3009891,-3.8956227
3009892,-3.8956227
3009893,-3.8956227
3009894,-3.8956227
3009895,-3.8956227
3009896,-3.8956227
3009897,-3.8956227
3009898,-3.8956227
3009899,-3.8956227
3009900,-3.8956227
3009901,-3.8956227
3009902,-3.8956227
3009903,-3.8956227
3009904,-3.8956227
3009905,-3.8956227
3009906,1384.3094
3009907,1730.8496
3009908,1752.8877
3009909,1719.3611
3009910,1798.5051
3009911,2025.6238
3009912,2015.5701
3009913,1987.328
3009914,2428.3337
3009915,2432.0776
3009916,2009.0297
3009917,2029.0127
3009918,2028.9362
3009919,1826.5354
3009920,2028.9362
3009921,2008.9531
3009922,2962.106
3009923,1773.1935
3009924,1612.6134
3009925,1612.538
3009926,1617.9912
3009927,1803.0858
3009928,1821.1814
3009929,2854.975
3009930,1825.7667
3009931,1349.9951
3009932,2262.3193
3009933,2262.3193
3009934,1349.9951
3009935,2267.472
3009936,2860.6724
3009937,2155.8518
3009938,1663.2233
3009939,1459.8945
3009940,1283.8529
3009941,1675.9125
3009942,2142.6284
3009943,2166.4426
3009944,2166.4426
3009945,1725.3508
3009946,1725.1337
3009947,1454.3462
3009948,2160.1682
3009949,1248.4468
3009950,2168.2732
3009951,2168.2732
3009952,1255.949
3009953,1726.1172
3009954,274.4819
3009955,274.4819
3009956,274.4819
3009957,274.4819
3009958,274.4819
3009959,1180.483
3009960,360.8019
3009961,360.8019
3009962,360.8019
3009963,360.8019
3009964,360.8019
3009965,360.8019
3009966,1187.1754
3009967,360.8019
3009968,360.8019
3009969,360.8019
3009970,274.4819
3009971,-3.3008227
3009972,-3.3008227
3009973,1828.5276
3009974,83.24838
3009975,83.24838
3009976,83.24838
3009977,83.24838
3009978,83.24838
3009979,83.24838
3009980,1372.4629
3009981,83.01937
3009982,83.01937
3009983,83.01937
3009984,83.01937
3009985,360.8019
3009986,3994.5688
3009987,2415.5854
3009988,2388.1956
3009989,2388.119
3009990,2400.2007
3009991,2422.0386
3009992,2604.6187
3009993,2561.575
3009994,2604.6187
3009995,2570.9053
3009996,2601.0957
3009997,2601.0957
3009998,2558.052
3009999,2601.0957
3010000,2749.2239
3010001,2748.672
3010002,-4.1676106
3010003,-4.1676106
3010004,-4.1676106
3010005,-4.1676106
3010006,693.153
3010007,-3.5728104
3010008,-3.5728104
3010009,-3.5728104
3010010,-3.5728104
3010011,-3.5728104
3010012,-3.5728104
3010013,282.42197
3010014,-21.428577
3010015,-21.428577
3010016,-21.428577
3010017,-21.428577
3010018,-4.1676106
3010019,-4.1676106
3010020,-4.1676106
3010021,-4.1676106
3010022,-4.1676106
3010023,-4.1676106
3010024,-4.1676106
3010025,-4.1676106
3010026,-4.1676106
3010027,-4.1676106
3010028,-4.1676106
3010029,-4.1676106
3010030,-4.1676106
3010031,-4.1676106
3010032,-4.1676106
3010033,-4.1676106
3010034,284.74115
3010035,-3.5728104
3010036,174.1828
3010037,-3.5728104
3010038,-3.5728104
3010039,-3.5728104
3010040,174.1828
3010041,-3.5728104
3010042,174.1828
3010043,174.1828
3010044,174.1828
3010045,-3.5728104
3010046,-3.5728104
3010047,-3.5728104
3010048,156.32704
3010049,-21.428577
3010050,650.2239
3010051,174.1828
3010052,-3.5728104
3010053,156.32704
3010054,156.32704
3010055,-21.428577
3010056,208.55669
3010057,-21.428577
3010058,156.32704
3010059,-21.428577
3010060,265.41702
3010061,155.68044
3010062,155.68044
3010063,155.68044
3010064,265.41702
3010065,155.68044
3010066,-4.1676106
3010067,-4.1676106
3010068,-4.1676106
3010069,-4.1676106
3010070,-4.1676106
3010071,-4.1676106
3010072,-4.1676106
3010073,-4.1676106
3010074,-4.1676106
3010075,-4.1676106
3010076,-4.1676106
3010077,-4.1676106
3010078,-4.1676106
3010079,-4.1676106
3010080,-4.1676106
3010081,-4.1676106
3010082,1362.9695
3010083,1719.5493
3010084,1317.1007
3010085,1719.5493
3010086,1736.0942
3010087,1333.6456
3010088,1467.9756
3010089,861.95514
3010090,1333.5215
3010091,862.89246
3010092,1347.8569
3010093,1756.3552
3010094,876.2906
3010095,876.07336
3010096,877.0107
3010097,876.07336
3010098,-4.0250845
3010099,-4.0250845
3010100,-4.0250845
3010101,-4.0250845
3010102,-4.0250845
3010103,-4.0250845
3010104,-4.0250845
3010105,-4.0250845
3010106,-4.0250845
3010107,-4.0250845
3010108,-4.0250845
3010109,-4.0250845
3010110,-4.0250845
3010111,-4.0250845
3010112,-4.0250845
3010113,-4.0250845
3010114,1911.1718
3010115,66.60576
3010116,66.60576
3010117,66.60576
3010118,66.60576
3010119,66.60576
3010120,354.098
3010121,-21.932661
3010122,-21.932661
3010123,-21.932661
3010124,-21.932661
3010125,-21.932661
3010126,-21.932661
3010127,265.55957
3010128,-21.932661
3010129,-21.932661
3010130,650.36646
3010131,294.9877
3010132,208.69922
3010133,346.57065
3010134,208.05261
3010135,354.098
3010136,382.73825
3010137,370.45633
3010138,244.13237
3010139,244.13237
3010140,30.067966
3010141,346.34164
3010142,207.8236
3010143,207.8236
3010144,155.59395
3010145,155.59395
3010146,1304.5872
3010147,347.21725
3010148,727.1764
3010149,382.73825
3010150,726.8061
3010151,382.50925
3010152,382.50925
3010153,382.50925
3010154,353.7277
3010155,353.7277
3010156,382.50925
3010157,353.869
3010158,353.869
3010159,244.13237
3010160,30.067966
3010161,207.8236
3010162,-4.0250845
3010163,-4.0250845
3010164,-4.0250845
3010165,-4.0250845
3010166,-4.0250845
3010167,-4.0250845
3010168,-4.0250845
3010169,-4.0250845
3010170,-4.0250845
3010171,-4.0250845
3010172,-4.0250845
3010173,-4.0250845
3010174,-4.0250845
3010175,-4.0250845
3010176,-4.0250845
3010177,-4.0250845
3010178,-4.0250845
3010179,1395.5261
3010180,66.46449
3010181,66.46449
3010182,66.46449
3010183,66.46449
3010184,66.46449
3010185,66.46449
3010186,1419.84
3010187,66.23548
3010188,66.23548
3010189,66.23548
3010190,66.23548
3010191,66.23548
3010192,66.23548
3010193,1419.84
3010194,917.35
3010195,847.8463
3010196,1726.9735
3010197,1737.4688
3010198,1743.5184
3010199,1877.8484
3010200,1469.3501
3010201,1787.8931
3010202,1877.7242
3010203,1892.0597
3010204,1757.7297
3010205,1796.1788
3010206,1885.7928
3010207,922.88403
3010208,1801.8754
3010209,1891.5217
3010210,-3.6867602
3010211,-3.6867602
3010212,-3.6867602
3010213,-3.6867602
3010214,-3.6867602
3010215,-3.6867602
3010216,-3.6867602
3010217,-3.6867602
3010218,-3.6867602
3010219,-3.6867602
3010220,-3.6867602
3010221,-3.6867602
3010222,-3.6867602
3010223,-3.6867602
3010224,-3.6867602
3010225,-3.6867602
3010226,-3.6867602
3010227,-3.6867602
3010228,-3.6867602
3010229,-3.6867602
3010230,-3.6867602
3010231,-3.6867602
3010232,-3.6867602
3010233,-3.6867602
3010234,-3.6867602
3010235,-3.6867602
3010236,-3.6867602
3010237,-3.6867602
3010238,-3.6867602
3010239,-3.6867602
3010240,-3.6867602
3010241,-3.6867602
3010242,174.29361
3010243,-3.0919616
3010244,1395.4944
3010245,244.1884
3010246,244.1884
3010247,244.1884
3010248,66.80282
3010249,66.80282
3010250,66.80282
3010251,1391.595
3010252,243.9594
3010253,243.9594
3010254,66.57381
3010255,243.9594
3010256,243.9594
3010257,243.9594
3010258,174.29361
3010259,-3.0919616
3010260,284.85196
3010261,-3.0919616
3010262,-3.0919616
3010263,-3.0919616
3010264,-3.0919616
3010265,-3.0919616
3010266,-3.0919616
3010267,284.85196
3010268,-3.0919616
3010269,-3.0919616
3010270,-3.0919616
3010271,-3.0919616
3010272,-3.0919616
3010273,-3.0919616
3010274,2687.0515
3010275,481.05026
3010276,481.05026
3010277,481.05026
3010278,481.05026
3010279,481.05026
3010280,2577.6504
3010281,591.1648
3010282,591.1648
3010283,591.1648
3010284,591.1648
3010285,591.1648
3010286,591.1648
3010287,2692.8513
3010288,589.49524
3010289,589.49524
3010290,1487.5271
3010291,1720.7302
3010292,703.1648
3010293,1724.7246
3010294,1316.2264
3010295,862.14246
3010296,1332.7714
3010297,699.5476
3010298,699.5476
3010299,711.86035
3010300,1332.6472
3010301,1741.1454
3010302,875.4164
3010303,876.3537
3010304,724.94556
3010305,875.4164
3010306,-1.8491474
3010307,-1.8491474
3010308,-1.8491474
3010309,280.28076
3010310,-1.2543479
3010311,-1.2543479
3010312,-1.2543479
3010313,-1.2543479
3010314,-1.2543479
3010315,-1.2543479
3010316,261.60324
3010317,-19.110117
3010318,-19.110117
3010319,-19.110117
3010320,-19.110117
3010321,-19.110117
3010322,-3.9125173
3010323,-3.9125173
3010324,-3.9125173
3010325,-3.9125173
3010326,-3.9125173
3010327,-3.9125173
3010328,-3.9125173
3010329,-3.9125173
3010330,-3.9125173
3010331,-3.9125173
3010332,-3.9125173
3010333,-3.9125173
3010334,-3.9125173
3010335,-3.9125173
3010336,-3.9125173
3010337,-3.9125173
3010338,-3.9125173
3010339,-3.9125173
3010340,-3.9125173
3010341,-3.9125173
3010342,-3.9125173
3010343,-3.9125173
3010344,-3.9125173
3010345,-3.9125173
3010346,-3.9125173
3010347,-3.9125173
3010348,-3.9125173
3010349,-3.9125173
3010350,-3.9125173
3010351,-3.9125173
3010352,-3.9125173
3010353,-3.9125173
3010354,658.2903
3010355,274.465
3010356,-3.3177173
3010357,274.465
3010358,-3.3177173
3010359,-3.3177173
3010360,274.465
3010361,274.465
3010362,274.465
3010363,273.26367
3010364,273.26367
3010365,-4.519066
3010366,-4.519066
3010367,273.26367
3010368,273.26367
3010369,-4.519066
3010370,1838.317
3010371,2149.9714
3010372,2149.9714
3010373,2235.1707
3010374,2412.4207
3010375,2277.275
3010376,2436.0178
3010377,2415.6306
3010378,2431.5383
3010379,2435.2805
3010380,2435.2805
3010381,2419.3728
3010382,2438.2244
3010383,2417.9731
3010384,2281.8884
3010385,2281.8884
3010386,-3.8956227
3010387,-3.8956227
3010388,-3.8956227
3010389,-3.8956227
3010390,-3.8956227
3010391,-3.8956227
3010392,-3.8956227
3010393,-3.8956227
3010394,-3.8956227
3010395,-3.8956227
3010396,-3.8956227
3010397,-3.8956227
3010398,-3.8956227
3010399,-3.8956227
3010400,-3.8956227
3010401,-3.8956227
3010402,2519.0732
3010403,1112.2738
3010404,1112.0448
3010405,1274.8282
3010406,1431.599
3010407,1492.5933
3010408,1492.782
3010409,736.2835
3010410,365.1488
3010411,88.77677
3010412,674.54443
3010413,1446.9937
3010414,684.188
3010415,358.24747
3010416,667.64307
3010417,733.64233
3010418,-3.8956227
3010419,-3.8956227
3010420,-3.8956227
3010421,-3.8956227
3010422,-3.8956227
3010423,-3.8956227
3010424,-3.8956227
3010425,-3.8956227
3010426,-3.8956227
3010427,-3.8956227
3010428,-3.8956227
3010429,-3.8956227
3010430,-3.8956227
3010431,-3.8956227
3010432,-3.8956227
3010433,-3.8956227
3010434,1467.4099
3010435,1727.1677
3010436,1743.7126
3010437,1925.1389
3010438,2392.7942
3010439,2009.6875
3010440,2029.3127
3010441,2034.5887
3010442,2018.8131
3010443,2441.8594
3010444,2033.0594
3010445,2445.6016
3010446,2033.0594
3010447,2023.2229
3010448,2028.6395
3010449,2028.6395
3010450,2995.0645
3010451,1399.46
3010452,2311.1816
3010453,2310.9646
3010454,1399.2428
3010455,1869.8723
3010456,2279.8323
3010457,3023.3052
3010458,881.4353
3010459,1408.7678
3010460,1245.9844
3010461,1409.7051
3010462,1408.7678
3010463,1409.7051
3010464,3022.4568
3010465,1407.9194
3010466,1663.2233
3010467,461.1028
3010468,1120.7554
3010469,1207.4081
3010470,1207.4081
3010471,1231.39
3010472,1068.6068
3010473,1206.158
3010474,1003.608
3010475,1326.4045
3010476,1057.3568
3010477,1057.3568
3010478,1057.172
3010479,1057.172
3010480,1057.172
3010481,1016.5739
3010482,274.4819
3010483,274.4819
3010484,274.4819
3010485,274.4819
3010486,274.4819
3010487,1895.1664
3010488,361.1722
3010489,361.1722
3010490,361.1722
3010491,361.1722
3010492,361.1722
3010493,361.1722
3010494,1434.3904
3010495,360.8019
3010496,360.8019
3010497,360.8019
3010498,274.4819
3010499,-3.3008227
3010500,-3.3008227
3010501,1994.391
3010502,47.080868
3010503,47.080868
3010504,47.080868
3010505,47.080868
3010506,47.080868
3010507,47.080868
3010508,1991.0853
3010509,46.851856
3010510,46.851856
3010511,324.63434
3010512,360.9432
3010513,83.16064
3010514,4027.799
3010515,2332.7563
3010516,2426.8062
3010517,2448.8762
3010518,2350.5754
3010519,2411.9749
3010520,2420.3777
3010521,2420.3777
3010522,2301.422
3010523,2331.5518
3010524,2425.3
3010525,2345.7896
3010526,2421.777
3010527,2421.777
3010528,2522.7034
3010529,2526.946
3010530,-4.1676106
3010531,-4.1676106
3010532,-4.1676106
3010533,-4.1676106
3010534,313.5227
3010535,-3.5728104
3010536,-3.5728104
3010537,-3.5728104
3010538,-3.5728104
3010539,-3.5728104
3010540,-3.5728104
3010541,284.74115
3010542,-3.5728104
3010543,-3.5728104
3010544,-3.5728104
3010545,-3.5728104
3010546,-4.1676106
3010547,-4.1676106
3010548,-4.1676106
3010549,-4.1676106
3010550,-4.1676106
3010551,-4.1676106
3010552,-4.1676106
3010553,-4.1676106
3010554,-4.1676106
3010555,-4.1676106
3010556,-4.1676106
3010557,-4.1676106
3010558,-4.1676106
3010559,-4.1676106
3010560,-4.1676106
3010561,-4.1676106
3010562,284.74115
3010563,-3.5728104
3010564,-3.5728104
3010565,174.1828
3010566,-3.5728104
3010567,-3.5728104
3010568,-3.5728104
3010569,-3.5728104
3010570,174.1828
3010571,174.1828
3010572,174.1828
3010573,-3.5728104
3010574,-3.5728104
3010575,174.1828
3010576,-3.5728104
3010577,156.32704
3010578,650.2239
3010579,-3.5728104
3010580,-3.5728104
3010581,174.1828
3010582,-3.5728104
3010583,-3.5728104
3010584,-3.5728104
3010585,-3.5728104
3010586,-3.5728104
3010587,-3.5728104
3010588,-4.1676106
3010589,-4.1676106
3010590,-4.1676106
3010591,-4.1676106
3010592,-4.1676106
3010593,-4.1676106
3010594,-4.1676106
3010595,-4.1676106
3010596,-4.1676106
3010597,-4.1676106
3010598,-4.1676106
3010599,-4.1676106
3010600,-4.1676106
3010601,-4.1676106
3010602,-4.1676106
3010603,-4.1676106
3010604,-4.1676106
3010605,-4.1676106
3010606,-4.1676106
3010607,-4.1676106
3010608,-4.1676106
3010609,-4.1676106
3010610,1486.3699
3010611,382.87955
3010612,370.31503
3010613,726.8061
3010614,846.4718
3010615,1317.1007
3010616,846.6605
3010617,846.4718
3010618,726.8061
3010619,846.6605
3010620,683.87695
3010621,846.6605
3010622,360.9864
3010623,717.7065
3010624,717.7065
3010625,682.6267
3010626,-4.0250845
3010627,-4.0250845
3010628,-4.0250845
3010629,-4.0250845
3010630,-4.0250845
3010631,-4.0250845
3010632,-4.0250845
3010633,-4.0250845
3010634,-4.0250845
3010635,-4.0250845
3010636,-4.0250845
3010637,-4.0250845
3010638,-4.0250845
3010639,-4.0250845
3010640,-4.0250845
3010641,-4.0250845
3010642,1362.9695
3010643,66.60576
3010644,66.60576
3010645,66.60576
3010646,66.60576
3010647,66.60576
3010648,66.60576
3010649,-22.52746
3010650,-22.52746
3010651,-22.52746
3010652,-22.52746
3010653,-22.52746
3010654,-22.52746
3010655,-22.52746
3010656,-22.52746
3010657,-22.52746
3010658,301.242
3010659,-3.4302852
3010660,-3.4302852
3010661,-3.4302852
3010662,-3.4302852
3010663,-3.4302852
3010664,-3.4302852
3010665,-4.0250845
3010666,-4.0250845
3010667,-4.0250845
3010668,-4.0250845
3010669,-4.0250845
3010670,-4.0250845
3010671,-4.0250845
3010672,-4.0250845
3010673,-4.0250845
3010674,1929.7715
3010675,208.69922
3010676,208.69922
3010677,317.7891
3010678,244.3614
3010679,66.60576
3010680,66.60576
3010681,-21.932661
3010682,-21.932661
3010683,-21.932661
3010684,-21.932661
3010685,155.82297
3010686,-21.932661
3010687,-21.932661
3010688,-21.932661
3010689,155.82297
3010690,-4.0250845
3010691,-4.0250845
3010692,-4.0250845
3010693,-4.0250845
3010694,-4.0250845
3010695,-4.0250845
3010696,-4.0250845
3010697,-4.0250845
3010698,-4.0250845
3010699,-4.0250845
3010700,-4.0250845
3010701,-4.0250845
3010702,-4.0250845
3010703,-4.0250845
3010704,-4.0250845
3010705,-4.0250845
3010706,-4.0250845
3010707,1477.95
3010708,30.296978
3010709,30.296978
3010710,30.296978
3010711,30.296978
3010712,30.296978
3010713,30.296978
3010714,1380.591
3010715,66.37675
3010716,66.37675
3010717,66.37675
3010718,66.37675
3010719,66.37675
3010720,66.37675
3010721,1739.8567
3010722,1912.5463
3010723,1318.4752
3010724,1726.9735
3010725,1720.9238
3010726,864.3912
3010727,1737.4688
3010728,1877.8484
3010729,1871.6746
3010730,1877.7242
3010731,998.5973
3010732,1886.01
3010733,1892.0597
3010734,877.4479
3010735,1802.0114
3010736,878.3852
3010737,878.24927
3010738,-3.6867602
3010739,-3.6867602
3010740,-3.6867602
3010741,-3.6867602
3010742,-3.6867602
3010743,-3.6867602
3010744,-3.6867602
3010745,-3.6867602
3010746,-3.6867602
3010747,-3.6867602
3010748,-3.6867602
3010749,-3.6867602
3010750,-3.6867602
3010751,-3.6867602
3010752,-3.6867602
3010753,-3.6867602
3010754,-3.6867602
3010755,-3.6867602
3010756,-3.6867602
3010757,-3.6867602
3010758,-3.6867602
3010759,-3.6867602
3010760,-3.6867602
3010761,-3.6867602
3010762,-3.6867602
3010763,-3.6867602
3010764,-3.6867602
3010765,-3.6867602
3010766,-3.6867602
3010767,-3.6867602
3010768,-3.6867602
3010769,-3.6867602
3010770,-3.6867602
3010771,-3.6867602
3010772,1662.1559
3010773,31.28191
3010774,31.28191
3010775,31.28191
3010776,31.28191
3010777,31.28191
3010778,31.28191
3010779,1683.4377
3010780,30.635303
3010781,30.635303
3010782,207.79187
3010783,30.406292
3010784,30.406292
3010785,30.406292
3010786,-3.6867602
3010787,-3.6867602
3010788,-3.6867602
3010789,-3.6867602
3010790,-3.6867602
3010791,-3.6867602
3010792,-3.6867602
3010793,-3.6867602
3010794,-3.6867602
3010795,-3.6867602
3010796,-3.6867602
3010797,-3.6867602
3010798,-3.6867602
3010799,-3.6867602
3010800,-3.6867602
3010801,-3.6867602
3010802,2662.4763
3010803,449.8572
3010804,449.8572
3010805,449.8572
3010806,449.8572
3010807,449.8572
3010808,1634.2084
3010809,432.01306
3010810,432.01306
3010811,432.01306
3010812,432.01306
3010813,432.01306
3010814,432.01306
3010815,2416.372
3010816,432.01306
3010817,432.01306
3010818,1487.5271
3010819,349.49512
3010820,68.7817
3010821,703.3938
3010822,332.7665
3010823,361.54803
3010824,703.1648
3010825,245.79701
3010826,68.55269
3010827,361.54803
3010828,361.68933
3010829,361.68933
3010830,245.93828
3010831,703.3061
3010832,703.1648
3010833,361.54803
3010834,-1.8491474
3010835,-1.8491474
3010836,-1.8491474
3010837,176.13124
3010838,-1.2543479
3010839,-1.2543479
3010840,-1.2543479
3010841,-1.2543479
3010842,-1.2543479
3010843,-1.2543479
3010844,176.13124
3010845,176.13124
3010846,-1.2543479
3010847,-1.2543479
3010848,-1.2543479
3010849,-1.2543479
3010850,-3.9125173
3010851,-3.9125173
3010852,-3.9125173
3010853,-3.9125173
3010854,-3.9125173
3010855,-3.9125173
3010856,-3.9125173
3010857,-3.9125173
3010858,-3.9125173
3010859,-3.9125173
3010860,-3.9125173
3010861,-3.9125173
3010862,-3.9125173
3010863,-3.9125173
3010864,-3.9125173
3010865,-3.9125173
3010866,-3.9125173
3010867,-3.9125173
3010868,-3.9125173
3010869,-3.9125173
3010870,-3.9125173
3010871,-3.9125173
3010872,-3.9125173
3010873,-3.9125173
3010874,-3.9125173
3010875,-3.9125173
3010876,-3.9125173
3010877,-3.9125173
3010878,-3.9125173
3010879,-3.9125173
3010880,-3.9125173
3010881,-3.9125173
3010882,658.2903
3010883,274.465
3010884,274.465
3010885,274.465
3010886,274.465
3010887,274.465
3010888,273.26367
3010889,-4.519066
3010890,273.26367
3010891,273.26367
3010892,656.26715
3010893,272.61707
3010894,-5.1656733
3010895,-5.1656733
3010896,272.61707
3010897,272.61707
3010898,1838.317
3010899,1972.3008
3010900,2235.1707
3010901,2279.899
3010902,2279.682
3010903,2248.5498
3010904,2252.292
3010905,2252.292
3010906,2412.666
3010907,2248.2683
3010908,2250.8923
3010909,2250.8923
3010910,2443.662
3010911,2281.8884
3010912,2281.8884
3010913,2248.9102
3010914,-3.8956227
3010915,-3.8956227
3010916,-3.8956227
3010917,-3.8956227
3010918,-3.8956227
3010919,-3.8956227
3010920,-3.8956227
3010921,-3.8956227
3010922,-3.8956227
3010923,-3.8956227
3010924,-3.8956227
3010925,-3.8956227
3010926,-3.8956227
3010927,-3.8956227
3010928,-3.8956227
3010929,-3.8956227
3010930,1977.3427
3010931,2210.5342
3010932,1274.6395
3010933,2210.5342
3010934,2909.0679
3010935,2038.0208
3010936,2503.069
3010937,1567.1742
3010938,1011.7139
3010939,1011.7139
3010940,936.2359
3010941,3219.1978
3010942,1008.88696
3010943,908.3802
3010944,908.3802
3010945,982.8015
3010946,-3.8956227
3010947,-3.8956227
3010948,-3.8956227
3010949,-3.8956227
3010950,-3.8956227
3010951,-3.8956227
3010952,-3.8956227
3010953,-3.8956227
3010954,-3.8956227
3010955,-3.8956227
3010956,-3.8956227
3010957,-3.8956227
3010958,-3.8956227
3010959,-3.8956227
3010960,-3.8956227
3010961,-3.8956227
3010962,1368.6102
3010963,1505.1344
3010964,1705.7152
3010965,1786.4066
3010966,1836.7485
3010967,1836.5314
3010968,1805.3993
3010969,1809.1414
3010970,1809.1414
3010971,1808.9894
3010972,1809.0648
3010973,1809.0648
3010974,1809.0648
3010975,1809.0648
3010976,2022.4786
3010977,1839.2125
3010978,2992.8213
3010979,1833.9727
3010980,1635.8398
3010981,1639.5819
3010982,1639.6573
3010983,1827.4529
3010984,1862.3579
3010985,2886.8242
3010986,1382.1814
3010987,1376.727
3010988,1847.3566
3010989,1377.0394
3010990,1847.669
3010991,2294.5159
3010992,2887.7166
3010993,2288.7424
3010994,1663.2233
3010995,989.2655
3010996,1317.5663
3010997,1702.9567
3010998,2169.6729
3010999,2193.487
3011000,2193.487
3011001,1752.1779
3011002,1752.1779
3011003,1511.7112
3011004,1763.3229
3011005,1763.3229
3011006,1762.6401
3011007,1762.6401
3011008,1292.0106
3011009,2204.335
3011010,274.4819
3011011,274.4819
3011012,274.4819
3011013,274.4819
3011014,274.4819
3011015,1413.5654
3011016,360.8019
3011017,360.8019
3011018,360.8019
3011019,360.8019
3011020,360.8019
3011021,360.8019
3011022,1420.2578
3011023,360.8019
3011024,360.8019
3011025,360.8019
3011026,274.4819
3011027,-3.3008227
3011028,-3.3008227
3011029,1848.5106
3011030,83.24838
3011031,83.24838
3011032,83.24838
3011033,83.38965
3011034,83.38965
3011035,83.38965
3011036,1373.2911
3011037,83.01937
3011038,83.01937
3011039,83.01937
3011040,83.01937
3011041,83.01937
3011042,4027.799
3011043,2476.3428
3011044,2409.3271
3011045,2531.3965
3011046,2528.2085
3011047,2449.0408
3011048,2588.6194
3011049,2631.6626
3011050,2597.9492
3011051,2597.9492
3011052,2594.4263
3011053,2628.1396
3011054,2628.1396
3011055,2594.4263
3011056,4040.5952
3011057,4099.662
3011058,-4.1676106
3011059,-4.1676106
3011060,-4.1676106
3011061,-4.1676106
3011062,301.0995
3011063,-3.5728104
3011064,-3.5728104
3011065,-3.5728104
3011066,-3.5728104
3011067,-3.5728104
3011068,-3.5728104
3011069,674.47546
3011070,-21.428577
3011071,-21.428577
3011072,-21.428577
3011073,-21.428577
3011074,-4.1676106
3011075,-4.1676106
3011076,-4.1676106
3011077,-4.1676106
3011078,-4.1676106
3011079,-4.1676106
3011080,-4.1676106
3011081,-4.1676106
3011082,174.1828
3011083,-3.5728104
3011084,-3.5728104
3011085,-3.5728104
3011086,-3.5728104
3011087,-3.5728104
3011088,-3.5728104
3011089,-4.1676106
3011090,284.74115
3011091,-3.5728104
3011092,174.1828
3011093,174.1828
3011094,-3.5728104
3011095,-3.5728104
3011096,-3.5728104
3011097,174.1828
3011098,284.74115
3011099,156.32704
3011100,-21.428577
3011101,156.32704
3011102,-21.428577
3011103,156.32704
3011104,156.32704
3011105,-21.428577
3011106,650.2239
3011107,266.06363
3011108,156.32704
3011109,-21.428577
3011110,318.29318
3011111,208.55669
3011112,207.91008
3011113,155.68044
3011114,-22.075186
3011115,-22.075186
3011116,155.68044
3011117,265.41702
3011118,155.68044
3011119,155.68044
3011120,155.68044
3011121,-22.075186
3011122,-4.1676106
3011123,-4.1676106
3011124,-4.1676106
3011125,-4.1676106
3011126,-4.1676106
3011127,-4.1676106
3011128,-4.1676106
3011129,-4.1676106
3011130,-4.1676106
3011131,-4.1676106
3011132,-4.1676106
3011133,-4.1676106
3011134,-4.1676106
3011135,-4.1676106
3011136,-4.1676106
3011137,-4.1676106
3011138,1486.3699
3011139,1725.599
3011140,846.4718
3011141,1542.0083
3011142,1742.1439
3011143,863.01666
3011144,1467.9756
3011145,863.01666
3011146,862.89246
3011147,1742.0198
3011148,1333.5215
3011149,1756.3552
3011150,877.2279
3011151,876.2906
3011152,1347.6398
3011153,713.2898
3011154,-4.0250845
3011155,-4.0250845
3011156,-4.0250845
3011157,-4.0250845
3011158,-4.0250845
3011159,-4.0250845
3011160,-4.0250845
3011161,-4.0250845
3011162,-4.0250845
3011163,-4.0250845
3011164,-4.0250845
3011165,-4.0250845
3011166,-4.0250845
3011167,-4.0250845
3011168,-4.0250845
3011169,-4.0250845
3011170,1656.138
3011171,30.943584
3011172,30.943584
3011173,30.943584
3011174,30.943584
3011175,30.943584
3011176,727.1764
3011177,-21.932661
3011178,-21.932661
3011179,-21.932661
3011180,-21.932661
3011181,-21.932661
3011182,155.82297
3011183,294.3411
3011184,-21.932661
3011185,-21.932661
3011186,693.29553
3011187,174.32533
3011188,-3.4302852
3011189,-3.4302852
3011190,174.32533
3011191,-3.4302852
3011192,156.46957
3011193,-21.286053
3011194,156.46957
3011195,-21.286053
3011196,266.20618
3011197,265.55957
3011198,155.82297
3011199,155.82297
3011200,155.82297
3011201,155.82297
3011202,1304.5872
3011203,208.69922
3011204,318.4357
3011205,370.45633
3011206,370.31503
3011207,244.22014
3011208,244.22014
3011209,353.869
3011210,244.13237
3011211,207.8236
3011212,346.34164
3011213,207.8236
3011214,207.8236
3011215,207.8236
3011216,155.59395
3011217,155.59395
3011218,-4.0250845
3011219,-4.0250845
3011220,-4.0250845
3011221,-4.0250845
3011222,-4.0250845
3011223,-4.0250845
3011224,-4.0250845
3011225,-4.0250845
3011226,-4.0250845
3011227,-4.0250845
3011228,-4.0250845
3011229,-4.0250845
3011230,-4.0250845
3011231,-4.0250845
3011232,-4.0250845
3011233,-4.0250845
3011234,-4.0250845
3011235,950.4622
3011236,66.23548
3011237,66.23548
3011238,66.23548
3011239,66.23548
3011240,66.23548
3011241,66.23548
3011242,957.1544
3011243,66.23548
3011244,66.23548
3011245,66.23548
3011246,66.23548
3011247,66.23548
3011248,66.23548
3011249,957.1544
3011250,1396.9006
3011251,1318.4752
3011252,1726.9735
3011253,1726.9735
3011254,1613.0724
3011255,1745.4945
3011256,1745.3704
3011257,1877.7242
3011258,1759.7058
3011259,1886.01
3011260,1803.9503
3011261,1397.9768
3011262,1805.7223
3011263,1803.6295
3011264,1920.6625
3011265,1933.6758
3011266,-3.6867602
3011267,-3.6867602
3011268,-3.6867602
3011269,-3.6867602
3011270,-3.6867602
3011271,-3.6867602
3011272,-3.6867602
3011273,-3.6867602
3011274,-3.6867602
3011275,-3.6867602
3011276,-3.6867602
3011277,-3.6867602
3011278,-3.6867602
3011279,-3.6867602
3011280,-3.6867602
3011281,-3.6867602
3011282,-3.6867602
3011283,-3.6867602
3011284,-3.6867602
3011285,-3.6867602
3011286,-3.6867602
3011287,-3.6867602
3011288,-3.6867602
3011289,-3.6867602
3011290,-3.6867602
3011291,-3.6867602
3011292,-3.6867602
3011293,-3.6867602
3011294,-3.6867602
3011295,-3.6867602
3011296,-3.6867602
3011297,-3.6867602
3011298,-3.6867602
3011299,-3.6867602
3011300,1395.4944
3011301,244.1884
3011302,244.1884
3011303,66.80282
3011304,66.80282
3011305,244.1884
3011306,66.80282
3011307,1118.3147
3011308,243.9594
3011309,243.9594
3011310,66.57381
3011311,243.9594
3011312,66.57381
3011313,66.57381
3011314,-3.6867602
3011315,-3.6867602
3011316,174.29361
3011317,-3.0919616
3011318,-3.0919616
3011319,-3.0919616
3011320,-3.0919616
3011321,-3.0919616
3011322,-3.0919616
3011323,174.29361
3011324,-3.0919616
3011325,-3.0919616
3011326,-3.0919616
3011327,-3.0919616
3011328,-3.0919616
3011329,-3.0919616
3011330,2604.7002
3011331,443.33102
3011332,443.33102
3011333,443.33102
3011334,443.33102
3011335,443.33102
3011336,2608.785
3011337,492.3482
3011338,492.3482
3011339,316.37314
3011340,604.8401
3011341,604.8401
3011342,604.8401
3011343,2723.9858
3011344,490.36633
3011345,602.85815
3011346,1479.1072
3011347,1316.4554
3011348,845.78625
3011349,845.78625
3011350,845.59753
3011351,683.0027
3011352,365.66968
3011353,1316.2264
3011354,703.1648
3011355,683.0027
3011356,349.12482
3011357,1724.6005
3011358,845.4733
3011359,1332.6472
3011360,1755.4808
3011361,1755.4808
3011362,-1.8491474
3011363,-1.8491474
3011364,-1.8491474
3011365,280.28076
3011366,-1.2543479
3011367,-1.2543479
3011368,-1.2543479
3011369,-1.2543479
3011370,-1.2543479
3011371,-1.2543479
3011372,261.60324
3011373,-19.110117
3011374,-19.110117
3011375,-19.110117
3011376,-19.110117
3011377,-19.110117
3011378,-3.9125173
3011379,-3.9125173
3011380,-3.9125173
3011381,-3.9125173
3011382,-3.9125173
3011383,-3.9125173
3011384,-3.9125173
3011385,-3.9125173
3011386,-3.9125173
3011387,-3.9125173
3011388,-3.9125173
3011389,-3.9125173
3011390,-3.9125173
3011391,-3.9125173
3011392,-3.9125173
3011393,-3.9125173
3011394,-3.9125173
3011395,-3.9125173
3011396,-3.9125173
3011397,-3.9125173
3011398,-3.9125173
3011399,-3.9125173
3011400,-3.9125173
3011401,-3.9125173
3011402,-3.9125173
3011403,-3.9125173
3011404,-3.9125173
3011405,-3.9125173
3011406,-3.9125173
3011407,-3.9125173
3011408,-3.9125173
3011409,-3.9125173
3011410,658.2903
3011411,-3.3177173
3011412,-3.3177173
3011413,274.465
3011414,274.465
3011415,274.465
3011416,274.465
3011417,-3.3177173
3011418,-3.3177173
3011419,274.465
3011420,273.26367
3011421,-4.519066
3011422,-4.519066
3011423,-4.519066
3011424,-4.519066
3011425,273.26367
3011426,1878.2682
3011427,2174.8303
3011428,2236.2922
3011429,2281.0205
3011430,2175.3115
3011431,2249.6714
3011432,2253.4136
3011433,2253.4136
3011434,2252.014
3011435,2252.014
3011436,2252.014
3011437,2252.014
3011438,2252.014
3011439,2280.386
3011440,2282.1616
3011441,2442.8015
3011442,-3.8956227
3011443,-3.8956227
3011444,-3.8956227
3011445,-3.8956227
3011446,-3.8956227
3011447,-3.8956227
3011448,-3.8956227
3011449,-3.8956227
3011450,-3.8956227
3011451,-3.8956227
3011452,-3.8956227
3011453,-3.8956227
3011454,-3.8956227
3011455,-3.8956227
3011456,-3.8956227
3011457,-3.8956227
3011458,1978.4642
3011459,1274.6395
3011460,1112.0448
3011461,1745.2688
3011462,2909.2856
3011463,2038.0208
3011464,2038.0208
3011465,2037.8036
3011466,1011.7139
3011467,1011.7139
3011468,1002.23517
3011469,1821.1648
3011470,983.4843
3011471,983.4843
3011472,983.4843
3011473,983.4843
3011474,-3.8956227
3011475,-3.8956227
3011476,-3.8956227
3011477,-3.8956227
3011478,-3.8956227
3011479,-3.8956227
3011480,-3.8956227
3011481,-3.8956227
3011482,-3.8956227
3011483,-3.8956227
3011484,-3.8956227
3011485,-3.8956227
3011486,-3.8956227
3011487,-3.8956227
3011488,-3.8956227
3011489,-3.8956227
3011490,1370.9808
3011491,1399.9357
3011492,1706.9642
3011493,1827.4877
3011494,1837.653
3011495,1837.653
3011496,1806.5209
3011497,1810.263
3011498,1810.263
3011499,1810.1864
3011500,1810.1864
3011501,1810.1864
3011502,1810.1864
3011503,1810.1864
3011504,1809.338
3011505,1809.2626
3011506,2993.9429
3011507,1835.0942
3011508,1833.5872
3011509,1837.3292
3011510,1838.8363
3011511,2291.4946
3011512,1837.3292
3011513,2886.5679
3011514,825.48376
3011515,1377.7717
3011516,1378.709
3011517,1377.8606
3011518,1377.8606
3011519,2290.1848
3011520,2970.7727
3011521,1375.4813
3011522,1664.3448
3011523,1900.987
3011524,1400.9761
3011525,1702.9567
3011526,2169.6729
3011527,2193.487
3011528,2193.487
3011529,1752.1779
3011530,2193.27
3011531,1454.707
3011532,2204.7964
3011533,2204.7964
3011534,1763.1013
3011535,1762.6401
3011536,1762.6401
3011537,1762.6401
3011538,274.4819
3011539,274.4819
3011540,274.4819
3011541,274.4819
3011542,274.4819
3011543,1360.4894
3011544,360.8019
3011545,360.8019
3011546,360.8019
3011547,360.8019
3011548,360.8019
3011549,360.8019
3011550,1189.1252
3011551,360.8019
3011552,360.8019
3011553,360.8019
3011554,274.4819
3011555,-3.3008227
3011556,-3.3008227
3011557,1849.6322
3011558,83.38965
3011559,83.38965
3011560,83.38965
3011561,361.1722
3011562,83.38965
3011563,83.38965
3011564,1869.6027
3011565,83.16064
3011566,83.16064
3011567,360.9432
3011568,360.9432
3011569,360.8019
3011570,4022.7346
3011571,2447.4243
3011572,2450.0745
3011573,2449.9978
3011574,2529.33
3011575,2632.7842
3011576,2589.741
3011577,2599.0708
3011578,2589.741
3011579,2404.1868
3011580,2446.6394
3011581,2420.0125
3011582,2400.6638
3011583,2453.7258
3011584,2777.3894
3011585,4041.165
3011586,-4.1676106
3011587,-4.1676106
3011588,-4.1676106
3011589,-4.1676106
3011590,693.153
3011591,-3.5728104
3011592,-3.5728104
3011593,-3.5728104
3011594,-3.5728104
3011595,-3.5728104
3011596,-3.5728104
3011597,294.84518
3011598,-21.428577
3011599,-21.428577
3011600,-21.428577
3011601,-21.428577
3011602,-4.1676106
3011603,-4.1676106
3011604,-4.1676106
3011605,-4.1676106
3011606,-4.1676106
3011607,-4.1676106
3011608,-4.1676106
3011609,-4.1676106
3011610,-4.1676106
3011611,-4.1676106
3011612,-4.1676106
3011613,-4.1676106
3011614,-4.1676106
3011615,-4.1676106
3011616,-4.1676106
3011617,-4.1676106
3011618,284.74115
3011619,-3.5728104
3011620,174.1828
3011621,174.1828
3011622,174.1828
3011623,-3.5728104
3011624,174.1828
3011625,-3.5728104
3011626,174.1828
3011627,156.32704
3011628,266.06363
3011629,-21.428577
3011630,156.32704
3011631,156.32704
3011632,155.68044
3011633,155.68044
3011634,650.2239
3011635,266.06363
3011636,318.29318
3011637,318.29318
3011638,317.64658
3011639,353.95547
3011640,353.95547
3011641,317.64658
3011642,317.64658
3011643,207.91008
3011644,317.41757
3011645,317.41757
3011646,317.41757
3011647,317.41757
3011648,207.68106
3011649,207.68106
3011650,-4.1676106
3011651,-4.1676106
3011652,-4.1676106
3011653,-4.1676106
3011654,-4.1676106
3011655,-4.1676106
3011656,-4.1676106
3011657,-4.1676106
3011658,-4.1676106
3011659,-4.1676106
3011660,-4.1676106
3011661,-4.1676106
3011662,-4.1676106
3011663,-4.1676106
3011664,-4.1676106
3011665,-4.1676106
3011666,1912.2933
3011667,1317.1007
3011668,846.4718
3011669,1719.5493
3011670,1736.0942
3011671,863.01666
3011672,1876.4739
3011673,863.01666
3011674,1742.0198
3011675,1333.5215
3011676,1756.3552
3011677,1756.3552
3011678,877.2279
3011679,1347.6398
3011680,713.2898
3011681,713.2898
3011682,-4.0250845
3011683,-4.0250845
3011684,-4.0250845
3011685,-4.0250845
3011686,-4.0250845
3011687,-4.0250845
3011688,-4.0250845
3011689,-4.0250845
3011690,-4.0250845
3011691,-4.0250845
3011692,-4.0250845
3011693,-4.0250845
3011694,-4.0250845
3011695,-4.0250845
3011696,-4.0250845
3011697,-4.0250845
3011698,1364.0911
3011699,66.60576
3011700,66.60576
3011701,66.60576
3011702,66.60576
3011703,66.60576
3011704,354.098
3011705,-21.932661
3011706,-21.932661
3011707,-21.932661
3011708,-21.932661
3011709,-21.932661
3011710,-21.932661
3011711,265.55957
3011712,-21.932661
3011713,-21.932661
3011714,693.29553
3011715,-3.4302852
3011716,-3.4302852
3011717,-3.4302852
3011718,-3.4302852
3011719,-3.4302852
3011720,-3.4302852
3011721,-4.0250845
3011722,-4.0250845
3011723,-4.0250845
3011724,-4.0250845
3011725,-4.0250845
3011726,-4.0250845
3011727,-4.0250845
3011728,-4.0250845
3011729,-4.0250845
3011730,1304.5872
3011731,690.86755
3011732,727.0351
3011733,726.8061
3011734,726.8061
3011735,382.50925
3011736,353.7277
3011737,382.50925
3011738,382.50925
3011739,370.08603
3011740,382.50925
3011741,382.50925
3011742,243.9911
3011743,66.37675
3011744,353.869
3011745,207.8236
3011746,-4.0250845
3011747,-4.0250845
3011748,-4.0250845
3011749,-4.0250845
3011750,-4.0250845
3011751,-4.0250845
3011752,-4.0250845
3011753,-4.0250845
3011754,-4.0250845
3011755,-4.0250845
3011756,-4.0250845
3011757,-4.0250845
3011758,-4.0250845
3011759,-4.0250845
3011760,-4.0250845
3011761,-4.0250845
3011762,-4.0250845
3011763,1396.6477
3011764,66.46449
3011765,66.46449
3011766,66.46449
3011767,66.46449
3011768,66.46449
3011769,66.46449
3011770,1392.7483
3011771,66.37675
3011772,66.37675
3011773,66.37675
3011774,66.37675
3011775,66.37675
3011776,66.37675
3011777,1466.3589
3011778,1369.809
3011779,1720.9238
3011780,847.8463
3011781,1726.9735
3011782,1737.4688
3011783,1743.5184
3011784,1871.7987
3011785,1877.7242
3011786,1877.7242
3011787,1483.5614
3011788,1892.0597
3011789,1759.4886
3011790,1885.7928
3011791,1891.8425
3011792,1885.6569
3011793,1885.472
3011794,-3.6867602
3011795,-3.6867602
3011796,-3.6867602
3011797,-3.6867602
3011798,-3.6867602
3011799,-3.6867602
3011800,-3.6867602
3011801,-3.6867602
3011802,-3.6867602
3011803,-3.6867602
3011804,-3.6867602
3011805,-3.6867602
3011806,-3.6867602
3011807,-3.6867602
3011808,-3.6867602
3011809,-3.6867602
3011810,174.29361
3011811,174.29361
3011812,284.85196
3011813,-3.0919616
3011814,-3.0919616
3011815,174.29361
3011816,284.85196
3011817,-3.0919616
3011818,-3.0919616
3011819,-3.0919616
3011820,-3.0919616
3011821,-3.0919616
3011822,-3.0919616
3011823,-3.6867602
3011824,-3.6867602
3011825,-3.6867602
3011826,-3.6867602
3011827,-3.6867602
3011828,1368.4027
3011829,66.944084
3011830,244.1884
3011831,66.80282
3011832,66.80282
3011833,66.80282
3011834,66.80282
3011835,1392.7166
3011836,66.57381
3011837,66.71507
3011838,66.71507
3011839,66.71507
3011840,66.71507
3011841,66.71507
3011842,-3.6867602
3011843,-3.6867602
3011844,284.85196
3011845,-3.0919616
3011846,-3.0919616
3011847,-3.0919616
3011848,-3.0919616
3011849,-3.0919616
3011850,-3.0919616
3011851,284.85196
3011852,-3.0919616
3011853,-3.0919616
3011854,-3.0919616
3011855,-3.0919616
3011856,-3.0919616
3011857,-3.0919616
3011858,2687.7563
3011859,235.79677
3011860,448.2351
3011861,448.2351
3011862,235.79677
3011863,448.2351
3011864,2609.9065
3011865,604.8401
3011866,604.8401
3011867,604.8401
3011868,604.8401
3011869,618.209
3011870,618.209
3011871,2725.1074
3011872,616.5394
3011873,616.5394
3011874,1487.5271
3011875,32.4729
3011876,32.4729
3011877,32.4729
3011878,32.4729
3011879,32.4729
3011880,32.4729
3011881,-20.351524
3011882,-20.351524
3011883,-20.351524
3011884,-20.351524
3011885,-20.351524
3011886,-20.351524
3011887,-20.351524
3011888,-20.351524
3011889,-20.351524
3011890,-1.8491474
3011891,-1.8491474
3011892,-1.8491474
3011893,263.92252
3011894,-1.2543479
3011895,-1.2543479
3011896,-1.2543479
3011897,-1.2543479
3011898,-1.2543479
3011899,-1.2543479
3011900,263.92252
3011901,-1.2543479
3011902,-1.2543479
3011903,-1.2543479
3011904,-1.2543479
3011905,-1.2543479
3011906,-3.9125173
3011907,-3.9125173
3011908,-3.9125173
3011909,-3.9125173
3011910,-3.9125173
3011911,-3.9125173
3011912,-3.9125173
3011913,-3.9125173
3011914,-3.9125173
3011915,-3.9125173
3011916,-3.9125173
3011917,-3.9125173
3011918,-3.9125173
3011919,-3.9125173
3011920,-3.9125173
3011921,-3.9125173
3011922,-3.9125173
3011923,-3.9125173
3011924,-3.9125173
3011925,-3.9125173
3011926,-3.9125173
3011927,-3.9125173
3011928,-3.9125173
3011929,-3.9125173
3011930,-3.9125173
3011931,-3.9125173
3011932,-3.9125173
3011933,-3.9125173
3011934,-3.9125173
3011935,-3.9125173
3011936,-3.9125173
3011937,-3.9125173
3011938,658.2903
3011939,-3.3177173
3011940,-3.3177173
3011941,-3.3177173
3011942,-3.3177173
3011943,-3.3177173
3011944,-3.3177173
3011945,-3.9125173
3011946,-3.9125173
3011947,-3.9125173
3011948,-3.9125173
3011949,274.465
3011950,274.465
3011951,274.465
3011952,-3.3177173
3011953,-3.3177173
3011954,1843.1232
3011955,1970.7983
3011956,2336.604
3011957,2372.377
3011958,2281.0205
3011959,2278.1794
3011960,2437.1394
3011961,2416.7522
3011962,2284.4097
3011963,2440.7456
3011964,2446.1833
3011965,2439.346
3011966,2419.0947
3011967,2280.386
3011968,2439.346
3011969,2439.346
3011970,-3.8956227
3011971,-3.8956227
3011972,-3.8956227
3011973,-3.8956227
3011974,-3.8956227
3011975,-3.8956227
3011976,-3.8956227
3011977,-3.8956227
3011978,-3.8956227
3011979,-3.8956227
3011980,-3.8956227
3011981,-3.8956227
3011982,-3.8956227
3011983,-3.8956227
3011984,-3.8956227
3011985,-3.8956227
3011986,2520.1948
3011987,728.8156
3011988,1085.3065
3011989,1274.8282
3011990,1433.6523
3011991,1963.2228
3011992,1492.5933
3011993,675.543
3011994,674.54443
3011995,365.1488
3011996,674.54443
3011997,1445.9344
3011998,733.64233
3011999,667.64307
3012000,733.64233
3012001,733.64233
3012002,-3.8956227
3012003,-3.8956227
3012004,-3.8956227
3012005,-3.8956227
3012006,-3.8956227
3012007,-3.8956227
3012008,-3.8956227
3012009,-3.8956227
3012010,-3.8956227
3012011,-3.8956227
3012012,-3.8956227
3012013,-3.8956227
3012014,-3.8956227
3012015,-3.8956227
3012016,-3.8956227
3012017,-3.8956227
3012018,1370.9808
3012019,1728.2893
3012020,1744.8342
3012021,1926.388
3012022,1978.378
3012023,2040.2709
3012024,2040.0537
3012025,2040.0537
3012026,2035.5743
3012027,2445.768
3012028,2445.6016
3012029,2043.6598
3012030,2043.6598
3012031,2436.0461
3012032,2435.8813
3012033,2024.268
3012034,2996.186
3012035,1399.46
3012036,2310.9646
3012037,2310.9646
3012038,1869.8723
3012039,1367.1735
3012040,1367.1735
3012041,3024.4268
3012042,1215.0131
3012043,881.5652
3012044,1201.6443
3012045,1245.9844
3012046,1245.9844
3012047,1245.9844
3012048,3005.5796
3012049,867.3479
3012050,1664.3448
3012051,826.67065
3012052,1112.9606
3012053,1207.4081
3012054,1044.6246
3012055,1206.158
3012056,1231.39
3012057,1206.158
3012058,1206.158
3012059,1330.4359
3012060,1057.4928
3012061,1017.72614
3012062,684.14215
3012063,1017.5903
3012064,1057.172
3012065,679.3839
3012066,274.4819
3012067,274.4819
3012068,274.4819
3012069,274.4819
3012070,274.4819
3012071,1895.1664
3012072,361.1722
3012073,361.1722
3012074,361.1722
3012075,361.1722
3012076,361.1722
3012077,361.1722
3012078,1900.987
3012079,360.9432
3012080,360.9432
3012081,360.9432
3012082,274.4819
3012083,-3.3008227
3012084,-3.3008227
3012085,2006.3219
3012086,83.38965
3012087,83.38965
3012088,83.38965
3012089,47.080868
3012090,47.080868
3012091,47.080868
3012092,2038.7117
3012093,46.851856
3012094,46.851856
3012095,324.63434
3012096,324.63434
3012097,360.9432
3012098,4028.9207
3012099,2376.6233
3012100,2413.8213
3012101,2407.832
3012102,2425.1445
3012103,2459.1785
3012104,2587.201
3012105,2342.9717
3012106,2401.6467
3012107,2300.0037
3012108,2423.8816
3012109,2420.3586
3012110,2404.738
3012111,2404.738
3012112,2454.8179
3012113,2528.0676
3012114,-4.1676106
3012115,-4.1676106
3012116,-4.1676106
3012117,-4.1676106
3012118,174.1828
3012119,-3.5728104
3012120,-3.5728104
3012121,-3.5728104
3012122,-3.5728104
3012123,-3.5728104
3012124,-3.5728104
3012125,284.74115
3012126,-3.5728104
3012127,-3.5728104
3012128,-3.5728104
3012129,-3.5728104
3012130,-4.1676106
3012131,-4.1676106
3012132,-4.1676106
3012133,-4.1676106
3012134,-4.1676106
3012135,-4.1676106
3012136,-4.1676106
3012137,-4.1676106
3012138,-4.1676106
3012139,-4.1676106
3012140,-4.1676106
3012141,-4.1676106
3012142,-4.1676106
3012143,-4.1676106
3012144,-4.1676106
3012145,-4.1676106
3012146,284.74115
3012147,284.74115
3012148,-3.5728104
3012149,284.74115
3012150,174.1828
3012151,156.32704
3012152,156.32704
3012153,-21.428577
3012154,-21.428577
3012155,-21.428577
3012156,266.06363
3012157,265.41702
3012158,155.68044
3012159,265.41702
3012160,155.68044
3012161,155.68044
3012162,650.2239
3012163,-3.5728104
3012164,174.1828
3012165,156.32704
3012166,156.32704
3012167,-21.428577
3012168,208.55669
3012169,-21.428577
3012170,156.32704
3012171,-21.428577
3012172,-21.428577
3012173,156.32704
3012174,155.68044
3012175,155.68044
3012176,155.68044
3012177,265.41702
3012178,-4.1676106
3012179,-4.1676106
3012180,-4.1676106
3012181,-4.1676106
3012182,-4.1676106
3012183,-4.1676106
3012184,-4.1676106
3012185,-4.1676106
3012186,-4.1676106
3012187,-4.1676106
3012188,-4.1676106
3012189,-4.1676106
3012190,-4.1676106
3012191,-4.1676106
3012192,-4.1676106
3012193,-4.1676106
3012194,1912.2933
3012195,846.8895
3012196,683.87695
3012197,1725.599
3012198,846.4718
3012199,700.4218
3012200,1742.1439
3012201,700.4218
3012202,863.01666
3012203,863.01666
3012204,1333.5215
3012205,1333.5215
3012206,861.95514
3012207,713.507
3012208,876.2906
3012209,375.32184
3012210,-4.0250845
3012211,-4.0250845
3012212,-4.0250845
3012213,-4.0250845
3012214,-4.0250845
3012215,-4.0250845
3012216,-4.0250845
3012217,-4.0250845
3012218,-4.0250845
3012219,-4.0250845
3012220,-4.0250845
3012221,-4.0250845
3012222,-4.0250845
3012223,-4.0250845
3012224,-4.0250845
3012225,-4.0250845
3012226,1364.0911
3012227,66.60576
3012228,66.60576
3012229,66.60576
3012230,66.60576
3012231,66.60576
3012232,66.60576
3012233,-22.52746
3012234,-22.52746
3012235,-22.52746
3012236,-22.52746
3012237,-22.52746
3012238,-22.52746
3012239,-22.52746
3012240,-22.52746
3012241,-22.52746
3012242,284.8837
3012243,-3.4302852
3012244,-3.4302852
3012245,-3.4302852
3012246,-3.4302852
3012247,-3.4302852
3012248,-3.4302852
3012249,-4.0250845
3012250,-4.0250845
3012251,-4.0250845
3012252,-4.0250845
3012253,-4.0250845
3012254,-4.0250845
3012255,-4.0250845
3012256,-4.0250845
3012257,-4.0250845
3012258,1731.9287
3012259,318.4357
3012260,382.87955
3012261,382.87955
3012262,353.9567
3012263,353.9567
3012264,382.50925
3012265,353.869
3012266,244.13237
3012267,207.8236
3012268,207.8236
3012269,207.8236
3012270,-22.161673
3012271,155.59395
3012272,155.59395
3012273,155.59395
3012274,-4.0250845
3012275,-4.0250845
3012276,-4.0250845
3012277,-4.0250845
3012278,-4.0250845
3012279,-4.0250845
3012280,-4.0250845
3012281,-4.0250845
3012282,-4.0250845
3012283,-4.0250845
3012284,-4.0250845
3012285,-4.0250845
3012286,-4.0250845
3012287,-4.0250845
3012288,-4.0250845
3012289,-4.0250845
3012290,-4.0250845
3012291,1486.3699
3012292,30.296978
3012293,30.296978
3012294,30.296978
3012295,30.296978
3012296,30.296978
3012297,30.296978
3012298,1505.6992
3012299,30.067966
3012300,30.067966
3012301,30.067966
3012302,30.067966
3012303,30.067966
3012304,30.067966
3012305,1392.7483
3012306,1369.809
3012307,848.03503
3012308,847.8463
3012309,847.8463
3012310,1726.9735
3012311,1335.0201
3012312,1743.5184
3012313,864.3912
3012314,701.7963
3012315,1743.3943
3012316,1743.3943
3012317,1757.7297
3012318,878.6024
3012319,878.6024
3012320,1757.5126
3012321,878.3852
3012322,-3.6867602
3012323,-3.6867602
3012324,-3.6867602
3012325,-3.6867602
3012326,-3.6867602
3012327,-3.6867602
3012328,-3.6867602
3012329,-3.6867602
3012330,-3.6867602
3012331,-3.6867602
3012332,-3.6867602
3012333,-3.6867602
3012334,-3.6867602
3012335,-3.6867602
3012336,-3.6867602
3012337,-3.6867602
3012338,-3.6867602
3012339,-3.6867602
3012340,-3.6867602
3012341,-3.6867602
3012342,-3.6867602
3012343,-3.6867602
3012344,-3.6867602
3012345,-3.6867602
3012346,-3.6867602
3012347,-3.6867602
3012348,-3.6867602
3012349,-3.6867602
3012350,-3.6867602
3012351,-3.6867602
3012352,-3.6867602
3012353,-3.6867602
3012354,-3.6867602
3012355,-3.6867602
3012356,1731.897
3012357,31.28191
3012358,31.28191
3012359,31.28191
3012360,31.28191
3012361,31.28191
3012362,31.28191
3012363,1228.7595
3012364,-21.594336
3012365,208.02089
3012366,30.635303
3012367,30.635303
3012368,30.635303
3012369,30.635303
3012370,174.29361
3012371,-3.0919616
3012372,-3.0919616
3012373,-3.0919616
3012374,-3.0919616
3012375,-3.0919616
3012376,-3.0919616
3012377,-3.6867602
3012378,-3.6867602
3012379,-3.6867602
3012380,-3.6867602
3012381,-3.6867602
3012382,-3.6867602
3012383,-3.6867602
3012384,-3.6867602
3012385,-3.6867602
3012386,2661.7136
3012387,450.71506
3012388,450.71506
3012389,450.71506
3012390,238.27676
3012391,450.71506
3012392,2612.5835
3012393,595.3613
3012394,595.3613
3012395,595.3613
3012396,595.3613
3012397,595.3613
3012398,595.3613
3012399,2708.502
3012400,593.3794
3012401,593.3794
3012402,1657.3188
3012403,349.49512
3012404,349.35382
3012405,683.0027
3012406,349.12482
3012407,703.1648
3012408,361.54803
3012409,332.7665
3012410,332.7665
3012411,703.1648
3012412,845.78625
3012413,703.1648
3012414,361.54803
3012415,845.78625
3012416,845.78625
3012417,683.0027
3012418,-1.8491474
3012419,-1.8491474
3012420,-1.8491474
3012421,263.92252
3012422,-1.2543479
3012423,-1.2543479
3012424,-1.2543479
3012425,-1.2543479
3012426,-1.2543479
3012427,-1.2543479
3012428,-1.8491474
3012429,-1.8491474
3012430,-1.8491474
3012431,-1.8491474
3012432,-1.8491474
3012433,-1.8491474
3012434,-3.9125173
3012435,-3.9125173
3012436,-3.9125173
3012437,-3.9125173
3012438,-3.9125173
3012439,-3.9125173
3012440,-3.9125173
3012441,-3.9125173
3012442,-3.9125173
3012443,-3.9125173
3012444,-3.9125173
3012445,-3.9125173
3012446,-3.9125173
3012447,-3.9125173
3012448,-3.9125173
3012449,-3.9125173
3012450,-3.9125173
3012451,-3.9125173
3012452,-3.9125173
3012453,-3.9125173
3012454,-3.9125173
3012455,-3.9125173
3012456,-3.9125173
3012457,-3.9125173
3012458,-3.9125173
3012459,-3.9125173
3012460,-3.9125173
3012461,-3.9125173
3012462,-3.9125173
3012463,-3.9125173
3012464,-3.9125173
3012465,-3.9125173
3012466,658.2903
3012467,274.465
3012468,274.465
3012469,658.2903
3012470,274.465
3012471,656.26715
3012472,325.49304
3012473,708.4968
3012474,-4.519066
3012475,272.61707
3012476,-5.1656733
3012477,272.61707
3012478,-5.1656733
3012479,272.61707
3012480,-5.1656733
3012481,-5.1656733
3012482,1916.2806
3012483,2581.8608
3012484,1824.2483
3012485,2560.997
3012486,2559.1897
3012487,1570.3059
3012488,1571.5728
3012489,2799.9421
3012490,2189.2932
3012491,2171.2297
3012492,2176.4246
3012493,2184.3145
3012494,2146.522
3012495,2147.771
3012496,2146.522
3012497,2151.9187
3012498,-3.8956227
3012499,-3.8956227
3012500,-3.8956227
3012501,-3.8956227
3012502,-3.8956227
3012503,-3.8956227
3012504,-3.8956227
3012505,-3.8956227
3012506,-3.8956227
3012507,-3.8956227
3012508,-3.8956227
3012509,-3.8956227
3012510,-3.8956227
3012511,-3.8956227
3012512,-3.8956227
3012513,-3.8956227
3012514,2141.0728
3012515,2210.7632
3012516,1274.8282
3012517,1112.0448
3012518,1085.3065
3012519,1274.6395
3012520,1761.8137
3012521,1761.8137
3012522,1761.8137
3012523,2227.2065
3012524,2227.2065
3012525,2221.1565
3012526,2279.991
3012527,1820.7754
3012528,2436.6843
3012529,2442.7341
3012530,-3.8956227
3012531,-3.8956227
3012532,-3.8956227
3012533,-3.8956227
3012534,-3.8956227
3012535,-3.8956227
3012536,-3.8956227
3012537,-3.8956227
3012538,-3.8956227
3012539,-3.8956227
3012540,-3.8956227
3012541,-3.8956227
3012542,-3.8956227
3012543,-3.8956227
3012544,-3.8956227
3012545,-3.8956227
3012546,1468.5315
3012547,1248.0331
3012548,1085.4384
3012549,1248.2218
3012550,1264.578
3012551,1264.7667
3012552,1101.9834
3012553,2200.4724
3012554,1264.7054
3012555,1264.7054
3012556,2194.5498
3012557,2214.9353
3012558,1279.0409
3012559,1278.1036
3012560,1278.8237
3012561,2214.7183
3012562,1205.0271
3012563,2028.9248
3012564,1772.4161
3012565,2182.9993
3012566,2227.2961
3012567,2276.8994
3012568,2276.8994
3012569,1823.0123
3012570,1364.1399
3012571,2241.2786
3012572,2241.0938
3012573,2279.283
3012574,2292.4626
3012575,2254.0508
3012576,2262.1558
3012577,2262.1558
3012578,1664.3448
3012579,989.4542
3012580,1298.4353
3012581,1044.6246
3012582,1231.39
3012583,1068.6068
3012584,1094.2307
3012585,1068.6068
3012586,1245.7255
3012587,1327.3901
3012588,1220.1403
3012589,1219.9554
3012590,679.3839
3012591,1057.172
3012592,1224.6348
3012593,1249.8668
3012594,274.4819
3012595,-3.3008227
3012596,1664.3448
3012597,83.24838
3012598,83.24838
3012599,83.24838
3012600,83.24838
3012601,83.38965
3012602,83.38965
3012603,1684.3153
3012604,83.16064
3012605,83.16064
3012606,83.16064
3012607,83.16064
3012608,83.16064
3012609,83.16064
3012610,274.4819
3012611,-3.3008227
3012612,-3.3008227
3012613,-3.3008227
3012614,-3.3008227
3012615,-3.3008227
3012616,-3.3008227
3012617,-3.8956227
3012618,-3.8956227
3012619,-3.8956227
3012620,-3.8956227
3012621,-3.8956227
3012622,-3.8956227
3012623,274.4819
3012624,-3.3008227
3012625,274.4819
3012626,2290.741
3012627,2347.09
3012628,2381.199
3012629,2280.1072
3012630,2349.8499
3012631,2353.592
3012632,2353.592
3012633,2252.5508
3012634,2250.3477
3012635,2349.157
3012636,2347.1748
3012637,2347.1748
3012638,2423.1624
3012639,2221.8367
3012640,2445.9197
3012641,2446.6394
3012642,-4.1676106
3012643,-4.1676106
3012644,-4.1676106
3012645,-4.1676106
3012646,-4.1676106
3012647,-4.1676106
3012648,-4.1676106
3012649,-4.1676106
3012650,-4.1676106
3012651,-4.1676106
3012652,-4.1676106
3012653,-4.1676106
3012654,-4.1676106
3012655,-4.1676106
3012656,-4.1676106
3012657,-4.1676106
3012658,-4.1676106
3012659,-4.1676106
3012660,-4.1676106
3012661,-4.1676106
3012662,-4.1676106
3012663,-4.1676106
3012664,-4.1676106
3012665,-4.1676106
3012666,-4.1676106
3012667,-4.1676106
3012668,-4.1676106
3012669,-4.1676106
3012670,-4.1676106
3012671,-4.1676106
3012672,-4.1676106
3012673,-4.1676106
3012674,284.74115
3012675,-3.5728104
3012676,-3.5728104
3012677,-3.5728104
3012678,174.1828
3012679,174.1828
3012680,-3.5728104
3012681,-3.5728104
3012682,-3.5728104
3012683,-3.5728104
3012684,-3.5728104
3012685,-3.5728104
3012686,174.1828
3012687,-3.5728104
3012688,-3.5728104
3012689,-3.5728104
3012690,650.2239
3012691,174.1828
3012692,266.06363
3012693,318.29318
3012694,346.4281
3012695,353.95547
3012696,244.21886
3012697,207.91008
3012698,207.91008
3012699,317.64658
3012700,317.64658
3012701,207.68106
3012702,155.45142
3012703,155.45142
3012704,155.45142
3012705,155.45142
3012706,-4.1676106
3012707,-4.1676106
3012708,-4.1676106
3012709,-4.1676106
3012710,-4.1676106
3012711,-4.1676106
3012712,-4.1676106
3012713,-4.1676106
3012714,-4.1676106
3012715,-4.1676106
3012716,-4.1676106
3012717,-4.1676106
3012718,-4.1676106
3012719,-4.1676106
3012720,-4.1676106
3012721,-4.1676106
3012722,1656.138
3012723,382.87955
3012724,727.0351
3012725,683.87695
3012726,683.87695
3012727,726.8061
3012728,370.08603
3012729,370.08603
3012730,370.08603
3012731,370.08603
3012732,726.8061
3012733,382.50925
3012734,382.50925
3012735,243.9911
3012736,243.9911
3012737,244.13237
3012738,-4.0250845
3012739,-4.0250845
3012740,-4.0250845
3012741,-4.0250845
3012742,-4.0250845
3012743,-4.0250845
3012744,-4.0250845
3012745,-4.0250845
3012746,-4.0250845
3012747,-4.0250845
3012748,-4.0250845
3012749,-4.0250845
3012750,-4.0250845
3012751,-4.0250845
3012752,-4.0250845
3012753,-4.0250845
3012754,1364.0911
3012755,66.60576
3012756,66.60576
3012757,66.60576
3012758,66.60576
3012759,66.60576
3012760,66.60576
3012761,-22.52746
3012762,-22.52746
3012763,-22.52746
3012764,-22.52746
3012765,-22.52746
3012766,-22.52746
3012767,-22.52746
3012768,155.82297
3012769,-21.932661
3012770,693.29553
3012771,174.32533
3012772,174.32533
3012773,-3.4302852
3012774,266.20618
3012775,208.69922
3012776,208.69922
3012777,-21.286053
3012778,265.55957
3012779,155.82297
3012780,-21.932661
3012781,155.82297
3012782,155.82297
3012783,294.3411
3012784,155.82297
3012785,346.57065
3012786,1304.5872
3012787,334.14743
3012788,684.10596
3012789,683.87695
3012790,726.8061
3012791,353.7277
3012792,726.8061
3012793,370.08603
3012794,243.9911
3012795,382.50925
3012796,370.08603
3012797,382.50925
3012798,243.9911
3012799,353.869
3012800,244.13237
3012801,353.869
3012802,-4.0250845
3012803,-4.0250845
3012804,-4.0250845
3012805,-4.0250845
3012806,-4.0250845
3012807,-4.0250845
3012808,-4.0250845
3012809,-4.0250845
3012810,-4.0250845
3012811,-4.0250845
3012812,-4.0250845
3012813,-4.0250845
3012814,-4.0250845
3012815,-4.0250845
3012816,-4.0250845
3012817,-4.0250845
3012818,-4.0250845
3012819,-4.0250845
3012820,865.612
3012821,58.31576
3012822,58.31576
3012823,58.31576
3012824,58.31576
3012825,58.31576
3012826,58.31576
3012827,904.20013
3012828,56.101055
3012829,56.101055
3012830,56.101055
3012831,56.101055
3012832,56.101055
3012833,56.101055
3012834,1398.0222
3012835,847.8463
3012836,1318.4752
3012837,1726.9735
3012838,1743.5184
3012839,1743.5184
3012840,1877.8484
3012841,1743.3943
3012842,864.26697
3012843,1743.3943
3012844,1796.1788
3012845,1358.8062
3012846,1891.8425
3012847,1885.7928
3012848,1891.7065
3012849,1891.5217
3012850,-3.6867602
3012851,-3.6867602
3012852,-3.6867602
3012853,-3.6867602
3012854,-3.6867602
3012855,-3.6867602
3012856,-3.6867602
3012857,-3.6867602
3012858,-3.6867602
3012859,-3.6867602
3012860,-3.6867602
3012861,-3.6867602
3012862,-3.6867602
3012863,-3.6867602
3012864,-3.6867602
3012865,-3.6867602
3012866,-3.6867602
3012867,-3.6867602
3012868,-3.6867602
3012869,-3.6867602
3012870,-3.6867602
3012871,-3.6867602
3012872,-3.6867602
3012873,-3.6867602
3012874,-3.6867602
3012875,-3.6867602
3012876,-3.6867602
3012877,-3.6867602
3012878,-3.6867602
3012879,-3.6867602
3012880,-3.6867602
3012881,-3.6867602
3012882,-3.6867602
3012883,-3.6867602
3012884,866.55414
3012885,58.654087
3012886,58.654087
3012887,58.654087
3012888,58.654087
3012889,58.654087
3012890,58.654087
3012891,866.55414
3012892,58.654087
3012893,58.654087
3012894,58.654087
3012895,58.654087
3012896,58.654087
3012897,58.654087
3012898,-3.6867602
3012899,-3.6867602
3012900,-3.6867602
3012901,-3.6867602
3012902,-3.6867602
3012903,-3.6867602
3012904,-3.6867602
3012905,-3.6867602
3012906,-3.6867602
3012907,-3.6867602
3012908,-3.6867602
3012909,-3.6867602
3012910,-3.6867602
3012911,-3.6867602
3012912,-3.6867602
3012913,-3.6867602
3012914,2673.7312
3012915,972.3053
3012916,972.3053
3012917,972.3053
3012918,972.3053
3012919,630.99036
3012920,630.99036
3012921,2621.9675
3012922,603.09406
3012923,560.4578
3012924,447.96622
3012925,560.4578
3012926,556.8158
3012927,556.8158
3012928,2674.1172
3012929,183.04042
3012930,1487.5271
3012931,32.4729
3012932,32.4729
3012933,32.4729
3012934,32.4729
3012935,32.4729
3012936,32.4729
3012937,-20.351524
3012938,-20.351524
3012939,-20.351524
3012940,-20.351524
3012941,-20.351524
3012942,-20.351524
3012943,-20.351524
3012944,-20.351524
3012945,-20.351524
3012946,-1.8491474
3012947,-1.8491474
3012948,280.28076
3012949,-1.2543479
3012950,-1.2543479
3012951,-1.2543479
3012952,-1.2543479
3012953,-1.2543479
3012954,176.13124
3012955,261.60324
3012956,-19.110117
3012957,-19.110117
3012958,-19.110117
3012959,158.27548
3012960,158.27548
3012961,-19.110117
3012962,-3.9125173
3012963,-3.9125173
3012964,-3.9125173
3012965,-3.9125173
3012966,-3.9125173
3012967,-3.9125173
3012968,-3.9125173
3012969,-3.9125173
3012970,-3.9125173
3012971,-3.9125173
3012972,-3.9125173
3012973,-3.9125173
3012974,-3.9125173
3012975,-3.9125173
3012976,-3.9125173
3012977,-3.9125173
3012978,-3.9125173
3012979,-3.9125173
3012980,-3.9125173
3012981,-3.9125173
3012982,-3.9125173
3012983,-3.9125173
3012984,-3.9125173
3012985,-3.9125173
3012986,-3.9125173
3012987,-3.9125173
3012988,-3.9125173
3012989,-3.9125173
3012990,-3.9125173
3012991,-3.9125173
3012992,-3.9125173
3012993,-3.9125173
3012994,658.2903
3012995,-3.3177173
3012996,-3.3177173
3012997,274.465
3012998,-3.3177173
3012999,658.2903
3013000,658.2903
3013001,-3.3177173
3013002,-3.3177173
3013003,273.26367
3013004,273.26367
3013005,273.26367
3013006,273.26367
3013007,-4.519066
3013008,-4.519066
3013009,273.26367
3013010,1936.5261
3013011,360.785
3013012,2144.9705
3013013,2145.608
3013014,2367.2683
3013015,2388.2847
3013016,2413.5422
3013017,2271.542
3013018,2175.1755
3013019,2184.3145
3013020,2153.3184
3013021,2146.522
3013022,2252.014
3013023,2151.9187
3013024,2151.9187
3013025,2146.9226
3013026,-3.8956227
3013027,-3.8956227
3013028,-3.8956227
3013029,-3.8956227
3013030,-3.8956227
3013031,-3.8956227
3013032,-3.8956227
3013033,-3.8956227
3013034,-3.8956227
3013035,-3.8956227
3013036,-3.8956227
3013037,-3.8956227
3013038,-3.8956227
3013039,-3.8956227
3013040,-3.8956227
3013041,-3.8956227
3013042,2141.0728
3013043,47.727474
3013044,2204.4841
3013045,2204.4841
3013046,2210.5342
3013047,2221.029
3013048,2221.029
3013049,1963.1409
3013050,2422.566
3013051,2389.2747
3013052,2389.2747
3013053,2433.5193
3013054,2481.146
3013055,2433.5193
3013056,2436.5483
3013057,2433.1985
3013058,-3.8956227
3013059,-3.8956227
3013060,-3.8956227
3013061,-3.8956227
3013062,-3.8956227
3013063,-3.8956227
3013064,-3.8956227
3013065,-3.8956227
3013066,-3.8956227
3013067,-3.8956227
3013068,-3.8956227
3013069,-3.8956227
3013070,-3.8956227
3013071,-3.8956227
3013072,-3.8956227
3013073,-3.8956227
3013074,1450.91
3013075,83.24838
3013076,2177.8774
3013077,2183.9275
3013078,2200.4724
3013079,1264.7667
3013080,1264.7667
3013081,1735.2073
3013082,2194.5498
3013083,2146.923
3013084,2205.9224
3013085,2362.668
3013086,1956.1459
3013087,2454.5393
3013088,1975.9584
3013089,2000.4716
3013090,1205.3519
3013091,75.09964
3013092,1335.9437
3013093,1702.5786
3013094,1808.894
3013095,1850.8038
3013096,1668.0935
3013097,1668.033
3013098,2276.3616
3013099,2280.1038
3013100,1868.3253
3013101,1868.3253
3013102,2279.939
3013103,1864.6205
3013104,1864.6205
3013105,1860.2771
3013106,1664.3448
3013107,83.38965
3013108,1348.2527
3013109,2144.0483
3013110,2169.6729
3013111,1281.7655
3013112,1752.395
3013113,1752.395
3013114,1752.1779
3013115,1459.8594
3013116,1755.5991
3013117,2204.7964
3013118,2204.7964
3013119,2204.335
3013120,1762.6401
3013121,2204.335
3013122,274.4819
3013123,-3.3008227
3013124,1181.6046
3013125,83.01937
3013126,83.01937
3013127,83.01937
3013128,83.01937
3013129,83.01937
3013130,83.01937
3013131,1188.297
3013132,83.01937
3013133,83.01937
3013134,83.01937
3013135,83.01937
3013136,83.01937
3013137,83.01937
3013138,274.4819
3013139,-3.3008227
3013140,274.4819
3013141,-3.3008227
3013142,-3.3008227
3013143,-3.3008227
3013144,-3.3008227
3013145,-3.3008227
3013146,-3.3008227
3013147,-3.8956227
3013148,-3.8956227
3013149,-3.8956227
3013150,-3.8956227
3013151,274.4819
3013152,274.4819
3013153,274.4819
3013154,2128.898
3013155,98.46626
3013156,2246.1255
3013157,2276.487
3013158,2276.27
3013159,2252.6274
3013160,2248.8801
3013161,2252.5508
3013162,2258.5657
3013163,2350.1904
3013164,2308.1755
3013165,2256.5835
3013166,2254.1707
3013167,2274.76
3013168,2432.6284
3013169,2447.44
3013170,-4.1676106
3013171,-4.1676106
3013172,-4.1676106
3013173,-4.1676106
3013174,-4.1676106
3013175,-4.1676106
3013176,-4.1676106
3013177,-4.1676106
3013178,-4.1676106
3013179,-4.1676106
3013180,-4.1676106
3013181,-4.1676106
3013182,-4.1676106
3013183,-4.1676106
3013184,-4.1676106
3013185,-4.1676106
3013186,-4.1676106
3013187,-4.1676106
3013188,-4.1676106
3013189,-4.1676106
3013190,-4.1676106
3013191,-4.1676106
3013192,-4.1676106
3013193,-4.1676106
3013194,-4.1676106
3013195,-4.1676106
3013196,-4.1676106
3013197,-4.1676106
3013198,-4.1676106
3013199,-4.1676106
3013200,-4.1676106
3013201,-4.1676106
3013202,284.74115
3013203,-3.5728104
3013204,174.1828
3013205,174.1828
3013206,284.74115
3013207,266.06363
3013208,318.29318
3013209,-21.428577
3013210,156.32704
3013211,156.32704
3013212,155.68044
3013213,155.68044
3013214,155.68044
3013215,-22.075186
3013216,155.68044
3013217,155.68044
3013218,650.2239
3013219,-3.5728104
3013220,334.6515
3013221,346.4281
3013222,370.3138
3013223,353.81418
3013224,382.59573
3013225,382.36673
3013226,382.36673
3013227,369.9435
3013228,353.58517
3013229,353.58517
3013230,382.36673
3013231,369.9435
3013232,369.9435
3013233,382.36673
3013234,-4.1676106
3013235,-4.1676106
3013236,-4.1676106
3013237,-4.1676106
3013238,-4.1676106
3013239,-4.1676106
3013240,-4.1676106
3013241,-4.1676106
3013242,-4.1676106
3013243,-4.1676106
3013244,-4.1676106
3013245,-4.1676106
3013246,-4.1676106
3013247,-4.1676106
3013248,-4.1676106
3013249,-4.1676106
3013250,1662.1876
3013251,30.943584
3013252,346.57065
3013253,684.10596
3013254,846.6605
3013255,846.6605
3013256,846.6605
3013257,370.08603
3013258,726.8061
3013259,382.50925
3013260,726.8061
3013261,683.87695
3013262,243.9911
3013263,353.7277
3013264,243.9911
3013265,243.9911
3013266,-4.0250845
3013267,-4.0250845
3013268,-4.0250845
3013269,-4.0250845
3013270,-4.0250845
3013271,-4.0250845
3013272,-4.0250845
3013273,-4.0250845
3013274,-4.0250845
3013275,-4.0250845
3013276,-4.0250845
3013277,-4.0250845
3013278,-4.0250845
3013279,-4.0250845
3013280,-4.0250845
3013281,-4.0250845
3013282,1364.0911
3013283,66.60576
3013284,66.60576
3013285,66.60576
3013286,66.60576
3013287,66.60576
3013288,66.60576
3013289,757.9333
3013290,-22.161673
3013291,-22.161673
3013292,-22.161673
3013293,-22.161673
3013294,-22.161673
3013295,-22.161673
3013296,1228.5623
3013297,-22.161673
3013298,693.29553
3013299,-3.4302852
3013300,-3.4302852
3013301,-3.4302852
3013302,-3.4302852
3013303,-3.4302852
3013304,-3.4302852
3013305,-4.0250845
3013306,-4.0250845
3013307,-4.0250845
3013308,-4.0250845
3013309,-4.0250845
3013310,-4.0250845
3013311,-4.0250845
3013312,-4.0250845
3013313,-4.0250845
3013314,1304.5872
3013315,-21.286053
3013316,684.24725
3013317,684.10596
3013318,370.08603
3013319,382.50925
3013320,683.87695
3013321,370.08603
3013322,382.50925
3013323,382.50925
3013324,370.08603
3013325,66.23548
3013326,66.23548
3013327,353.869
3013328,30.067966
3013329,207.8236
3013330,-4.0250845
3013331,-4.0250845
3013332,-4.0250845
3013333,-4.0250845
3013334,-4.0250845
3013335,-4.0250845
3013336,-4.0250845
3013337,-4.0250845
3013338,-4.0250845
3013339,-4.0250845
3013340,-4.0250845
3013341,-4.0250845
3013342,-4.0250845
3013343,-4.0250845
3013344,-4.0250845
3013345,-4.0250845
3013346,-4.0250845
3013347,-4.0250845
3013348,1137.9248
3013349,58.31576
3013350,58.31576
3013351,236.07144
3013352,58.31576
3013353,58.31576
3013354,58.31576
3013355,1096.6342
3013356,50.50443
3013357,50.50443
3013358,50.50443
3013359,50.50443
3013360,50.50443
3013361,50.50443
3013362,1365.4656
3013363,68.35031
3013364,1720.9238
3013365,1318.4752
3013366,1726.9735
3013367,1743.5184
3013368,1743.5184
3013369,1743.5184
3013370,864.26697
3013371,735.62585
3013372,1743.3943
3013373,1751.68
3013374,1757.7297
3013375,877.6651
3013376,1349.0143
3013377,877.4479
3013378,-3.6867602
3013379,-3.6867602
3013380,-3.6867602
3013381,-3.6867602
3013382,-3.6867602
3013383,-3.6867602
3013384,-3.6867602
3013385,-3.6867602
3013386,-3.6867602
3013387,-3.6867602
3013388,-3.6867602
3013389,-3.6867602
3013390,-3.6867602
3013391,-3.6867602
3013392,-3.6867602
3013393,-3.6867602
3013394,-3.6867602
3013395,-3.6867602
3013396,-3.6867602
3013397,-3.6867602
3013398,-3.6867602
3013399,-3.6867602
3013400,-3.6867602
3013401,-3.6867602
3013402,-3.6867602
3013403,-3.6867602
3013404,-3.6867602
3013405,-3.6867602
3013406,-3.6867602
3013407,-3.6867602
3013408,-3.6867602
3013409,-3.6867602
3013410,-3.6867602
3013411,-3.6867602
3013412,870.7328
3013413,58.654087
3013414,58.654087
3013415,58.654087
3013416,58.654087
3013417,58.654087
3013418,58.654087
3013419,870.7328
3013420,58.654087
3013421,58.654087
3013422,58.654087
3013423,58.654087
3013424,58.654087
3013425,58.654087
3013426,-3.6867602
3013427,-3.6867602
3013428,-3.6867602
3013429,-3.6867602
3013430,-3.6867602
3013431,-3.6867602
3013432,-3.6867602
3013433,-3.6867602
3013434,-3.6867602
3013435,-3.6867602
3013436,-3.6867602
3013437,-3.6867602
3013438,-3.6867602
3013439,-3.6867602
3013440,-3.6867602
3013441,-3.6867602
3013442,2664.921
3013443,242.65172
3013444,972.3053
3013445,972.3053
3013446,957.1575
3013447,630.99036
3013448,630.99036
3013449,2667.1912
3013450,447.96622
3013451,447.96622
3013452,603.09406
3013453,447.96622
3013454,560.4578
3013455,560.4578
3013456,2663.6682
3013457,523.54553
3013458,1491.1675
3013459,32.4729
3013460,32.4729
3013461,32.4729
3013462,32.4729
3013463,32.4729
3013464,32.4729
3013465,-20.351524
3013466,-20.351524
3013467,-20.351524
3013468,-20.351524
3013469,-20.351524
3013470,-20.351524
3013471,-20.351524
3013472,-20.351524
3013473,-20.351524
3013474,-1.8491474
3013475,-1.8491474
3013476,649.4921
3013477,-1.2543479
3013478,-1.2543479
3013479,-1.2543479
3013480,-1.2543479
3013481,-1.2543479
3013482,176.13124
3013483,594.8345
3013484,157.62888
3013485,-19.756725
3013486,157.62888
3013487,-19.756725
3013488,-19.756725
3013489,157.62888
3013490,-3.9125173
3013491,-3.9125173
3013492,-3.9125173
3013493,-3.9125173
3013494,-3.9125173
3013495,-3.9125173
3013496,-3.9125173
3013497,-3.9125173
3013498,-3.9125173
3013499,-3.9125173
3013500,-3.9125173
3013501,-3.9125173
3013502,-3.9125173
3013503,-3.9125173
3013504,-3.9125173
3013505,-3.9125173
3013506,-3.9125173
3013507,-3.9125173
3013508,-3.9125173
3013509,-3.9125173
3013510,-3.9125173
3013511,-3.9125173
3013512,-3.9125173
3013513,-3.9125173
3013514,-3.9125173
3013515,-3.9125173
3013516,-3.9125173
3013517,-3.9125173
3013518,-3.9125173
3013519,-3.9125173
3013520,-3.9125173
3013521,-3.9125173
3013522,658.2903
3013523,-3.3177173
3013524,658.2903
3013525,274.465
3013526,274.465
3013527,274.465
3013528,273.26367
3013529,-4.519066
3013530,273.26367
3013531,273.26367
3013532,-4.519066
3013533,273.26367
3013534,-4.519066
3013535,-4.519066
3013536,273.26367
3013537,-4.519066
3013538,1944.5325
3013539,2160.1755
3013540,2584.8174
3013541,2584.8174
3013542,2378.13
3013543,2413.9124
3013544,2832.4998
3013545,2453.5054
3013546,2296.9526
3013547,2206.2
3013548,2310.0374
3013549,2310.0374
3013550,2277.6416
3013551,2173.3987
3013552,2177.5464
3013553,2172.1497
3013554,-3.8956227
3013555,-3.8956227
3013556,-3.8956227
3013557,-3.8956227
3013558,-3.8956227
3013559,-3.8956227
3013560,-3.8956227
3013561,-3.8956227
3013562,-3.8956227
3013563,-3.8956227
3013564,-3.8956227
3013565,-3.8956227
3013566,-3.8956227
3013567,-3.8956227
3013568,-3.8956227
3013569,-3.8956227
3013570,2166.7004
3013571,2236.3909
3013572,2230.1118
3013573,1745.2688
3013574,2246.6567
3013575,2246.6567
3013576,1492.5933
3013577,2448.1936
3013578,2454.2434
3013579,2454.2434
3013580,2468.5789
3013581,2468.5789
3013582,2462.312
3013583,2468.3618
3013584,2468.2258
3013585,2461.9912
3013586,-3.8956227
3013587,-3.8956227
3013588,-3.8956227
3013589,-3.8956227
3013590,-3.8956227
3013591,-3.8956227
3013592,-3.8956227
3013593,-3.8956227
3013594,-3.8956227
3013595,-3.8956227
3013596,-3.8956227
3013597,-3.8956227
3013598,-3.8956227
3013599,-3.8956227
3013600,-3.8956227
3013601,-3.8956227
3013602,1476.5378
3013603,1085.4384
3013604,1248.2218
3013605,1248.0331
3013606,1264.7667
3013607,1264.7667
3013608,1070.0667
3013609,1085.4384
3013610,1248.2218
3013611,2226.2275
3013612,2220.1775
3013613,2226.2275
3013614,2240.563
3013615,2240.563
3013616,1749.453
3013617,2388.0786
3013618,1235.8073
3013619,2054.5515
3013620,1802.3873
3013621,1808.8978
3013622,1866.75
3013623,1896.4147
3013624,1896.1975
3013625,1876.0785
3013626,2349.4512
3013627,2349.4512
3013628,2296.088
3013629,2296.2527
3013630,2296.2527
3013631,2270.387
3013632,1844.6412
3013633,1890.2483
3013634,1689.9727
3013635,826.67065
3013636,1311.9031
3013637,1206.158
3013638,1068.6068
3013639,1231.39
3013640,1257.9513
3013641,1246.6627
3013642,1246.6627
3013643,1483.9259
3013644,2183.4736
3013645,1038.0642
3013646,1249.8668
3013647,1249.8668
3013648,2187.2158
3013649,1041.806
3013650,274.4819
3013651,-3.3008227
3013652,1207.2324
3013653,83.01937
3013654,83.01937
3013655,83.01937
3013656,83.01937
3013657,83.01937
3013658,83.01937
3013659,1213.9248
3013660,83.01937
3013661,83.01937
3013662,83.01937
3013663,83.01937
3013664,83.01937
3013665,360.8019
3013666,274.4819
3013667,-3.3008227
3013668,-3.3008227
3013669,-3.3008227
3013670,-3.3008227
3013671,-3.3008227
3013672,-3.3008227
3013673,-3.8956227
3013674,-3.8956227
3013675,-3.8956227
3013676,-3.8956227
3013677,-3.8956227
3013678,-3.8956227
3013679,274.4819
3013680,-3.3008227
3013681,-3.3008227
3013682,2154.5256
3013683,2372.7178
3013684,2321.2812
3013685,2406.6096
3013686,2274.513
3013687,2379.2197
3013688,2379.2197
3013689,2274.4312
3013690,2278.2683
3013691,2280.6763
3013692,2331.7085
3013693,2276.1963
3013694,2302.349
3013695,2349.677
3013696,2436.63
3013697,2377.9548
3013698,-4.1676106
3013699,-4.1676106
3013700,-4.1676106
3013701,-4.1676106
3013702,-4.1676106
3013703,-4.1676106
3013704,-4.1676106
3013705,-4.1676106
3013706,-4.1676106
3013707,-4.1676106
3013708,-4.1676106
3013709,-4.1676106
3013710,-4.1676106
3013711,-4.1676106
3013712,-4.1676106
3013713,-4.1676106
3013714,-4.1676106
3013715,-4.1676106
3013716,-4.1676106
3013717,-4.1676106
3013718,-4.1676106
3013719,-4.1676106
3013720,-4.1676106
3013721,-4.1676106
3013722,-4.1676106
3013723,-4.1676106
3013724,-4.1676106
3013725,-4.1676106
3013726,-4.1676106
3013727,-4.1676106
3013728,-4.1676106
3013729,-4.1676106
3013730,284.74115
3013731,-3.5728104
3013732,-3.5728104
3013733,-3.5728104
3013734,-3.5728104
3013735,-3.5728104
3013736,-3.5728104
3013737,-4.1676106
3013738,-4.1676106
3013739,174.1828
3013740,-3.5728104
3013741,-3.5728104
3013742,-3.5728104
3013743,-3.5728104
3013744,-3.5728104
3013745,174.1828
3013746,650.2239
3013747,174.1828
3013748,266.06363
3013749,208.55669
3013750,30.80106
3013751,208.55669
3013752,317.64658
3013753,-22.075186
3013754,265.41702
3013755,265.41702
3013756,265.41702
3013757,207.91008
3013758,317.64658
3013759,207.91008
3013760,317.41757
3013761,317.41757
3013762,-4.1676106
3013763,-4.1676106
3013764,-4.1676106
3013765,-4.1676106
3013766,-4.1676106
3013767,-4.1676106
3013768,-4.1676106
3013769,-4.1676106
3013770,-4.1676106
3013771,-4.1676106
3013772,-4.1676106
3013773,-4.1676106
3013774,-4.1676106
3013775,-4.1676106
3013776,-4.1676106
3013777,-4.1676106
3013778,1681.7657
3013779,370.45633
3013780,727.0351
3013781,370.08603
3013782,370.08603
3013783,370.08603
3013784,370.08603
3013785,370.08603
3013786,243.9911
3013787,370.08603
3013788,382.50925
3013789,382.50925
3013790,382.50925
3013791,243.9911
3013792,244.13237
3013793,66.37675
3013794,-4.0250845
3013795,-4.0250845
3013796,-4.0250845
3013797,-4.0250845
3013798,-4.0250845
3013799,-4.0250845
3013800,-4.0250845
3013801,-4.0250845
3013802,-4.0250845
3013803,-4.0250845
3013804,-4.0250845
3013805,-4.0250845
3013806,-4.0250845
3013807,-4.0250845
3013808,-4.0250845
3013809,-4.0250845
3013810,1389.7189
3013811,66.60576
3013812,66.60576
3013813,66.60576
3013814,66.60576
3013815,66.60576
3013816,66.60576
3013817,1228.5623
3013818,-22.161673
3013819,-22.161673
3013820,-22.161673
3013821,-22.161673
3013822,-22.161673
3013823,-22.161673
3013824,1228.5623
3013825,-22.161673
3013826,693.29553
3013827,-3.4302852
3013828,-3.4302852
3013829,-3.4302852
3013830,-3.4302852
3013831,-3.4302852
3013832,-3.4302852
3013833,-4.0250845
3013834,-4.0250845
3013835,-4.0250845
3013836,-4.0250845
3013837,-4.0250845
3013838,-4.0250845
3013839,-4.0250845
3013840,-4.0250845
3013841,-4.0250845
3013842,1304.5872
3013843,347.21725
3013844,370.45633
3013845,684.10596
3013846,726.8061
3013847,382.50925
3013848,683.87695
3013849,683.87695
3013850,353.7277
3013851,370.08603
3013852,370.08603
3013853,382.50925
3013854,243.9911
3013855,353.7277
3013856,353.869
3013857,353.869
3013858,-4.0250845
3013859,-4.0250845
3013860,-4.0250845
3013861,-4.0250845
3013862,-4.0250845
3013863,-4.0250845
3013864,-4.0250845
3013865,-4.0250845
3013866,-4.0250845
3013867,-4.0250845
3013868,-4.0250845
3013869,-4.0250845
3013870,-4.0250845
3013871,-4.0250845
3013872,-4.0250845
3013873,-4.0250845
3013874,-4.0250845
3013875,-4.0250845
3013876,896.3922
3013877,58.31576
3013878,58.31576
3013879,58.31576
3013880,58.31576
3013881,58.31576
3013882,58.31576
3013883,896.3922
3013884,58.31576
3013885,58.31576
3013886,58.31576
3013887,58.31576
3013888,58.31576
3013889,235.85468
3013890,1395.4368
3013891,1318.4752
3013892,1318.4752
3013893,1752.6013
3013894,1763.0966
3013895,701.7963
3013896,1469.3501
3013897,1335.0201
3013898,391.32898
3013899,735.62585
3013900,1334.896
3013901,847.7221
3013902,878.6024
3013903,1349.2314
3013904,1783.3575
3013905,714.6643
3013906,-3.6867602
3013907,-3.6867602
3013908,-3.6867602
3013909,-3.6867602
3013910,-3.6867602
3013911,-3.6867602
3013912,-3.6867602
3013913,-3.6867602
3013914,-3.6867602
3013915,-3.6867602
3013916,-3.6867602
3013917,-3.6867602
3013918,-3.6867602
3013919,-3.6867602
3013920,-3.6867602
3013921,-3.6867602
3013922,-3.6867602
3013923,174.29361
3013924,-3.0919616
3013925,-3.0919616
3013926,-3.0919616
3013927,-3.0919616
3013928,-3.0919616
3013929,-3.0919616
3013930,-3.6867602
3013931,174.29361
3013932,174.29361
3013933,-3.0919616
3013934,-3.0919616
3013935,-3.0919616
3013936,-3.0919616
3013937,-3.0919616
3013938,-3.6867602
3013939,-3.6867602
3013940,892.1819
3013941,58.654087
3013942,58.654087
3013943,58.654087
3013944,58.654087
3013945,58.654087
3013946,58.654087
3013947,983.8719
3013948,66.57381
3013949,66.57381
3013950,66.57381
3013951,66.57381
3013952,66.57381
3013953,243.9594
3013954,-3.6867602
3013955,-3.6867602
3013956,-3.6867602
3013957,-3.6867602
3013958,-3.6867602
3013959,-3.6867602
3013960,-3.6867602
3013961,-3.6867602
3013962,-3.6867602
3013963,-3.6867602
3013964,-3.6867602
3013965,-3.6867602
3013966,-3.6867602
3013967,-3.6867602
3013968,-3.6867602
3013969,-3.6867602
3013970,2674.5413
3013971,455.0901
3013972,501.488
3013973,613.97974
3013974,613.97974
3013975,501.488
3013976,501.488
3013977,2766.3203
3013978,503.73526
3013979,291.29678
3013980,291.29678
3013981,291.29678
3013982,291.29678
3013983,291.29678
3013984,2766.3203
3013985,290.98837
3013986,1508.3754
3013987,32.4729
3013988,32.4729
3013989,32.4729
3013990,32.4729
3013991,32.4729
3013992,32.4729
3013993,-20.351524
3013994,-20.351524
3013995,-20.351524
3013996,-20.351524
3013997,-20.351524
3013998,-20.351524
3013999,-20.351524
3014000,-20.351524
3014001,-20.351524
3014002,-1.8491474
3014003,-1.8491474
3014004,263.92252
3014005,-1.2543479
3014006,-1.2543479
3014007,-1.2543479
3014008,-1.2543479
3014009,-1.2543479
3014010,-1.2543479
3014011,263.92252
3014012,176.13124
3014013,176.13124
3014014,-1.2543479
3014015,176.13124
3014016,158.27548
3014017,-19.110117
3014018,-3.9125173
3014019,-3.9125173
3014020,-3.9125173
3014021,-3.9125173
3014022,-3.9125173
3014023,-3.9125173
3014024,-3.9125173
3014025,-3.9125173
3014026,-3.9125173
3014027,-3.9125173
3014028,-3.9125173
3014029,-3.9125173
3014030,-3.9125173
3014031,-3.9125173
3014032,-3.9125173
3014033,-3.9125173
3014034,-3.9125173
3014035,-3.9125173
3014036,-3.9125173
3014037,-3.9125173
3014038,-3.9125173
3014039,-3.9125173
3014040,-3.9125173
3014041,-3.9125173
3014042,-3.9125173
3014043,-3.9125173
3014044,-3.9125173
3014045,-3.9125173
3014046,-3.9125173
3014047,-3.9125173
3014048,-3.9125173
3014049,-3.9125173
3014050,658.2903
3014051,-3.3177173
3014052,274.465
3014053,274.465
3014054,-3.3177173
3014055,-3.3177173
3014056,-3.3177173
3014057,-3.3177173
3014058,274.465
3014059,-3.3177173
3014060,-3.3177173
3014061,-3.3177173
3014062,-3.3177173
3014063,-3.3177173
3014064,-3.3177173
3014065,274.465
3014066,1954.9669
3014067,2578.7068
3014068,2580.514
3014069,2595.2517
3014070,2388.5642
3014071,2798.5952
3014072,2823.8274
3014073,2808.9434
3014074,2422.7744
3014075,2307.3867
3014076,2316.7297
3014077,2216.229
3014078,2320.472
3014079,2288.0762
3014080,2182.5842
3014081,2183.8333
3014082,-3.8956227
3014083,-3.8956227
3014084,-3.8956227
3014085,-3.8956227
3014086,-3.8956227
3014087,-3.8956227
3014088,-3.8956227
3014089,-3.8956227
3014090,-3.8956227
3014091,-3.8956227
3014092,-3.8956227
3014093,-3.8956227
3014094,-3.8956227
3014095,-3.8956227
3014096,-3.8956227
3014097,-3.8956227
3014098,2177.1348
3014099,1732.5946
3014100,2246.5962
3014101,2240.5461
3014102,2263.141
3014103,1278.47
3014104,2307.6401
3014105,1748.9105
3014106,1080.1002
3014107,722.9485
3014108,1278.4087
3014109,1749.038
3014110,1291.8069
3014111,1077.8911
3014112,1077.8911
3014113,1112.4784
3014114,-3.8956227
3014115,-3.8956227
3014116,-3.8956227
3014117,-3.8956227
3014118,-3.8956227
3014119,-3.8956227
3014120,-3.8956227
3014121,-3.8956227
3014122,-3.8956227
3014123,-3.8956227
3014124,-3.8956227
3014125,-3.8956227
3014126,-3.8956227
3014127,-3.8956227
3014128,-3.8956227
3014129,-3.8956227
3014130,1486.9723
3014131,1072.5354
3014132,1235.1299
3014133,1235.1299
3014134,1251.8635
3014135,1251.8635
3014136,1251.8635
3014137,2236.5344
3014138,1251.8635
3014139,1251.8022
3014140,2236.6619
3014141,1088.0814
3014142,1102.4169
3014143,705.9306
3014144,1720.222
3014145,1046.106
3014146,1241.4142
3014147,1093.805
3014148,1580.9791
3014149,2071.0356
3014150,2266.3958
3014151,1148.1654
3014152,2297.8052
3014153,2065.1133
3014154,587.8776
3014155,1124.8127
3014156,1124.8127
3014157,1124.5956
3014158,1124.5956
3014159,1124.5956
3014160,2085.1455
3014161,1124.4596
3014162,1700.4071
3014163,361.0309
3014164,1132.5261
3014165,464.51544
3014166,464.51544
3014167,464.94717
3014168,448.63715
3014169,448.40228
3014170,352.8822
3014171,1151.1277
3014172,455.4158
3014173,455.84753
3014174,448.44052
3014175,448.44052
3014176,470.18298
3014177,374.5407
3014178,274.4819
3014179,-3.3008227
3014180,1873.638
3014181,47.727474
3014182,47.727474
3014183,47.727474
3014184,47.727474
3014185,47.727474
3014186,47.727474
3014187,1840.5365
3014188,46.851856
3014189,46.851856
3014190,46.851856
3014191,46.851856
3014192,46.851856
3014193,46.851856
3014194,274.4819
3014195,-3.3008227
3014196,-3.3008227
3014197,-3.3008227
3014198,-3.3008227
3014199,-3.3008227
3014200,-3.3008227
3014201,-3.8956227
3014202,-3.8956227
3014203,-3.8956227
3014204,-3.8956227
3014205,-3.8956227
3014206,-3.8956227
3014207,-3.8956227
3014208,274.4819
3014209,274.4819
3014210,2137.3755
3014211,2285.7234
3014212,2408.7761
3014213,2417.044
3014214,2281.2
3014215,2389.654
3014216,2552.516
3014217,2389.654
3014218,2288.7026
3014219,2288.6128
3014220,2291.1106
3014221,2358.3062
3014222,2286.6306
3014223,2360.1113
3014224,2292.6455
3014225,2433.16
3014226,-4.1676106
3014227,-4.1676106
3014228,-4.1676106
3014229,-4.1676106
3014230,-4.1676106
3014231,-4.1676106
3014232,-4.1676106
3014233,-4.1676106
3014234,-4.1676106
3014235,-4.1676106
3014236,-4.1676106
3014237,-4.1676106
3014238,-4.1676106
3014239,-4.1676106
3014240,-4.1676106
3014241,-4.1676106
3014242,-4.1676106
3014243,-4.1676106
3014244,-4.1676106
3014245,-4.1676106
3014246,-4.1676106
3014247,-4.1676106
3014248,-4.1676106
3014249,-4.1676106
3014250,-4.1676106
3014251,-4.1676106
3014252,-4.1676106
3014253,-4.1676106
3014254,-4.1676106
3014255,-4.1676106
3014256,-4.1676106
3014257,-4.1676106
3014258,284.74115
3014259,174.1828
3014260,-3.5728104
3014261,-3.5728104
3014262,-3.5728104
3014263,-3.5728104
3014264,-3.5728104
3014265,-3.5728104
3014266,-4.1676106
3014267,-4.1676106
3014268,174.1828
3014269,-3.5728104
3014270,-3.5728104
3014271,174.1828
3014272,-3.5728104
3014273,174.1828
3014274,680.24976
3014275,-3.5728104
3014276,-3.5728104
3014277,-3.5728104
3014278,-3.5728104
3014279,-3.5728104
3014280,174.1828
3014281,-3.5728104
3014282,-3.5728104
3014283,174.1828
3014284,-3.5728104
3014285,-3.5728104
3014286,-3.5728104
3014287,-3.5728104
3014288,-3.5728104
3014289,156.32704
3014290,-4.1676106
3014291,-4.1676106
3014292,-4.1676106
3014293,-4.1676106
3014294,-4.1676106
3014295,-4.1676106
3014296,-4.1676106
3014297,-4.1676106
3014298,-4.1676106
3014299,-4.1676106
3014300,-4.1676106
3014301,-4.1676106
3014302,-4.1676106
3014303,-4.1676106
3014304,-4.1676106
3014305,-4.1676106
3014306,1514.0122
3014307,354.098
3014308,714.13184
3014309,357.1828
3014310,357.1828
3014311,357.1828
3014312,369.60602
3014313,369.60602
3014314,353.7277
3014315,353.7277
3014316,357.1828
3014317,357.1828
3014318,353.7277
3014319,353.7277
3014320,353.869
3014321,353.869
3014322,-4.0250845
3014323,-4.0250845
3014324,-4.0250845
3014325,-4.0250845
3014326,-4.0250845
3014327,-4.0250845
3014328,-4.0250845
3014329,-4.0250845
3014330,-4.0250845
3014331,-4.0250845
3014332,-4.0250845
3014333,-4.0250845
3014334,-4.0250845
3014335,-4.0250845
3014336,-4.0250845
3014337,-4.0250845
3014338,1400.1533
3014339,66.60576
3014340,66.60576
3014341,66.60576
3014342,66.60576
3014343,66.60576
3014344,66.60576
3014345,265.55957
3014346,-21.932661
3014347,-21.932661
3014348,-21.932661
3014349,-21.932661
3014350,155.82297
3014351,-21.932661
3014352,281.43787
3014353,-21.932661
3014354,680.3923
3014355,-3.4302852
3014356,-3.4302852
3014357,-3.4302852
3014358,-3.4302852
3014359,-3.4302852
3014360,-3.4302852
3014361,-4.0250845
3014362,-4.0250845
3014363,-4.0250845
3014364,-4.0250845
3014365,-4.0250845
3014366,-4.0250845
3014367,-4.0250845
3014368,-4.0250845
3014369,-4.0250845
3014370,1767.991
3014371,321.24423
3014372,357.5531
3014373,670.9737
3014374,357.1828
3014375,353.7277
3014376,357.1828
3014377,369.60602
3014378,369.60602
3014379,369.60602
3014380,369.60602
3014381,357.1828
3014382,243.9911
3014383,66.37675
3014384,244.13237
3014385,207.8236
3014386,-4.0250845
3014387,-4.0250845
3014388,-4.0250845
3014389,-4.0250845
3014390,-4.0250845
3014391,-4.0250845
3014392,-4.0250845
3014393,-4.0250845
3014394,-4.0250845
3014395,-4.0250845
3014396,-4.0250845
3014397,-4.0250845
3014398,-4.0250845
3014399,-4.0250845
3014400,-4.0250845
3014401,-4.0250845
3014402,-4.0250845
3014403,-4.0250845
3014404,902.6479
3014405,58.31576
3014406,58.31576
3014407,236.07144
3014408,58.31576
3014409,58.31576
3014410,58.31576
3014411,906.82654
3014412,58.31576
3014413,58.31576
3014414,58.31576
3014415,58.31576
3014416,58.31576
3014417,58.31576
3014418,1434.0845
3014419,834.94305
3014420,1305.572
3014421,834.94305
3014422,1322.117
3014423,731.8222
3014424,851.4879
3014425,851.4879
3014426,375.10214
3014427,833.88153
3014428,834.81885
3014429,834.81885
3014430,671.09796
3014431,363.79312
3014432,1319.7833
3014433,720.5132
3014434,-3.6867602
3014435,-3.6867602
3014436,-3.6867602
3014437,-3.6867602
3014438,-3.6867602
3014439,-3.6867602
3014440,-3.6867602
3014441,-3.6867602
3014442,-3.6867602
3014443,-3.6867602
3014444,-3.6867602
3014445,-3.6867602
3014446,-3.6867602
3014447,-3.6867602
3014448,-3.6867602
3014449,-3.6867602
3014450,-3.6867602
3014451,-3.6867602
3014452,-3.6867602
3014453,284.85196
3014454,-3.0919616
3014455,-3.0919616
3014456,-3.0919616
3014457,-3.0919616
3014458,-3.0919616
3014459,-3.0919616
3014460,-3.6867602
3014461,-3.6867602
3014462,-3.6867602
3014463,-3.6867602
3014464,-3.6867602
3014465,-3.6867602
3014466,174.29361
3014467,-3.0919616
3014468,987.61426
3014469,66.57381
3014470,66.57381
3014471,243.9594
3014472,66.57381
3014473,66.57381
3014474,66.57381
3014475,994.30664
3014476,243.9594
3014477,66.57381
3014478,66.57381
3014479,243.9594
3014480,66.57381
3014481,66.57381
3014482,-3.6867602
3014483,-3.6867602
3014484,-3.6867602
3014485,-3.6867602
3014486,-3.6867602
3014487,-3.6867602
3014488,-3.6867602
3014489,-3.6867602
3014490,-3.6867602
3014491,-3.6867602
3014492,-3.6867602
3014493,-3.6867602
3014494,-3.6867602
3014495,-3.6867602
3014496,-3.6867602
3014497,-3.6867602
3014498,2653.7588
3014499,567.5817
3014500,618.08704
3014501,618.08704
3014502,605.36194
3014503,501.488
3014504,281.5205
3014505,2743.6868
3014506,604.8401
3014507,492.3482
3014508,491.49982
3014509,491.49982
3014510,491.49982
3014511,491.49982
3014512,2745.957
3014513,490.05792
3014514,1518.8098
3014515,32.4729
3014516,32.4729
3014517,32.4729
3014518,32.4729
3014519,32.4729
3014520,32.4729
3014521,-20.351524
3014522,-20.351524
3014523,-20.351524
3014524,-20.351524
3014525,-20.351524
3014526,-20.351524
3014527,-20.351524
3014528,-20.351524
3014529,-20.351524
3014530,-1.8491474
3014531,-1.8491474
3014532,263.92252
3014533,-1.2543479
3014534,-1.2543479
3014535,-1.2543479
3014536,-1.2543479
3014537,-1.2543479
3014538,-1.2543479
3014539,-1.8491474
3014540,-1.8491474
3014541,-1.8491474
3014542,-1.8491474
3014543,-1.8491474
3014544,-1.8491474
3014545,-1.8491474
3014546,-3.9125173
3014547,-3.9125173
3014548,-3.9125173
3014549,-3.9125173
3014550,-3.9125173
3014551,-3.9125173
3014552,-3.9125173
3014553,-3.9125173
3014554,-3.9125173
3014555,-3.9125173
3014556,-3.9125173
3014557,-3.9125173
3014558,-3.9125173
3014559,-3.9125173
3014560,-3.9125173
3014561,-3.9125173
3014562,-3.9125173
3014563,-3.9125173
3014564,-3.9125173
3014565,-3.9125173
3014566,-3.9125173
3014567,-3.9125173
3014568,-3.9125173
3014569,-3.9125173
3014570,-3.9125173
3014571,-3.9125173
3014572,-3.9125173
3014573,-3.9125173
3014574,-3.9125173
3014575,-3.9125173
3014576,-3.9125173
3014577,-3.9125173
3014578,658.2903
3014579,274.465
3014580,274.465
3014581,658.2903
3014582,656.26715
3014583,708.4968
3014584,47.71058
3014585,273.26367
3014586,273.26367
3014587,272.61707
3014588,-5.1656733
3014589,272.61707
3014590,272.61707
3014591,272.61707
3014592,272.61707
3014593,-5.1656733
3014594,1972.5884
3014595,2185.376
3014596,2201.9211
3014597,2383.079
3014598,2408.439
3014599,2463.9397
3014600,2866.7483
3014601,2314.2417
3014602,2211.2378
3014603,2220.3767
3014604,2187.981
3014605,2187.981
3014606,2182.5842
3014607,2182.5842
3014608,2190.6716
3014609,2191.4534
3014610,-3.8956227
3014611,-3.8956227
3014612,-3.8956227
3014613,-3.8956227
3014614,-3.8956227
3014615,-3.8956227
3014616,-3.8956227
3014617,-3.8956227
3014618,-3.8956227
3014619,-3.8956227
3014620,-3.8956227
3014621,-3.8956227
3014622,-3.8956227
3014623,-3.8956227
3014624,-3.8956227
3014625,-3.8956227
3014626,2128.8613
3014627,1732.5946
3014628,2192.9194
3014629,2240.5461
3014630,2257.091
3014631,2263.141
3014632,2464.5503
3014633,2009.6257
3014634,2458.628
3014635,2479.0132
3014636,2472.9634
3014637,2425.2844
3014638,2469.746
3014639,2503.8923
3014640,2424.7988
3014641,2473.1675
3014642,-3.8956227
3014643,-3.8956227
3014644,-3.8956227
3014645,-3.8956227
3014646,-3.8956227
3014647,-3.8956227
3014648,-3.8956227
3014649,-3.8956227
3014650,-3.8956227
3014651,-3.8956227
3014652,-3.8956227
3014653,-3.8956227
3014654,-3.8956227
3014655,-3.8956227
3014656,-3.8956227
3014657,-3.8956227
3014658,2101.41
3014659,1705.7592
3014660,2219.9895
3014661,2219.9895
3014662,1722.3041
3014663,1251.6748
3014664,1101.6619
3014665,2236.5344
3014666,2236.6619
3014667,2182.9854
3014668,1785.5228
3014669,1996.5515
3014670,1992.2081
3014671,2442.8386
3014672,2477.1008
3014673,2477.1008
3014674,1241.4142
3014675,1607.0691
3014676,1574.2433
3014677,1819.3323
3014678,1704.4484
3014679,1704.2312
3014680,1673.0237
3014681,1704.0952
3014682,2316.1658
3014683,2316.001
3014684,2363.3208
3014685,2363.3208
3014686,2348.6128
3014687,2280.8213
3014688,1869.2083
3014689,1870.7153
3014690,1700.4071
3014691,1446.9913
3014692,1290.9967
3014693,1690.0535
3014694,1715.6776
3014695,1259.3835
3014696,1105.1416
3014697,2220.0698
3014698,1258.4463
3014699,1450.5133
3014700,1733.2172
3014701,1262.5876
3014702,1098.867
3014703,1740.9409
3014704,2231.3792
3014705,1106.3691
3014706,274.4819
3014707,-3.3008227
3014708,1217.6669
3014709,83.01937
3014710,83.01937
3014711,83.01937
3014712,83.01937
3014713,83.01937
3014714,83.01937
3014715,1224.3593
3014716,83.01937
3014717,83.01937
3014718,83.01937
3014719,83.01937
3014720,83.01937
3014721,83.01937
3014722,274.4819
3014723,-3.3008227
3014724,-3.3008227
3014725,-3.3008227
3014726,-3.3008227
3014727,-3.3008227
3014728,-3.3008227
3014729,-3.8956227
3014730,-3.8956227
3014731,-3.8956227
3014732,-3.8956227
3014733,-3.8956227
3014734,-3.8956227
3014735,274.4819
3014736,274.4819
3014737,274.4819
3014738,2137.3755
3014739,2383.152
3014740,2316.3862
3014741,2312.332
3014742,2288.6895
3014743,2284.9421
3014744,2395.032
3014745,2288.6128
3014746,2435.142
3014747,2422.8938
3014748,2415.8474
3014749,2433.8418
3014750,2435.571
3014751,2427.265
3014752,2538.0654
3014753,2631.5667
3014754,-4.1676106
3014755,-4.1676106
3014756,-4.1676106
3014757,-4.1676106
3014758,-4.1676106
3014759,-4.1676106
3014760,-4.1676106
3014761,-4.1676106
3014762,-4.1676106
3014763,-4.1676106
3014764,-4.1676106
3014765,-4.1676106
3014766,-4.1676106
3014767,-4.1676106
3014768,-4.1676106
3014769,-4.1676106
3014770,-4.1676106
3014771,-4.1676106
3014772,-4.1676106
3014773,-4.1676106
3014774,-4.1676106
3014775,-4.1676106
3014776,-4.1676106
3014777,-4.1676106
3014778,-4.1676106
3014779,-4.1676106
3014780,-4.1676106
3014781,-4.1676106
3014782,-4.1676106
3014783,-4.1676106
3014784,-4.1676106
3014785,-4.1676106
3014786,284.74115
3014787,-3.5728104
3014788,174.1828
3014789,-3.5728104
3014790,-3.5728104
3014791,174.1828
3014792,-3.5728104
3014793,174.1828
3014794,-3.5728104
3014795,-3.5728104
3014796,174.1828
3014797,-3.5728104
3014798,-3.5728104
3014799,-3.5728104
3014800,174.1828
3014801,-3.5728104
3014802,637.3206
3014803,281.94193
3014804,318.29318
3014805,317.64658
3014806,353.95547
3014807,353.95547
3014808,353.81418
3014809,353.95547
3014810,317.64658
3014811,369.60477
3014812,353.72647
3014813,369.60477
3014814,353.72647
3014815,353.72647
3014816,353.72647
3014817,353.72647
3014818,-4.1676106
3014819,-4.1676106
3014820,-4.1676106
3014821,-4.1676106
3014822,-4.1676106
3014823,-4.1676106
3014824,-4.1676106
3014825,-4.1676106
3014826,-4.1676106
3014827,-4.1676106
3014828,-4.1676106
3014829,-4.1676106
3014830,-4.1676106
3014831,-4.1676106
3014832,-4.1676106
3014833,-4.1676106
3014834,1692.2002
3014835,714.27313
3014836,671.2027
3014837,1304.1975
3014838,833.56854
3014839,833.75726
3014840,850.3021
3014841,713.90283
3014842,670.9737
3014843,713.90283
3014844,670.9737
3014845,670.9737
3014846,348.08316
3014847,360.50638
3014848,360.50638
3014849,343.68448
3014850,-4.0250845
3014851,-4.0250845
3014852,-4.0250845
3014853,-4.0250845
3014854,-4.0250845
3014855,-4.0250845
3014856,-4.0250845
3014857,-4.0250845
3014858,-4.0250845
3014859,-4.0250845
3014860,-4.0250845
3014861,-4.0250845
3014862,-4.0250845
3014863,-4.0250845
3014864,-4.0250845
3014865,-4.0250845
3014866,1400.1533
3014867,66.60576
3014868,66.60576
3014869,66.60576
3014870,66.60576
3014871,66.60576
3014872,66.60576
3014873,582.80554
3014874,-21.932661
3014875,-21.932661
3014876,-21.932661
3014877,-21.932661
3014878,-21.932661
3014879,-21.932661
3014880,1215.659
3014881,-22.161673
3014882,680.3923
3014883,-3.4302852
3014884,-3.4302852
3014885,-3.4302852
3014886,-3.4302852
3014887,-3.4302852
3014888,-3.4302852
3014889,-4.0250845
3014890,-4.0250845
3014891,-4.0250845
3014892,-4.0250845
3014893,-4.0250845
3014894,-4.0250845
3014895,-4.0250845
3014896,-4.0250845
3014897,-4.0250845
3014898,1767.991
3014899,714.27313
3014900,671.2027
3014901,670.9737
3014902,670.9737
3014903,713.90283
3014904,713.90283
3014905,833.75726
3014906,369.60602
3014907,357.1828
3014908,369.60602
3014909,357.1828
3014910,243.9911
3014911,353.7277
3014912,353.7277
3014913,353.869
3014914,-4.0250845
3014915,-4.0250845
3014916,-4.0250845
3014917,-4.0250845
3014918,-4.0250845
3014919,-4.0250845
3014920,-4.0250845
3014921,-4.0250845
3014922,-4.0250845
3014923,-4.0250845
3014924,-4.0250845
3014925,-4.0250845
3014926,-4.0250845
3014927,-4.0250845
3014928,-4.0250845
3014929,-4.0250845
3014930,-4.0250845
3014931,-4.0250845
3014932,1101.604
3014933,58.31576
3014934,58.31576
3014935,58.31576
3014936,58.31576
3014937,58.31576
3014938,58.31576
3014939,1034.4894
3014940,54.993298
3014941,54.993298
3014942,54.993298
3014943,54.993298
3014944,54.993298
3014945,54.993298
3014946,1434.0845
3014947,1305.572
3014948,1763.0358
3014949,1756.9861
3014950,1647.2267
3014951,1913.9106
3014952,1913.9106
3014953,1907.7368
3014954,767.22144
3014955,1823.9553
3014956,1832.2411
3014957,1390.6989
3014958,1795.5509
3014959,1390.5629
3014960,1927.584
3014961,1927.584
3014962,-3.6867602
3014963,-3.6867602
3014964,-3.6867602
3014965,-3.6867602
3014966,-3.6867602
3014967,-3.6867602
3014968,-3.6867602
3014969,-3.6867602
3014970,-3.6867602
3014971,-3.6867602
3014972,-3.6867602
3014973,-3.6867602
3014974,-3.6867602
3014975,-3.6867602
3014976,-3.6867602
3014977,-3.6867602
3014978,-3.6867602
3014979,-3.6867602
3014980,-3.6867602
3014981,174.29361
3014982,-3.0919616
3014983,-3.0919616
3014984,-3.0919616
3014985,-3.0919616
3014986,-3.0919616
3014987,-3.0919616
3014988,-3.6867602
3014989,-3.6867602
3014990,-3.6867602
3014991,-3.6867602
3014992,-3.6867602
3014993,-3.6867602
3014994,-3.6867602
3014995,-3.6867602
3014996,875.60455
3014997,58.654087
3014998,58.654087
3014999,58.654087
3015000,58.654087
3015001,236.03972
3015002,58.654087
3015003,906.79486
3015004,58.654087
3015005,236.03972
3015006,58.654087
3015007,236.03972
3015008,58.654087
3015009,58.654087
3015010,-3.6867602
3015011,-3.6867602
3015012,-3.6867602
3015013,-3.6867602
3015014,-3.6867602
3015015,-3.6867602
3015016,-3.6867602
3015017,-3.6867602
3015018,-3.6867602
3015019,-3.6867602
3015020,-3.6867602
3015021,-3.6867602
3015022,-3.6867602
3015023,-3.6867602
3015024,-3.6867602
3015025,-3.6867602
3015026,2653.7588
3015027,605.36194
3015028,618.08704
3015029,618.08704
3015030,605.36194
3015031,618.08704
3015032,618.08704
3015033,2656.029
3015034,447.96622
3015035,447.96622
3015036,447.96622
3015037,447.96622
3015038,447.96622
3015039,235.52788
3015040,2652.506
3015041,506.40164
3015042,1518.8098
3015043,32.4729
3015044,32.4729
3015045,32.4729
3015046,32.4729
3015047,32.4729
3015048,32.4729
3015049,-20.351524
3015050,-20.351524
3015051,-20.351524
3015052,-20.351524
3015053,-20.351524
3015054,-20.351524
3015055,-20.351524
3015056,-20.351524
3015057,-20.351524
3015058,-1.8491474
3015059,-1.8491474
3015060,636.58887
3015061,-1.2543479
3015062,-1.2543479
3015063,-1.2543479
3015064,-1.2543479
3015065,-1.2543479
3015066,176.13124
3015067,581.9313
3015068,157.62888
3015069,157.62888
3015070,209.85849
3015071,32.4729
3015072,209.85849
3015073,209.85849
3015074,-3.9125173
3015075,-3.9125173
3015076,-3.9125173
3015077,-3.9125173
3015078,-3.9125173
3015079,-3.9125173
3015080,-3.9125173
3015081,-3.9125173
3015082,-3.9125173
3015083,-3.9125173
3015084,-3.9125173
3015085,-3.9125173
3015086,-3.9125173
3015087,-3.9125173
3015088,-3.9125173
3015089,-3.9125173
3015090,-3.9125173
3015091,-3.9125173
3015092,-3.9125173
3015093,-3.9125173
3015094,-3.9125173
3015095,-3.9125173
3015096,-3.9125173
3015097,-3.9125173
3015098,-3.9125173
3015099,-3.9125173
3015100,-3.9125173
3015101,-3.9125173
3015102,-3.9125173
3015103,-3.9125173
3015104,-3.9125173
3015105,-3.9125173
3015106,658.2903
3015107,274.465
3015108,-3.3177173
3015109,274.465
3015110,-3.3177173
3015111,-3.3177173
3015112,274.465
3015113,-3.3177173
3015114,-3.3177173
3015115,-3.3177173
3015116,-3.3177173
3015117,274.465
3015118,-3.3177173
3015119,274.465
3015120,273.26367
3015121,-4.519066
3015122,1890.3611
3015123,2105.4001
3015124,2297.9785
3015125,2317.0828
3015126,2316.8657
3015127,2289.6423
3015128,2289.4758
3015129,2289.4758
3015130,2288.0762
3015131,2288.0762
3015132,2288.0762
3015133,2288.0762
3015134,2288.0762
3015135,2287.2278
3015136,2286.094
3015137,2286.094
3015138,-3.8956227
3015139,-3.8956227
3015140,-3.8956227
3015141,-3.8956227
3015142,-3.8956227
3015143,-3.8956227
3015144,-3.8956227
3015145,-3.8956227
3015146,-3.8956227
3015147,-3.8956227
3015148,-3.8956227
3015149,-3.8956227
3015150,-3.8956227
3015151,-3.8956227
3015152,-3.8956227
3015153,-3.8956227
3015154,2018.8699
3015155,1732.3656
3015156,2246.5962
3015157,2240.5461
3015158,3244.522
3015159,2539.131
3015160,2539.131
3015161,2552.1748
3015162,1012.04364
3015163,999.1065
3015164,998.67474
3015165,3247.8345
3015166,1005.00116
3015167,995.5224
3015168,995.5224
3015169,995.5224
3015170,-3.8956227
3015171,-3.8956227
3015172,-3.8956227
3015173,-3.8956227
3015174,-3.8956227
3015175,-3.8956227
3015176,-3.8956227
3015177,-3.8956227
3015178,-3.8956227
3015179,-3.8956227
3015180,-3.8956227
3015181,-3.8956227
3015182,-3.8956227
3015183,-3.8956227
3015184,-3.8956227
3015185,274.4819
3015186,1407.0431
3015187,1541.49
3015188,1742.899
3015189,1849.2145
3015190,1873.9324
3015191,1873.7152
3015192,1842.5831
3015193,1846.3252
3015194,1846.3252
3015195,1846.2487
3015196,1846.2487
3015197,1846.2487
3015198,1846.2487
3015199,1846.2487
3015200,1846.2487
3015201,1845.4003
3015202,3011.152
3015203,1837.4213
3015204,1859.4254
3015205,1676.8412
3015206,1676.8412
3015207,1864.6367
3015208,1905.3922
3015209,2904.0212
3015210,1839.9077
3015211,1834.4534
3015212,1834.7657
3015213,2325.4253
3015214,1834.7657
3015215,2325.4253
3015216,2904.0212
3015217,2223.5654
3015218,1700.4071
3015219,1446.9913
3015220,1446.7014
3015221,1715.6776
3015222,2220.0698
3015223,1739.4918
3015224,1739.4918
3015225,1267.7079
3015226,1267.7079
3015227,1488.0359
3015228,1733.2172
3015229,1740.9409
3015230,1740.9409
3015231,1740.2582
3015232,1269.6287
3015233,1279.1074
3015234,274.4819
3015235,274.4819
3015236,274.4819
3015237,274.4819
3015238,274.4819
3015239,1218.4951
3015240,360.8019
3015241,360.8019
3015242,360.8019
3015243,360.8019
3015244,360.8019
3015245,360.8019
3015246,1457.4417
3015247,360.8019
3015248,360.8019
3015249,360.8019
3015250,274.4819
3015251,-3.3008227
3015252,-3.3008227
3015253,1879.844
3015254,83.38965
3015255,83.38965
3015256,83.38965
3015257,83.38965
3015258,83.38965
3015259,83.38965
3015260,1905.6649
3015261,83.16064
3015262,83.16064
3015263,360.9432
3015264,360.9432
3015265,83.16064
3015266,4039.9438
3015267,2453.79
3015268,2423.8188
3015269,2457.4556
3015270,2539.328
3015271,2422.8145
3015272,2635.0896
3015273,2601.3757
3015274,2592.046
3015275,2592.046
3015276,2631.5667
3015277,2631.5667
3015278,2597.8528
3015279,2597.8528
3015280,4053.773
3015281,4112.841
3015282,-4.1676106
3015283,-4.1676106
3015284,-4.1676106
3015285,-4.1676106
3015286,300.61945
3015287,-3.5728104
3015288,-3.5728104
3015289,-3.5728104
3015290,-3.5728104
3015291,-3.5728104
3015292,-3.5728104
3015293,288.19623
3015294,-3.5728104
3015295,-3.5728104
3015296,-3.5728104
3015297,-3.5728104
3015298,-4.1676106
3015299,-4.1676106
3015300,-4.1676106
3015301,-4.1676106
3015302,-4.1676106
3015303,-4.1676106
3015304,-4.1676106
3015305,-4.1676106
3015306,-4.1676106
3015307,-4.1676106
3015308,-4.1676106
3015309,-4.1676106
3015310,-4.1676106
3015311,-4.1676106
3015312,-4.1676106
3015313,-4.1676106
3015314,284.74115
3015315,174.1828
3015316,174.1828
3015317,-3.5728104
3015318,174.1828
3015319,284.74115
3015320,156.32704
3015321,156.32704
3015322,156.32704
3015323,-21.428577
3015324,156.32704
3015325,156.32704
3015326,-21.428577
3015327,-21.428577
3015328,155.68044
3015329,155.68044
3015330,637.3206
3015331,174.1828
3015332,266.06363
3015333,318.29318
3015334,208.55669
3015335,207.91008
3015336,207.91008
3015337,-22.075186
3015338,155.68044
3015339,265.41702
3015340,155.68044
3015341,155.68044
3015342,155.68044
3015343,155.68044
3015344,155.68044
3015345,155.68044
3015346,-4.1676106
3015347,-4.1676106
3015348,-4.1676106
3015349,-4.1676106
3015350,-4.1676106
3015351,-4.1676106
3015352,-4.1676106
3015353,-4.1676106
3015354,-4.1676106
3015355,-4.1676106
3015356,-4.1676106
3015357,-4.1676106
3015358,-4.1676106
3015359,-4.1676106
3015360,-4.1676106
3015361,-4.1676106
3015362,1400.1533
3015363,833.56854
3015364,833.56854
3015365,1304.1975
3015366,1778.2062
3015367,687.51855
3015368,850.1134
3015369,1778.2062
3015370,850.1134
3015371,849.9892
3015372,849.9892
3015373,849.9892
3015374,863.3873
3015375,1334.9537
3015376,864.32465
3015377,700.38654
3015378,-4.0250845
3015379,-4.0250845
3015380,-4.0250845
3015381,-4.0250845
3015382,-4.0250845
3015383,-4.0250845
3015384,-4.0250845
3015385,-4.0250845
3015386,-4.0250845
3015387,-4.0250845
3015388,-4.0250845
3015389,-4.0250845
3015390,-4.0250845
3015391,-4.0250845
3015392,-4.0250845
3015393,-4.0250845
3015394,1522.4321
3015395,30.296978
3015396,30.296978
3015397,30.296978
3015398,30.296978
3015399,30.296978
3015400,244.3614
3015401,-21.932661
3015402,-21.932661
3015403,-21.932661
3015404,-21.932661
3015405,-21.932661
3015406,-21.932661
3015407,155.82297
3015408,-21.932661
3015409,-21.932661
3015410,300.762
3015411,-3.4302852
3015412,-3.4302852
3015413,-3.4302852
3015414,-3.4302852
3015415,-3.4302852
3015416,-3.4302852
3015417,-4.0250845
3015418,-4.0250845
3015419,-4.0250845
3015420,-4.0250845
3015421,-4.0250845
3015422,-4.0250845
3015423,-4.0250845
3015424,-4.0250845
3015425,-4.0250845
3015426,1767.991
3015427,318.4357
3015428,317.7891
3015429,833.98627
3015430,357.1828
3015431,353.7277
3015432,357.1828
3015433,713.90283
3015434,353.7277
3015435,369.60602
3015436,369.60602
3015437,353.7277
3015438,66.23548
3015439,66.37675
3015440,207.8236
3015441,207.8236
3015442,-4.0250845
3015443,-4.0250845
3015444,-4.0250845
3015445,-4.0250845
3015446,-4.0250845
3015447,-4.0250845
3015448,-4.0250845
3015449,-4.0250845
3015450,-4.0250845
3015451,-4.0250845
3015452,-4.0250845
3015453,-4.0250845
3015454,-4.0250845
3015455,-4.0250845
3015456,-4.0250845
3015457,-4.0250845
3015458,-4.0250845
3015459,953.15924
3015460,66.46449
3015461,66.46449
3015462,66.46449
3015463,66.46449
3015464,66.46449
3015465,66.46449
3015466,994.33826
3015467,66.23548
3015468,66.23548
3015469,66.23548
3015470,66.23548
3015471,66.23548
3015472,66.23548
3015473,994.33826
3015474,1405.8712
3015475,1763.0358
3015476,1305.572
3015477,1305.572
3015478,1779.5807
3015479,1779.5807
3015480,1781.5568
3015481,1781.4326
3015482,985.6938
3015483,1928.122
3015484,1928.122
3015485,1922.0723
3015486,1927.9048
3015487,1795.5509
3015488,1927.7688
3015489,1921.5343
3015490,-3.6867602
3015491,-3.6867602
3015492,-3.6867602
3015493,-3.6867602
3015494,-3.6867602
3015495,-3.6867602
3015496,-3.6867602
3015497,-3.6867602
3015498,-3.6867602
3015499,-3.6867602
3015500,-3.6867602
3015501,-3.6867602
3015502,-3.6867602
3015503,-3.6867602
3015504,-3.6867602
3015505,-3.6867602
3015506,-3.6867602
3015507,-3.6867602
3015508,-3.6867602
3015509,-3.6867602
3015510,-3.6867602
3015511,-3.6867602
3015512,-3.6867602
3015513,-3.6867602
3015514,-3.6867602
3015515,-3.6867602
3015516,-3.6867602
3015517,-3.6867602
3015518,-3.6867602
3015519,-3.6867602
3015520,-3.6867602
3015521,-3.6867602
3015522,-3.6867602
3015523,174.29361
3015524,1396.1692
3015525,66.944084
3015526,66.944084
3015527,244.32967
3015528,244.32967
3015529,244.1884
3015530,66.944084
3015531,1420.483
3015532,243.9594
3015533,66.57381
3015534,243.9594
3015535,243.9594
3015536,66.71507
3015537,66.71507
3015538,-3.6867602
3015539,-3.6867602
3015540,284.85196
3015541,-3.0919616
3015542,-3.0919616
3015543,-3.0919616
3015544,-3.0919616
3015545,-3.0919616
3015546,-3.0919616
3015547,284.85196
3015548,-3.0919616
3015549,-3.0919616
3015550,-3.0919616
3015551,-3.0919616
3015552,-3.0919616
3015553,-3.0919616
3015554,2708.606
3015555,555.82275
3015556,230.89273
3015557,443.33102
3015558,443.33102
3015559,443.33102
3015560,2633.433
3015561,482.86945
3015562,482.86945
3015563,306.89438
3015564,482.86945
3015565,482.86945
3015566,482.86945
3015567,2745.957
3015568,602.85815
3015569,602.85815
3015570,1518.8098
3015571,32.4729
3015572,32.4729
3015573,32.4729
3015574,32.4729
3015575,32.4729
3015576,32.4729
3015577,-20.351524
3015578,-20.351524
3015579,-20.351524
3015580,-20.351524
3015581,-20.351524
3015582,-20.351524
3015583,-20.351524
3015584,-20.351524
3015585,-20.351524
3015586,-1.8491474
3015587,-1.8491474
3015588,-1.8491474
3015589,279.80075
3015590,-1.2543479
3015591,-1.2543479
3015592,-1.2543479
3015593,-1.2543479
3015594,-1.2543479
3015595,-1.2543479
3015596,263.92252
3015597,-1.2543479
3015598,-1.2543479
3015599,-1.2543479
3015600,-1.2543479
3015601,-1.2543479
3015602,-3.9125173
3015603,-3.9125173
3015604,-3.9125173
3015605,-3.9125173
3015606,-3.9125173
3015607,-3.9125173
3015608,-3.9125173
3015609,-3.9125173
3015610,-3.9125173
3015611,-3.9125173
3015612,-3.9125173
3015613,-3.9125173
3015614,-3.9125173
3015615,-3.9125173
3015616,-3.9125173
3015617,-3.9125173
3015618,-3.9125173
3015619,-3.9125173
3015620,-3.9125173
3015621,-3.9125173
3015622,-3.9125173
3015623,-3.9125173
3015624,-3.9125173
3015625,-3.9125173
3015626,-3.9125173
3015627,-3.9125173
3015628,-3.9125173
3015629,-3.9125173
3015630,-3.9125173
3015631,-3.9125173
3015632,-3.9125173
3015633,-3.9125173
3015634,658.2903
3015635,274.465
3015636,274.465
3015637,-3.3177173
3015638,-3.3177173
3015639,-3.3177173
3015640,274.465
3015641,274.465
3015642,-3.3177173
3015643,274.465
3015644,-3.3177173
3015645,-3.3177173
3015646,-3.3177173
3015647,-3.3177173
3015648,-3.3177173
3015649,-3.3177173
3015650,1890.3611
3015651,2210.8926
3015652,2272.3545
3015653,2317.0828
3015654,2316.8657
3015655,2285.7336
3015656,2289.4758
3015657,2289.4758
3015658,2288.0762
3015659,2288.0762
3015660,2288.0762
3015661,2288.0762
3015662,2288.0762
3015663,2287.2278
3015664,2180.602
3015665,2286.094
3015666,-3.8956227
3015667,-3.8956227
3015668,-3.8956227
3015669,-3.8956227
3015670,-3.8956227
3015671,-3.8956227
3015672,-3.8956227
3015673,-3.8956227
3015674,-3.8956227
3015675,-3.8956227
3015676,-3.8956227
3015677,-3.8956227
3015678,-3.8956227
3015679,-3.8956227
3015680,-3.8956227
3015681,-3.8956227
3015682,2018.8699
3015683,2246.5962
3015684,2246.5962
3015685,2263.141
3015686,3244.522
3015687,2504.684
3015688,2552.3108
3015689,2538.995
3015690,1012.04364
3015691,998.67474
3015692,998.67474
3015693,3247.8345
3015694,1005.00116
3015695,995.5224
3015696,969.89825
3015697,969.89825
3015698,-3.8956227
3015699,-3.8956227
3015700,-3.8956227
3015701,-3.8956227
3015702,-3.8956227
3015703,-3.8956227
3015704,274.4819
3015705,-3.3008227
3015706,-3.3008227
3015707,-3.3008227
3015708,-3.3008227
3015709,-3.3008227
3015710,-3.3008227
3015711,-3.8956227
3015712,-3.8956227
3015713,-3.8956227
3015714,1407.9749
3015715,1541.49
3015716,1742.899
3015717,1849.2145
3015718,1873.9324
3015719,1873.7152
3015720,1842.5831
3015721,1846.3252
3015722,1846.3252
3015723,1846.2487
3015724,1846.2487
3015725,1846.2487
3015726,1846.2487
3015727,2010.5708
3015728,1877.1693
3015729,1876.3209
3015730,3011.152
3015731,1855.5168
3015732,1841.3298
3015733,1676.7657
3015734,1676.8412
3015735,1867.3136
3015736,1750.2454
3015737,2906.0474
3015738,1369.2782
3015739,1363.8239
3015740,2325.4253
3015741,2325.4253
3015742,1364.1362
3015743,2330.578
3015744,2904.0212
3015745,2218.9578
3015746,1700.4071
3015747,976.36224
3015748,1444.6874
3015749,1218.4868
3015750,2205.7344
3015751,1268.8623
3015752,1268.8623
3015753,1258.4463
3015754,1258.2291
3015755,1488.0359
3015756,1262.5876
3015757,1733.2172
3015758,1270.3114
3015759,1740.9409
3015760,1740.2582
3015761,1749.7369
3015762,274.4819
3015763,274.4819
3015764,274.4819
3015765,274.4819
3015766,274.4819
3015767,1218.4951
3015768,360.8019
3015769,360.8019
3015770,360.8019
3015771,360.8019
3015772,360.8019
3015773,360.8019
3015774,1403.244
3015775,360.8019
3015776,360.8019
3015777,360.8019
3015778,274.4819
3015779,-3.3008227
3015780,-3.3008227
3015781,2042.3835
3015782,83.38965
3015783,83.38965
3015784,83.38965
3015785,47.080868
3015786,47.080868
3015787,47.080868
3015788,1905.6649
3015789,83.16064
3015790,83.16064
3015791,360.9432
3015792,360.9432
3015793,360.8019
3015794,4065.5679
3015795,2620.785
3015796,2457.5322
3015797,2542.5159
3015798,2457.8997
3015799,2601.3757
3015800,3377.5476
3015801,2635.0896
3015802,2635.0896
3015803,2588.523
3015804,2631.5667
3015805,2647.976
3015806,2597.8528
3015807,2758.68
3015808,3747.9773
3015809,4112.841
3015810,-4.1676106
3015811,-4.1676106
3015812,-4.1676106
3015813,-4.1676106
3015814,288.19623
3015815,-3.5728104
3015816,-3.5728104
3015817,-3.5728104
3015818,-3.5728104
3015819,-3.5728104
3015820,-3.5728104
3015821,300.61945
3015822,-3.5728104
3015823,-3.5728104
3015824,-3.5728104
3015825,-3.5728104
3015826,-4.1676106
3015827,-4.1676106
3015828,-4.1676106
3015829,-4.1676106
3015830,-4.1676106
3015831,-4.1676106
3015832,-4.1676106
3015833,-4.1676106
3015834,-4.1676106
3015835,-4.1676106
3015836,-4.1676106
3015837,-4.1676106
3015838,-4.1676106
3015839,-4.1676106
3015840,-4.1676106
3015841,-4.1676106
3015842,284.74115
3015843,174.1828
3015844,174.1828
3015845,174.1828
3015846,284.74115
3015847,156.32704
3015848,156.32704
3015849,156.32704
3015850,266.06363
3015851,155.68044
3015852,155.68044
3015853,155.68044
3015854,265.41702
3015855,155.68044
3015856,155.68044
3015857,155.68044
3015858,637.3206
3015859,174.1828
3015860,-3.5728104
3015861,266.06363
3015862,208.55669
3015863,30.80106
3015864,30.80106
3015865,156.32704
3015866,-21.428577
3015867,156.32704
3015868,155.68044
3015869,265.41702
3015870,-22.075186
3015871,155.68044
3015872,265.41702
3015873,265.41702
3015874,-4.1676106
3015875,-4.1676106
3015876,-4.1676106
3015877,-4.1676106
3015878,-4.1676106
3015879,-4.1676106
3015880,-4.1676106
3015881,-4.1676106
3015882,-4.1676106
3015883,-4.1676106
3015884,-4.1676106
3015885,-4.1676106
3015886,-4.1676106
3015887,-4.1676106
3015888,-4.1676106
3015889,-4.1676106
3015890,1522.4321
3015891,1304.4265
3015892,833.75726
3015893,1304.1975
3015894,1761.6613
3015895,1320.7424
3015896,1778.2062
3015897,1778.2062
3015898,1778.082
3015899,1320.6183
3015900,1320.6183
3015901,1792.4175
3015902,864.32465
3015903,1792.4175
3015904,1334.7366
3015905,863.1701
3015906,-4.0250845
3015907,-4.0250845
3015908,-4.0250845
3015909,-4.0250845
3015910,-4.0250845
3015911,-4.0250845
3015912,-4.0250845
3015913,-4.0250845
3015914,-4.0250845
3015915,-4.0250845
3015916,-4.0250845
3015917,-4.0250845
3015918,-4.0250845
3015919,-4.0250845
3015920,-4.0250845
3015921,-4.0250845
3015922,1948.3556
3015923,66.60576
3015924,66.60576
3015925,66.60576
3015926,66.60576
3015927,66.60576
3015928,369.97632
3015929,-21.932661
3015930,-21.932661
3015931,-21.932661
3015932,-21.932661
3015933,-21.932661
3015934,-21.932661
3015935,281.43787
3015936,-21.932661
3015937,-21.932661
3015938,288.33878
3015939,-3.4302852
3015940,-3.4302852
3015941,-3.4302852
3015942,-3.4302852
3015943,-3.4302852
3015944,-3.4302852
3015945,-4.0250845
3015946,-4.0250845
3015947,-4.0250845
3015948,-4.0250845
3015949,-4.0250845
3015950,-4.0250845
3015951,-4.0250845
3015952,-4.0250845
3015953,-4.0250845
3015954,1291.684
3015955,321.24423
3015956,714.27313
3015957,670.9737
3015958,357.1828
3015959,353.7277
3015960,353.7277
3015961,369.60602
3015962,369.60602
3015963,369.60602
3015964,369.60602
3015965,369.60602
3015966,244.13237
3015967,244.13237
3015968,353.869
3015969,207.8236
3015970,-4.0250845
3015971,-4.0250845
3015972,-4.0250845
3015973,-4.0250845
3015974,-4.0250845
3015975,-4.0250845
3015976,-4.0250845
3015977,-4.0250845
3015978,-4.0250845
3015979,-4.0250845
3015980,-4.0250845
3015981,-4.0250845
3015982,-4.0250845
3015983,-4.0250845
3015984,-4.0250845
3015985,-4.0250845
3015986,-4.0250845
3015987,1404.4967
3015988,66.60576
3015989,66.60576
3015990,66.60576
3015991,66.60576
3015992,66.60576
3015993,66.60576
3015994,977.4732
3015995,66.23548
3015996,66.23548
3015997,66.23548
3015998,66.23548
3015999,66.23548
3016000,66.23548
3016001,977.4732
3016002,1568.145
3016003,1763.0358
3016004,1763.0358
3016005,834.94305
3016006,1773.531
3016007,688.89307
3016008,1456.4469
3016009,1779.4565
3016010,1779.4565
3016011,851.3637
3016012,1787.7423
3016013,1787.7423
3016014,865.48193
3016015,1336.1111
3016016,865.48193
3016017,701.76105
3016018,-3.6867602
3016019,-3.6867602
3016020,-3.6867602
3016021,-3.6867602
3016022,-3.6867602
3016023,-3.6867602
3016024,-3.6867602
3016025,-3.6867602
3016026,-3.6867602
3016027,-3.6867602
3016028,-3.6867602
3016029,-3.6867602
3016030,-3.6867602
3016031,-3.6867602
3016032,-3.6867602
3016033,-3.6867602
3016034,-3.6867602
3016035,-3.6867602
3016036,-3.6867602
3016037,-3.6867602
3016038,-3.6867602
3016039,-3.6867602
3016040,-3.6867602
3016041,-3.6867602
3016042,-3.6867602
3016043,-3.6867602
3016044,-3.6867602
3016045,-3.6867602
3016046,-3.6867602
3016047,-3.6867602
3016048,-3.6867602
3016049,-3.6867602
3016050,-3.6867602
3016051,-3.6867602
3016052,1513.9805
3016053,30.635303
3016054,30.635303
3016055,30.635303
3016056,30.635303
3016057,30.635303
3016058,208.02089
3016059,1573.2544
3016060,244.10066
3016061,244.10066
3016062,244.10066
3016063,243.9594
3016064,66.57381
3016065,66.71507
3016066,174.29361
3016067,-3.0919616
3016068,174.29361
3016069,-3.0919616
3016070,-3.0919616
3016071,-3.0919616
3016072,-3.0919616
3016073,-3.0919616
3016074,-3.0919616
3016075,174.29361
3016076,-3.0919616
3016077,-3.0919616
3016078,-3.0919616
3016079,-3.0919616
3016080,-3.0919616
3016081,-3.0919616
3016082,2708.606
3016083,560.58105
3016084,581.8919
3016085,555.82275
3016086,555.82275
3016087,443.33102
3016088,2608.7053
3016089,505.71713
3016090,505.71713
3016091,618.209
3016092,618.209
3016093,618.209
3016094,618.209
3016095,2745.5378
3016096,616.5394
3016097,616.5394
3016098,1527.2297
3016099,32.4729
3016100,32.4729
3016101,32.4729
3016102,32.4729
3016103,32.4729
3016104,32.4729
3016105,-20.351524
3016106,-20.351524
3016107,-20.351524
3016108,-20.351524
3016109,-20.351524
3016110,-20.351524
3016111,-20.351524
3016112,-20.351524
3016113,-20.351524
3016114,-1.8491474
3016115,-1.8491474
3016116,-1.8491474
3016117,263.92252
3016118,-1.2543479
3016119,-1.2543479
3016120,-1.2543479
3016121,-1.2543479
3016122,-1.2543479
3016123,-1.2543479
3016124,263.92252
3016125,-1.2543479
3016126,-1.2543479
3016127,-1.2543479
3016128,-1.2543479
3016129,-1.2543479
3016130,-3.9125173
3016131,-3.9125173
3016132,-3.9125173
3016133,-3.9125173
3016134,-3.9125173
3016135,-3.9125173
3016136,-3.9125173
3016137,-3.9125173
3016138,-3.9125173
3016139,-3.9125173
3016140,-3.9125173
3016141,-3.9125173
3016142,-3.9125173
3016143,-3.9125173
3016144,-3.9125173
3016145,-3.9125173
3016146,-3.9125173
3016147,-3.9125173
3016148,-3.9125173
3016149,-3.9125173
3016150,-3.9125173
3016151,-3.9125173
3016152,-3.9125173
3016153,-3.9125173
3016154,-3.9125173
3016155,-3.9125173
3016156,-3.9125173
3016157,-3.9125173
3016158,-3.9125173
3016159,-3.9125173
3016160,-3.9125173
3016161,-3.9125173
3016162,658.2903
3016163,-3.3177173
3016164,-3.3177173
3016165,-3.3177173
3016166,-3.3177173
3016167,-3.3177173
3016168,-3.3177173
3016169,-3.9125173
3016170,-3.9125173
3016171,-3.9125173
3016172,-3.9125173
3016173,-3.9125173
3016174,-3.9125173
3016175,-3.9125173
3016176,-3.9125173
3016177,-3.9125173
3016178,1917.4888
3016179,2171.2566
3016180,2372.7935
3016181,2293.2683
3016182,2314.4587
3016183,2473.2014
3016184,2283.1096
3016185,2320.6384
3016186,2320.472
3016187,2317.848
3016188,2480.8457
3016189,2480.8457
3016190,2480.8457
3016191,2319.0723
3016192,2319.0723
3016193,2319.0723
3016194,-3.8956227
3016195,-3.8956227
3016196,-3.8956227
3016197,-3.8956227
3016198,-3.8956227
3016199,-3.8956227
3016200,-3.8956227
3016201,-3.8956227
3016202,-3.8956227
3016203,-3.8956227
3016204,-3.8956227
3016205,-3.8956227
3016206,-3.8956227
3016207,-3.8956227
3016208,-3.8956227
3016209,-3.8956227
3016210,2135.538
3016211,1732.5946
3016212,2246.5962
3016213,1732.3656
3016214,1671.1237
3016215,1317.0953
3016216,1504.1125
3016217,1479.8175
3016218,924.3573
3016219,722.9485
3016220,722.9485
3016221,1486.8837
3016222,737.0667
3016223,737.0667
3016224,683.97076
3016225,737.0667
3016226,-3.8956227
3016227,-3.8956227
3016228,-3.8956227
3016229,-3.8956227
3016230,-3.8956227
3016231,-3.8956227
3016232,-3.8956227
3016233,-3.8956227
3016234,-3.8956227
3016235,-3.8956227
3016236,-3.8956227
3016237,-3.8956227
3016238,-3.8956227
3016239,-3.8956227
3016240,-3.8956227
3016241,-3.8956227
3016242,1405.7941
3016243,2166.4778
3016244,2182.858
3016245,1982.3058
3016246,2022.5515
3016247,2042.6824
3016248,2076.3323
3016249,2468.8157
3016250,2468.5986
3016251,2062.1567
3016252,2468.4426
3016253,2060.4055
3016254,2065.8987
3016255,2050.2598
3016256,2060.3289
3016257,2070.1655
3016258,2991.3542
3016259,2347.2437
3016260,2347.2437
3016261,2347.0266
3016262,2347.0266
3016263,2281.4473
3016264,2281.4272
3016265,3041.636
3016266,1395.8646
3016267,1202.1099
3016268,855.293
3016269,1395.8646
3016270,855.16315
3016271,1179.2623
3016272,2703.9202
3016273,1223.6024
3016274,1700.4071
3016275,432.3213
3016276,1150.3201
3016277,464.51544
3016278,464.94717
3016279,448.63715
3016280,464.51544
3016281,448.40228
3016282,464.51544
3016283,1151.1277
3016284,829.0621
3016285,470.18298
3016286,470.18298
3016287,469.75125
3016288,470.18298
3016289,469.75125
3016290,274.4819
3016291,274.4819
3016292,274.4819
3016293,274.4819
3016294,274.4819
3016295,1883.6022
3016296,361.0309
3016297,361.0309
3016298,361.0309
3016299,361.0309
3016300,361.0309
3016301,360.8019
3016302,1883.5378
3016303,360.8019
3016304,360.8019
3016305,360.8019
3016306,274.4819
3016307,-3.3008227
3016308,-3.3008227
3016309,924.79736
3016310,-4.5021715
3016311,-4.5021715
3016312,-4.5021715
3016313,-4.5021715
3016314,-4.5021715
3016315,-4.5021715
3016316,1359.4465
3016317,-5.148779
3016318,-5.148779
3016319,324.86334
3016320,47.080868
3016321,324.86334
3016322,4046.13
3016323,2382.5024
3016324,2359.2312
3016325,2313.9458
3016326,2313.8691
3016327,2245.019
3016328,2354.9514
3016329,2262.5964
3016330,2263.051
3016331,2335.5408
3016332,2263.5024
3016333,2333.8489
3016334,2230.1174
3016335,2406.3135
3016336,2438.4973
3016337,2423.2273
3016338,-4.1676106
3016339,-4.1676106
3016340,-4.1676106
3016341,-4.1676106
3016342,300.61945
3016343,-3.5728104
3016344,-3.5728104
3016345,-3.5728104
3016346,-3.5728104
3016347,-3.5728104
3016348,-3.5728104
3016349,284.74115
3016350,-3.5728104
3016351,-3.5728104
3016352,-3.5728104
3016353,-3.5728104
3016354,-4.1676106
3016355,-4.1676106
3016356,-4.1676106
3016357,-4.1676106
3016358,-4.1676106
3016359,-4.1676106
3016360,-4.1676106
3016361,-4.1676106
3016362,-4.1676106
3016363,-4.1676106
3016364,-4.1676106
3016365,-4.1676106
3016366,-4.1676106
3016367,-4.1676106
3016368,-4.1676106
3016369,-4.1676106
3016370,284.74115
3016371,174.1828
3016372,-3.5728104
3016373,-3.5728104
3016374,174.1828
3016375,174.1828
3016376,174.1828
3016377,174.1828
3016378,156.32704
3016379,156.32704
3016380,156.32704
3016381,-21.428577
3016382,-21.428577
3016383,156.32704
3016384,-21.428577
3016385,156.32704
3016386,637.3206
3016387,174.1828
3016388,156.32704
3016389,-21.428577
3016390,-21.428577
3016391,156.32704
3016392,208.55669
3016393,-21.428577
3016394,-21.428577
3016395,-21.428577
3016396,-21.428577
3016397,-21.428577
3016398,-21.428577
3016399,-22.023378
3016400,-22.023378
3016401,156.32704
3016402,-4.1676106
3016403,-4.1676106
3016404,-4.1676106
3016405,-4.1676106
3016406,-4.1676106
3016407,-4.1676106
3016408,-4.1676106
3016409,-4.1676106
3016410,-4.1676106
3016411,-4.1676106
3016412,-4.1676106
3016413,-4.1676106
3016414,-4.1676106
3016415,-4.1676106
3016416,-4.1676106
3016417,-4.1676106
3016418,1948.3556
3016419,671.2027
3016420,833.75726
3016421,833.75726
3016422,833.75726
3016423,713.90283
3016424,687.51855
3016425,670.9737
3016426,670.9737
3016427,670.9737
3016428,357.1828
3016429,833.56854
3016430,669.72345
3016431,669.72345
3016432,348.08316
3016433,348.08316
3016434,-4.0250845
3016435,-4.0250845
3016436,-4.0250845
3016437,-4.0250845
3016438,-4.0250845
3016439,-4.0250845
3016440,-4.0250845
3016441,-4.0250845
3016442,-4.0250845
3016443,-4.0250845
3016444,-4.0250845
3016445,-4.0250845
3016446,-4.0250845
3016447,-4.0250845
3016448,-4.0250845
3016449,-4.0250845
3016450,1400.1533
3016451,66.60576
3016452,66.60576
3016453,66.60576
3016454,66.60576
3016455,66.60576
3016456,66.60576
3016457,-22.52746
3016458,-22.52746
3016459,-22.52746
3016460,-22.52746
3016461,-22.52746
3016462,-22.52746
3016463,-22.52746
3016464,-22.52746
3016465,-22.52746
3016466,288.33878
3016467,-3.4302852
3016468,-3.4302852
3016469,-3.4302852
3016470,-3.4302852
3016471,-3.4302852
3016472,-3.4302852
3016473,-4.0250845
3016474,-4.0250845
3016475,-4.0250845
3016476,-4.0250845
3016477,-4.0250845
3016478,-4.0250845
3016479,-4.0250845
3016480,-4.0250845
3016481,-4.0250845
3016482,1291.684
3016483,318.4357
3016484,317.7891
3016485,208.05261
3016486,244.3614
3016487,66.60576
3016488,244.3614
3016489,265.55957
3016490,-21.932661
3016491,-21.932661
3016492,-21.932661
3016493,-21.932661
3016494,-21.932661
3016495,-21.932661
3016496,-22.52746
3016497,-22.52746
3016498,-4.0250845
3016499,-4.0250845
3016500,-4.0250845
3016501,-4.0250845
3016502,-4.0250845
3016503,-4.0250845
3016504,-4.0250845
3016505,-4.0250845
3016506,-4.0250845
3016507,-4.0250845
3016508,-4.0250845
3016509,-4.0250845
3016510,-4.0250845
3016511,-4.0250845
3016512,-4.0250845
3016513,-4.0250845
3016514,-4.0250845
3016515,1404.4967
3016516,66.60576
3016517,66.60576
3016518,66.60576
3016519,66.60576
3016520,66.60576
3016521,66.60576
3016522,1457.0238
3016523,66.23548
3016524,66.23548
3016525,66.23548
3016526,66.23548
3016527,66.23548
3016528,66.23548
3016529,1502.4211
3016530,1401.5278
3016531,834.94305
3016532,835.1318
3016533,834.94305
3016534,715.27734
3016535,672.3482
3016536,688.89307
3016537,1763.0358
3016538,715.27734
3016539,672.3482
3016540,370.98053
3016541,834.81885
3016542,833.88153
3016543,671.09796
3016544,706.17773
3016545,848.217
3016546,-3.6867602
3016547,-3.6867602
3016548,-3.6867602
3016549,-3.6867602
3016550,-3.6867602
3016551,-3.6867602
3016552,-3.6867602
3016553,-3.6867602
3016554,-3.6867602
3016555,-3.6867602
3016556,-3.6867602
3016557,-3.6867602
3016558,-3.6867602
3016559,-3.6867602
3016560,-3.6867602
3016561,-3.6867602
3016562,-3.6867602
3016563,-3.6867602
3016564,-3.6867602
3016565,-3.6867602
3016566,-3.6867602
3016567,-3.6867602
3016568,-3.6867602
3016569,-3.6867602
3016570,-3.6867602
3016571,-3.6867602
3016572,-3.6867602
3016573,-3.6867602
3016574,-3.6867602
3016575,-3.6867602
3016576,-3.6867602
3016577,-3.6867602
3016578,-3.6867602
3016579,-3.6867602
3016580,1698.2181
3016581,31.28191
3016582,31.28191
3016583,31.28191
3016584,31.28191
3016585,31.28191
3016586,31.28191
3016587,1215.8563
3016588,208.02089
3016589,208.02089
3016590,208.02089
3016591,30.635303
3016592,30.635303
3016593,30.635303
3016594,-3.6867602
3016595,-3.6867602
3016596,-3.6867602
3016597,-3.6867602
3016598,-3.6867602
3016599,-3.6867602
3016600,-3.6867602
3016601,-3.6867602
3016602,-3.6867602
3016603,-3.6867602
3016604,-3.6867602
3016605,-3.6867602
3016606,-3.6867602
3016607,-3.6867602
3016608,-3.6867602
3016609,-3.6867602
3016610,2679.8157
3016611,238.27676
3016612,238.27676
3016613,238.27676
3016614,238.27676
3016615,238.27676
3016616,2611.4187
3016617,457.24533
3016618,457.24533
3016619,457.24533
3016620,457.24533
3016621,457.24533
3016622,482.86945
3016623,2703.7275
3016624,456.39694
3016625,456.39694
3016626,1527.2297
3016627,32.4729
3016628,32.4729
3016629,32.4729
3016630,32.4729
3016631,32.4729
3016632,32.4729
3016633,-20.351524
3016634,-20.351524
3016635,-20.351524
3016636,-20.351524
3016637,-20.351524
3016638,-20.351524
3016639,-20.351524
3016640,-20.351524
3016641,-20.351524
3016642,-1.8491474
3016643,-1.8491474
3016644,-1.8491474
3016645,176.13124
3016646,-1.2543479
3016647,-1.2543479
3016648,-1.2543479
3016649,-1.2543479
3016650,-1.2543479
3016651,-1.2543479
3016652,176.13124
3016653,-1.2543479
3016654,-1.2543479
3016655,-1.2543479
3016656,-1.2543479
3016657,-1.2543479
3016658,-3.9125173
3016659,-3.9125173
3016660,-3.9125173
3016661,-3.9125173
3016662,-3.9125173
3016663,-3.9125173
3016664,-3.9125173
3016665,-3.9125173
3016666,-3.9125173
3016667,-3.9125173
3016668,-3.9125173
3016669,-3.9125173
3016670,-3.9125173
3016671,-3.9125173
3016672,-3.9125173
3016673,-3.9125173
3016674,-3.9125173
3016675,-3.9125173
3016676,-3.9125173
3016677,-3.9125173
3016678,-3.9125173
3016679,-3.9125173
3016680,-3.9125173
3016681,-3.9125173
3016682,-3.9125173
3016683,-3.9125173
3016684,-3.9125173
3016685,-3.9125173
3016686,-3.9125173
3016687,-3.9125173
3016688,-3.9125173
3016689,-3.9125173
3016690,658.2903
3016691,-3.3177173
3016692,-3.3177173
3016693,-3.3177173
3016694,274.465
3016695,-3.3177173
3016696,-3.3177173
3016697,-3.3177173
3016698,-3.3177173
3016699,-3.3177173
3016700,-3.3177173
3016701,-3.9125173
3016702,-3.9125173
3016703,-3.9125173
3016704,-3.9125173
3016705,-3.9125173
3016706,1880.6532
3016707,2009.4846
3016708,2272.3545
3016709,2216.9875
3016710,2211.3738
3016711,2289.6423
3016712,2289.4758
3016713,2288.0762
3016714,2288.0762
3016715,2288.0762
3016716,2288.0762
3016717,2288.0762
3016718,2288.0762
3016719,2287.2278
3016720,2181.851
3016721,2286.094
3016722,-3.8956227
3016723,-3.8956227
3016724,-3.8956227
3016725,-3.8956227
3016726,-3.8956227
3016727,-3.8956227
3016728,-3.8956227
3016729,-3.8956227
3016730,-3.8956227
3016731,-3.8956227
3016732,-3.8956227
3016733,-3.8956227
3016734,-3.8956227
3016735,-3.8956227
3016736,-3.8956227
3016737,-3.8956227
3016738,2018.8699
3016739,1072.6327
3016740,1261.925
3016741,1261.7363
3016742,1813.4382
3016743,1381.2887
3016744,2539.3481
3016745,1381.2887
3016746,989.54913
3016747,627.0576
3016748,963.925
3016749,1805.5386
3016750,962.55554
3016751,937.3233
3016752,937.3233
3016753,937.3233
3016754,-3.8956227
3016755,-3.8956227
3016756,-3.8956227
3016757,-3.8956227
3016758,-3.8956227
3016759,-3.8956227
3016760,-3.8956227
3016761,-3.8956227
3016762,-3.8956227
3016763,-3.8956227
3016764,-3.8956227
3016765,-3.8956227
3016766,-3.8956227
3016767,-3.8956227
3016768,-3.8956227
3016769,-3.8956227
3016770,1407.0431
3016771,1541.49
3016772,1742.899
3016773,1849.2145
3016774,1873.9324
3016775,1873.7152
3016776,1842.5831
3016777,1846.3252
3016778,1846.3252
3016779,1846.2487
3016780,1846.2487
3016781,1846.2487
3016782,1846.2487
3016783,1846.2487
3016784,1846.2487
3016785,1845.4003
3016786,3011.152
3016787,2360.2063
3016788,1869.6494
3016789,1855.5168
3016790,2285.1694
3016791,2285.1694
3016792,2285.1694
3016793,2906.454
3016794,1142.3866
3016795,1142.3866
3016796,1202.0851
3016797,1233.0812
3016798,1396.8019
3016799,1395.8646
3016800,2987.982
3016801,1140.0962
3016802,1700.4071
3016803,782.0794
3016804,1308.8306
3016805,1664.9453
3016806,2180.1104
3016807,1055.7035
3016808,1081.3274
3016809,682.48883
3016810,1232.8223
3016811,1463.1437
3016812,1207.2369
3016813,1207.0521
3016814,666.0489
3016815,1207.0521
3016816,1210.7942
3016817,1003.6707
3016818,274.4819
3016819,274.4819
3016820,274.4819
3016821,274.4819
3016822,274.4819
3016823,1883.6022
3016824,361.0309
3016825,361.0309
3016826,361.0309
3016827,361.0309
3016828,361.0309
3016829,360.8019
3016830,1473.0813
3016831,360.8019
3016832,360.8019
3016833,360.8019
3016834,274.4819
3016835,-3.3008227
3016836,-3.3008227
3016837,2047.0247
3016838,47.080868
3016839,47.080868
3016840,47.080868
3016841,47.080868
3016842,47.080868
3016843,47.080868
3016844,2081.0515
3016845,47.080868
3016846,47.080868
3016847,324.63434
3016848,324.63434
3016849,324.63434
3016850,4039.9438
3016851,2484.9219
3016852,2359.2312
3016853,2461.0876
3016854,2435.824
3016855,2457.6619
3016856,2745.1172
3016857,2694.994
3016858,2728.7078
3016859,2694.994
3016860,2741.5942
3016861,2725.1848
3016862,2682.141
3016863,2691.471
3016864,4053.773
3016865,3807.597
3016866,-4.1676106
3016867,-4.1676106
3016868,-4.1676106
3016869,-4.1676106
3016870,680.24976
3016871,-3.5728104
3016872,-3.5728104
3016873,-3.5728104
3016874,-3.5728104
3016875,-3.5728104
3016876,-3.5728104
3016877,269.5187
3016878,-21.428577
3016879,-21.428577
3016880,-21.428577
3016881,-21.428577
3016882,-4.1676106
3016883,-4.1676106
3016884,-4.1676106
3016885,-4.1676106
3016886,-4.1676106
3016887,-4.1676106
3016888,-4.1676106
3016889,-4.1676106
3016890,-4.1676106
3016891,-4.1676106
3016892,-4.1676106
3016893,-4.1676106
3016894,-4.1676106
3016895,-4.1676106
3016896,-4.1676106
3016897,-4.1676106
3016898,284.74115
3016899,-3.5728104
3016900,174.1828
3016901,174.1828
3016902,174.1828
3016903,174.1828
3016904,-3.5728104
3016905,174.1828
3016906,156.32704
3016907,266.06363
3016908,156.32704
3016909,156.32704
3016910,-21.428577
3016911,-21.428577
3016912,155.68044
3016913,155.68044
3016914,637.3206
3016915,174.1828
3016916,-3.5728104
3016917,156.32704
3016918,156.32704
3016919,318.29318
3016920,317.64658
3016921,265.41702
3016922,155.68044
3016923,207.91008
3016924,207.91008
3016925,207.91008
3016926,155.68044
3016927,155.68044
3016928,265.41702
3016929,155.45142
3016930,-4.1676106
3016931,-4.1676106
3016932,-4.1676106
3016933,-4.1676106
3016934,-4.1676106
3016935,-4.1676106
3016936,-4.1676106
3016937,-4.1676106
3016938,-4.1676106
3016939,-4.1676106
3016940,-4.1676106
3016941,-4.1676106
3016942,-4.1676106
3016943,-4.1676106
3016944,-4.1676106
3016945,-4.1676106
3016946,1948.3556
3016947,1761.6613
3016948,1761.6613
3016949,1304.1975
3016950,1778.2062
3016951,850.1134
3016952,1365.2412
3016953,1778.2062
3016954,1645.728
3016955,1320.6183
3016956,1334.9537
3016957,1792.4175
3016958,864.32465
3016959,1334.7366
3016960,1334.7366
3016961,863.1701
3016962,-4.0250845
3016963,-4.0250845
3016964,-4.0250845
3016965,-4.0250845
3016966,-4.0250845
3016967,-4.0250845
3016968,-4.0250845
3016969,-4.0250845
3016970,-4.0250845
3016971,-4.0250845
3016972,-4.0250845
3016973,-4.0250845
3016974,-4.0250845
3016975,-4.0250845
3016976,-4.0250845
3016977,-4.0250845
3016978,1948.3556
3016979,66.60576
3016980,66.60576
3016981,66.60576
3016982,66.60576
3016983,66.60576
3016984,354.098
3016985,-21.932661
3016986,-21.932661
3016987,-21.932661
3016988,-21.932661
3016989,-21.932661
3016990,-21.932661
3016991,-22.52746
3016992,-22.52746
3016993,-22.52746
3016994,288.33878
3016995,-3.4302852
3016996,-3.4302852
3016997,-3.4302852
3016998,-3.4302852
3016999,-3.4302852
3017000,-3.4302852
3017001,-4.0250845
3017002,-4.0250845
3017003,-4.0250845
3017004,-4.0250845
3017005,-4.0250845
3017006,-4.0250845
3017007,284.8837
3017008,-3.4302852
3017009,-3.4302852
3017010,1767.991
3017011,318.4357
3017012,369.97632
3017013,671.2027
3017014,244.22014
3017015,244.22014
3017016,353.7277
3017017,353.869
3017018,353.869
3017019,353.869
3017020,333.43845
3017021,317.5601
3017022,30.067966
3017023,207.8236
3017024,207.8236
3017025,207.8236
3017026,-4.0250845
3017027,-4.0250845
3017028,-4.0250845
3017029,-4.0250845
3017030,-4.0250845
3017031,-4.0250845
3017032,-4.0250845
3017033,-4.0250845
3017034,-4.0250845
3017035,-4.0250845
3017036,-4.0250845
3017037,-4.0250845
3017038,-4.0250845
3017039,-4.0250845
3017040,-4.0250845
3017041,-4.0250845
3017042,-4.0250845
3017043,953.15924
3017044,66.46449
3017045,66.46449
3017046,66.46449
3017047,66.46449
3017048,66.46449
3017049,66.46449
3017050,994.33826
3017051,243.9911
3017052,66.23548
3017053,66.23548
3017054,66.23548
3017055,66.23548
3017056,66.23548
3017057,977.4732
3017058,1434.0845
3017059,835.1318
3017060,1763.0358
3017061,1756.9861
3017062,1773.531
3017063,851.4879
3017064,1907.861
3017065,1907.7368
3017066,1913.7865
3017067,1928.122
3017068,1000.0292
3017069,1922.0723
3017070,1795.5509
3017071,1927.9048
3017072,1927.7688
3017073,1927.584
3017074,-3.6867602
3017075,-3.6867602
3017076,-3.6867602
3017077,-3.6867602
3017078,-3.6867602
3017079,-3.6867602
3017080,-3.6867602
3017081,-3.6867602
3017082,-3.6867602
3017083,-3.6867602
3017084,-3.6867602
3017085,-3.6867602
3017086,-3.6867602
3017087,-3.6867602
3017088,-3.6867602
3017089,-3.6867602
3017090,-3.6867602
3017091,-3.6867602
3017092,-3.6867602
3017093,-3.6867602
3017094,174.29361
3017095,-3.0919616
3017096,-3.0919616
3017097,-3.0919616
3017098,-3.0919616
3017099,-3.0919616
3017100,-3.0919616
3017101,-3.6867602
3017102,-3.6867602
3017103,-3.6867602
3017104,-3.6867602
3017105,-3.6867602
3017106,174.29361
3017107,-3.0919616
3017108,1400.1216
3017109,66.944084
3017110,66.944084
3017111,66.944084
3017112,66.944084
3017113,66.944084
3017114,66.944084
3017115,1543.6377
3017116,30.406292
3017117,30.406292
3017118,30.406292
3017119,30.406292
3017120,30.406292
3017121,30.406292
3017122,174.29361
3017123,-3.0919616
3017124,174.29361
3017125,-3.0919616
3017126,-3.0919616
3017127,-3.0919616
3017128,-3.0919616
3017129,-3.0919616
3017130,-3.0919616
3017131,174.29361
3017132,-3.0919616
3017133,-3.0919616
3017134,-3.0919616
3017135,-3.0919616
3017136,-3.0919616
3017137,-3.0919616
3017138,2708.606
3017139,448.2351
3017140,448.2351
3017141,443.33102
3017142,443.33102
3017143,443.33102
3017144,2630.756
3017145,492.3482
3017146,492.3482
3017147,316.37314
3017148,634.5729
3017149,604.8401
3017150,604.8401
3017151,2745.957
3017152,616.5394
3017153,504.04764
3017154,1527.2297
3017155,32.4729
3017156,32.4729
3017157,32.4729
3017158,32.4729
3017159,32.4729
3017160,32.4729
3017161,-20.351524
3017162,-20.351524
3017163,-20.351524
3017164,-20.351524
3017165,-20.351524
3017166,-20.351524
3017167,-20.351524
3017168,-20.351524
3017169,-20.351524
3017170,-1.8491474
3017171,-1.8491474
3017172,176.13124
3017173,263.92252
3017174,-1.2543479
3017175,-1.2543479
3017176,-1.2543479
3017177,-1.2543479
3017178,-1.2543479
3017179,-1.2543479
3017180,176.13124
3017181,-1.2543479
3017182,-1.2543479
3017183,-1.2543479
3017184,176.13124
3017185,-1.2543479
3017186,-3.9125173
3017187,-3.9125173
3017188,-3.9125173
3017189,-3.9125173
3017190,-3.9125173
3017191,-3.9125173
3017192,-3.9125173
3017193,-3.9125173
3017194,-3.9125173
3017195,-3.9125173
3017196,-3.9125173
3017197,-3.9125173
3017198,-3.9125173
3017199,-3.9125173
3017200,-3.9125173
3017201,-3.9125173
3017202,-3.9125173
3017203,-3.9125173
3017204,-3.9125173
3017205,-3.9125173
3017206,-3.9125173
3017207,-3.9125173
3017208,-3.9125173
3017209,-3.9125173
3017210,-3.9125173
3017211,-3.9125173
3017212,-3.9125173
3017213,-3.9125173
3017214,-3.9125173
3017215,-3.9125173
3017216,-3.9125173
3017217,-3.9125173
3017218,658.2903
3017219,-3.3177173
3017220,-3.3177173
3017221,-3.3177173
3017222,-3.3177173
3017223,-3.3177173
3017224,-3.3177173
3017225,-3.9125173
3017226,-3.9125173
3017227,-3.9125173
3017228,-3.9125173
3017229,-3.9125173
3017230,274.465
3017231,-3.3177173
3017232,-3.3177173
3017233,-3.3177173
3017234,1879.1854
3017235,2181.67
3017236,2181.67
3017237,2269.7305
3017238,2443.6885
3017239,2473.4185
3017240,2314.2417
3017241,2473.0654
3017242,2320.6384
3017243,2472.464
3017244,2476.8076
3017245,2476.8076
3017246,2475.408
3017247,2460.6418
3017248,2471.0645
3017249,2455.1567
3017250,-3.8956227
3017251,-3.8956227
3017252,-3.8956227
3017253,-3.8956227
3017254,-3.8956227
3017255,-3.8956227
3017256,-3.8956227
3017257,-3.8956227
3017258,-3.8956227
3017259,-3.8956227
3017260,-3.8956227
3017261,-3.8956227
3017262,-3.8956227
3017263,-3.8956227
3017264,-3.8956227
3017265,-3.8956227
3017266,2556.2568
3017267,715.6219
3017268,1072.6327
3017269,715.68335
3017270,1469.7146
3017271,1115.6865
3017272,732.2282
3017273,1278.47
3017274,684.13293
3017275,684.13293
3017276,723.38025
3017277,1458.7727
3017278,684.188
3017279,684.188
3017280,684.188
3017281,684.188
3017282,-3.8956227
3017283,-3.8956227
3017284,-3.8956227
3017285,-3.8956227
3017286,-3.8956227
3017287,-3.8956227
3017288,-3.8956227
3017289,-3.8956227
3017290,-3.8956227
3017291,-3.8956227
3017292,-3.8956227
3017293,-3.8956227
3017294,-3.8956227
3017295,-3.8956227
3017296,-3.8956227
3017297,-3.8956227
3017298,1407.0431
3017299,2213.9395
3017300,1771.0599
3017301,2227.3567
3017302,2026.8949
3017303,2042.6824
3017304,2478.2944
3017305,2066.636
3017306,2468.5986
3017307,2468.6274
3017308,2066.5
3017309,2060.4055
3017310,2050.2598
3017311,1999.9603
3017312,2446.5608
3017313,2060.3289
3017314,2965.7302
3017315,778.4407
3017316,825.3757
3017317,1159.2554
3017318,1173.5908
3017319,1222.836
3017320,1222.836
3017321,1604.5186
3017322,791.4067
3017323,812.7175
3017324,791.4067
3017325,812.7175
3017326,766.17444
3017327,766.17444
3017328,1464.0281
3017329,573.6068
3017330,1700.4071
3017331,361.0309
3017332,1224.3593
3017333,75.09964
3017334,352.8822
3017335,352.8822
3017336,352.8822
3017337,360.8019
3017338,360.8019
3017339,1118.8672
3017340,352.8822
3017341,447.97055
3017342,75.09964
3017343,75.09964
3017344,352.66544
3017345,349.60248
3017346,274.4819
3017347,274.4819
3017348,274.4819
3017349,274.4819
3017350,274.4819
3017351,1940.355
3017352,83.38965
3017353,361.1722
3017354,361.1722
3017355,361.1722
3017356,361.1722
3017357,361.1722
3017358,940.05334
3017359,324.63434
3017360,324.63434
3017361,324.63434
3017362,274.4819
3017363,-3.3008227
3017364,-3.3008227
3017365,924.9861
3017366,-4.5021715
3017367,-4.5021715
3017368,-4.5021715
3017369,-4.5021715
3017370,-4.5021715
3017371,-4.5021715
3017372,726.3638
3017373,-5.148779
3017374,-5.148779
3017375,-5.148779
3017376,272.63397
3017377,-5.148779
3017378,4046.13
3017379,2386.6213
3017380,2355.1123
3017381,2417.8296
3017382,2355.0356
3017383,2343.0225
3017384,2430.0906
3017385,2292.105
3017386,2292.105
3017387,2282.1692
3017388,2435.571
3017389,2338.439
3017390,2243.4426
3017391,2263.9082
3017392,2406.3135
3017393,2423.2273
3017394,-4.1676106
3017395,-4.1676106
3017396,-4.1676106
3017397,-4.1676106
3017398,300.61945
3017399,-3.5728104
3017400,-3.5728104
3017401,-3.5728104
3017402,-3.5728104
3017403,-3.5728104
3017404,-3.5728104
3017405,174.1828
3017406,-3.5728104
3017407,-3.5728104
3017408,-3.5728104
3017409,-3.5728104
3017410,-4.1676106
3017411,-4.1676106
3017412,-4.1676106
3017413,-4.1676106
3017414,-4.1676106
3017415,-4.1676106
3017416,-4.1676106
3017417,-4.1676106
3017418,-4.1676106
3017419,-4.1676106
3017420,-4.1676106
3017421,-4.1676106
3017422,-4.1676106
3017423,-4.1676106
3017424,-4.1676106
3017425,-4.1676106
3017426,284.74115
3017427,-3.5728104
3017428,-3.5728104
3017429,-3.5728104
3017430,174.1828
3017431,-3.5728104
3017432,-3.5728104
3017433,-3.5728104
3017434,-3.5728104
3017435,174.1828
3017436,-3.5728104
3017437,174.1828
3017438,-3.5728104
3017439,-3.5728104
3017440,174.1828
3017441,-3.5728104
3017442,637.3206
3017443,-3.5728104
3017444,-3.5728104
3017445,-3.5728104
3017446,-3.5728104
3017447,-3.5728104
3017448,-3.5728104
3017449,-4.1676106
3017450,-4.1676106
3017451,-4.1676106
3017452,-4.1676106
3017453,-4.1676106
3017454,-4.1676106
3017455,-4.1676106
3017456,-4.1676106
3017457,-4.1676106
3017458,-4.1676106
3017459,-4.1676106
3017460,-4.1676106
3017461,-4.1676106
3017462,-4.1676106
3017463,-4.1676106
3017464,-4.1676106
3017465,-4.1676106
3017466,-4.1676106
3017467,-4.1676106
3017468,-4.1676106
3017469,-4.1676106
3017470,-4.1676106
3017471,-4.1676106
3017472,-4.1676106
3017473,-4.1676106
3017474,1522.4321
3017475,714.13184
3017476,369.83502
3017477,357.1828
3017478,369.60602
3017479,369.60602
3017480,833.75726
3017481,369.60602
3017482,357.1828
3017483,369.60602
3017484,670.9737
3017485,670.9737
3017486,357.1828
3017487,357.1828
3017488,713.90283
3017489,713.90283
3017490,-4.0250845
3017491,-4.0250845
3017492,-4.0250845
3017493,-4.0250845
3017494,-4.0250845
3017495,-4.0250845
3017496,-4.0250845
3017497,-4.0250845
3017498,-4.0250845
3017499,-4.0250845
3017500,-4.0250845
3017501,-4.0250845
3017502,-4.0250845
3017503,-4.0250845
3017504,-4.0250845
3017505,-4.0250845
3017506,1400.1533
3017507,66.60576
3017508,66.60576
3017509,66.60576
3017510,66.60576
3017511,66.60576
3017512,66.60576
3017513,-22.52746
3017514,-22.52746
3017515,-22.52746
3017516,-22.52746
3017517,-22.52746
3017518,-22.52746
3017519,-22.52746
3017520,-22.52746
3017521,-22.52746
3017522,680.3923
3017523,-3.4302852
3017524,-3.4302852
3017525,-3.4302852
3017526,-3.4302852
3017527,-3.4302852
3017528,-3.4302852
3017529,-4.0250845
3017530,-4.0250845
3017531,-4.0250845
3017532,-4.0250845
3017533,-4.0250845
3017534,-4.0250845
3017535,-4.0250845
3017536,-4.0250845
3017537,-4.0250845
3017538,1767.991
3017539,208.69922
3017540,317.7891
3017541,369.97632
3017542,244.3614
3017543,353.9567
3017544,244.22014
3017545,208.05261
3017546,30.296978
3017547,155.82297
3017548,155.82297
3017549,155.59395
3017550,-22.161673
3017551,-22.161673
3017552,-22.161673
3017553,-22.161673
3017554,-4.0250845
3017555,-4.0250845
3017556,-4.0250845
3017557,-4.0250845
3017558,-4.0250845
3017559,-4.0250845
3017560,-4.0250845
3017561,-4.0250845
3017562,-4.0250845
3017563,-4.0250845
3017564,-4.0250845
3017565,-4.0250845
3017566,-4.0250845
3017567,-4.0250845
3017568,-4.0250845
3017569,-4.0250845
3017570,-4.0250845
3017571,1404.4967
3017572,66.60576
3017573,66.60576
3017574,66.60576
3017575,66.60576
3017576,66.60576
3017577,66.60576
3017578,1428.8105
3017579,66.37675
3017580,66.37675
3017581,66.37675
3017582,66.37675
3017583,66.37675
3017584,66.37675
3017585,1428.8105
3017586,1434.0845
3017587,715.27734
3017588,358.5573
3017589,835.1318
3017590,835.1318
3017591,715.27734
3017592,731.8222
3017593,672.3482
3017594,672.3482
3017595,715.27734
3017596,835.1318
3017597,835.1318
3017598,833.88153
3017599,706.17773
3017600,671.09796
3017601,706.17773
3017602,-3.6867602
3017603,-3.6867602
3017604,-3.6867602
3017605,-3.6867602
3017606,-3.6867602
3017607,-3.6867602
3017608,-3.6867602
3017609,-3.6867602
3017610,-3.6867602
3017611,-3.6867602
3017612,-3.6867602
3017613,-3.6867602
3017614,-3.6867602
3017615,-3.6867602
3017616,-3.6867602
3017617,-3.6867602
3017618,-3.6867602
3017619,-3.6867602
3017620,-3.6867602
3017621,-3.6867602
3017622,-3.6867602
3017623,-3.6867602
3017624,-3.6867602
3017625,-3.6867602
3017626,-3.6867602
3017627,-3.6867602
3017628,-3.6867602
3017629,-3.6867602
3017630,-3.6867602
3017631,-3.6867602
3017632,-3.6867602
3017633,-3.6867602
3017634,-3.6867602
3017635,-3.6867602
3017636,781.20746
3017637,-20.94773
3017638,-20.94773
3017639,-20.94773
3017640,-20.94773
3017641,-20.94773
3017642,-20.94773
3017643,582.77386
3017644,-21.594336
3017645,-21.594336
3017646,-21.594336
3017647,-21.594336
3017648,-21.594336
3017649,-21.594336
3017650,-3.6867602
3017651,-3.6867602
3017652,-3.6867602
3017653,-3.6867602
3017654,-3.6867602
3017655,-3.6867602
3017656,-3.6867602
3017657,-3.6867602
3017658,-3.6867602
3017659,-3.6867602
3017660,-3.6867602
3017661,-3.6867602
3017662,-3.6867602
3017663,-3.6867602
3017664,-3.6867602
3017665,-3.6867602
3017666,2681.7
3017667,237.4189
3017668,449.8572
3017669,449.8572
3017670,449.8572
3017671,449.8572
3017672,1563.908
3017673,320.46542
3017674,320.46542
3017675,320.46542
3017676,320.46542
3017677,320.46542
3017678,320.46542
3017679,1313.868
3017680,320.46542
3017681,144.49046
3017682,1527.2297
3017683,32.4729
3017684,32.4729
3017685,32.4729
3017686,32.4729
3017687,32.4729
3017688,32.4729
3017689,-20.351524
3017690,-20.351524
3017691,-20.351524
3017692,-20.351524
3017693,-20.351524
3017694,-20.351524
3017695,-20.351524
3017696,-20.351524
3017697,-20.351524
3017698,-1.8491474
3017699,-1.8491474
3017700,-1.8491474
3017701,-1.8491474
3017702,-1.8491474
3017703,-1.8491474
3017704,-1.8491474
3017705,-1.8491474
3017706,-1.8491474
3017707,-1.8491474
3017708,176.13124
3017709,-1.2543479
3017710,-1.2543479
3017711,-1.2543479
3017712,-1.2543479
3017713,-1.2543479
3017714,-3.9125173
3017715,-3.9125173
3017716,-3.9125173
3017717,-3.9125173
3017718,-3.9125173
3017719,-3.9125173
3017720,-3.9125173
3017721,-3.9125173
3017722,-3.9125173
3017723,-3.9125173
3017724,-3.9125173
3017725,-3.9125173
3017726,-3.9125173
3017727,-3.9125173
3017728,-3.9125173
3017729,1315.8636
3017730,-3.9125173
3017731,-3.9125173
3017732,-3.9125173
3017733,-3.9125173
3017734,-3.9125173
3017735,-3.9125173
3017736,-3.9125173
3017737,-3.9125173
3017738,-3.9125173
3017739,-3.9125173
3017740,-3.9125173
3017741,-3.9125173
3017742,-3.9125173
3017743,-3.9125173
3017744,-3.9125173
3017745,-3.9125173
3017746,658.2903
3017747,274.465
3017748,-3.3177173
3017749,-3.3177173
3017750,-3.3177173
3017751,-3.3177173
3017752,-3.3177173
3017753,-3.3177173
3017754,-3.9125173
3017755,274.465
3017756,-3.3177173
3017757,-3.3177173
3017758,-3.3177173
3017759,-3.3177173
3017760,-3.3177173
3017761,274.465
3017762,1856.1589
3017763,2197.9775
3017764,2430.0513
3017765,2247.86
3017766,2292.5884
3017767,2292.3713
3017768,2258.615
3017769,2479.5352
3017770,2508.9663
3017771,2293.3535
3017772,2294.578
3017773,2291.9539
3017774,2294.578
3017775,2291.9539
3017776,2294.578
3017777,3569.0283
3017778,-3.8956227
3017779,-3.8956227
3017780,-3.8956227
3017781,-3.8956227
3017782,-3.8956227
3017783,-3.8956227
3017784,-3.8956227
3017785,-3.8956227
3017786,-3.8956227
3017787,-3.8956227
3017788,-3.8956227
3017789,-3.8956227
3017790,-3.8956227
3017791,-3.8956227
3017792,-3.8956227
3017793,-3.8956227
3017794,2582.9778
3017795,2273.3171
3017796,2273.3171
3017797,1288.646
3017798,1654.5077
3017799,2516.6309
3017800,2542.255
3017801,2016.7357
3017802,990.64594
3017803,965.84546
3017804,965.4137
3017805,1668.49
3017806,965.06055
3017807,758.89355
3017808,369.53513
3017809,1784.635
3017810,-3.8956227
3017811,-3.8956227
3017812,-3.8956227
3017813,-3.8956227
3017814,-3.8956227
3017815,-3.8956227
3017816,-3.8956227
3017817,-3.8956227
3017818,-3.8956227
3017819,-3.8956227
3017820,-3.8956227
3017821,-3.8956227
3017822,-3.8956227
3017823,-3.8956227
3017824,-3.8956227
3017825,1243.5184
3017826,1511.8846
3017827,2272.4456
3017828,2288.9905
3017829,1839.4026
3017830,2040.9387
3017831,2101.1863
3017832,2134.8384
3017833,2527.4866
3017834,2120.7983
3017835,2115.1687
3017836,2115.1687
3017837,2128.7488
3017838,2128.7488
3017839,2128.7488
3017840,2133.8076
3017841,3147.57
3017842,3020.686
3017843,2405.5327
3017844,2418.7124
3017845,2371.1145
3017846,2387.3955
3017847,2374.2158
3017848,2391.1377
3017849,2995.6794
3017850,867.3147
3017851,1260.616
3017852,838.79913
3017853,1291.5873
3017854,1260.616
3017855,1247.2472
3017856,3028.9458
3017857,2916.0151
3017858,1758.9132
3017859,1034.8687
3017860,1166.2936
3017861,1252.822
3017862,1090.2273
3017863,1114.2095
3017864,1114.2095
3017865,1251.7606
3017866,715.7627
3017867,1376.8693
3017868,1103.0955
3017869,1265.8789
3017870,1063.1934
3017871,1102.9595
3017872,1058.435
3017873,1485.3325
3017874,274.4819
3017875,274.4819
3017876,274.4819
3017877,274.4819
3017878,274.4819
3017879,1507.2736
3017880,361.0309
3017881,361.0309
3017882,360.8019
3017883,360.8019
3017884,360.8019
3017885,360.8019
3017886,1942.044
3017887,360.8019
3017888,360.8019
3017889,1530.0803
3017890,274.4819
3017891,-3.3008227
3017892,-3.3008227
3017893,2112.2268
3017894,47.727474
3017895,47.727474
3017896,47.727474
3017897,47.727474
3017898,47.727474
3017899,47.727474
3017900,2139.558
3017901,47.080868
3017902,47.080868
3017903,324.63434
3017904,324.63434
3017905,2175.638
3017906,4053.4207
3017907,2348.6267
3017908,2425.197
3017909,2425.1204
3017910,2442.4329
3017911,2493.7793
3017912,2360.26
3017913,2299.3958
3017914,2366.8743
3017915,2299.3958
3017916,2441.17
3017917,2422.0264
3017918,2437.647
3017919,2437.647
3017920,2545.3562
3017921,5065.18
3017922,-4.1676106
3017923,-4.1676106
3017924,-4.1676106
3017925,-4.1676106
3017926,174.1828
3017927,-3.5728104
3017928,-3.5728104
3017929,-3.5728104
3017930,-3.5728104
3017931,-3.5728104
3017932,-3.5728104
3017933,284.74115
3017934,-3.5728104
3017935,-3.5728104
3017936,-3.5728104
3017937,174.1828
3017938,-4.1676106
3017939,-4.1676106
3017940,-4.1676106
3017941,-4.1676106
3017942,-4.1676106
3017943,-4.1676106
3017944,-4.1676106
3017945,-4.1676106
3017946,-4.1676106
3017947,-4.1676106
3017948,-4.1676106
3017949,-4.1676106
3017950,-4.1676106
3017951,-4.1676106
3017952,-4.1676106
3017953,-4.1676106
3017954,284.74115
3017955,-3.5728104
3017956,174.1828
3017957,-3.5728104
3017958,-3.5728104
3017959,174.1828
3017960,-3.5728104
3017961,-3.5728104
3017962,-3.5728104
3017963,-3.5728104
3017964,174.1828
3017965,-3.5728104
3017966,-3.5728104
3017967,174.1828
3017968,174.1828
3017969,1458.517
3017970,695.82666
3017971,-3.5728104
3017972,-3.5728104
3017973,174.1828
3017974,-3.5728104
3017975,156.32704
3017976,-21.428577
3017977,156.32704
3017978,-21.428577
3017979,-21.428577
3017980,-21.428577
3017981,156.32704
3017982,266.06363
3017983,-21.428577
3017984,-21.428577
3017985,1326.4814
3017986,-4.1676106
3017987,-4.1676106
3017988,-4.1676106
3017989,-4.1676106
3017990,-4.1676106
3017991,-4.1676106
3017992,-4.1676106
3017993,-4.1676106
3017994,-4.1676106
3017995,-4.1676106
3017996,-4.1676106
3017997,-4.1676106
3017998,-4.1676106
3017999,-4.1676106
3018000,-4.1676106
3018001,-4.1676106
3018002,2006.8615
3018003,892.4924
3018004,772.40894
3018005,892.07465
3018006,1362.7036
3018007,908.6195
3018008,788.9538
3018009,892.07465
3018010,892.26337
3018011,908.6195
3018012,1379.1244
3018013,1379.1244
3018014,744.7744
3018015,922.83075
3018016,922.83075
3018017,1515.8528
3018018,-4.0250845
3018019,-4.0250845
3018020,-4.0250845
3018021,-4.0250845
3018022,-4.0250845
3018023,-4.0250845
3018024,-4.0250845
3018025,-4.0250845
3018026,-4.0250845
3018027,-4.0250845
3018028,-4.0250845
3018029,-4.0250845
3018030,-4.0250845
3018031,-4.0250845
3018032,-4.0250845
3018033,-4.0250845
3018034,1458.6594
3018035,66.60576
3018036,66.60576
3018037,66.60576
3018038,66.60576
3018039,66.60576
3018040,66.60576
3018041,-22.52746
3018042,-22.52746
3018043,-22.52746
3018044,-22.52746
3018045,-22.52746
3018046,-22.52746
3018047,-22.52746
3018048,-22.52746
3018049,-22.52746
3018050,359.26797
3018051,-3.4302852
3018052,-3.4302852
3018053,-3.4302852
3018054,-3.4302852
3018055,-3.4302852
3018056,-3.4302852
3018057,-4.0250845
3018058,-4.0250845
3018059,-4.0250845
3018060,-4.0250845
3018061,-4.0250845
3018062,-4.0250845
3018063,-4.0250845
3018064,-4.0250845
3018065,1781.1145
3018066,1826.4971
3018067,208.69922
3018068,208.69922
3018069,208.05261
3018070,354.098
3018071,66.60576
3018072,66.60576
3018073,155.82297
3018074,-21.932661
3018075,-21.932661
3018076,-21.932661
3018077,-21.932661
3018078,155.82297
3018079,-21.932661
3018080,155.82297
3018081,1777.8088
3018082,-4.0250845
3018083,-4.0250845
3018084,-4.0250845
3018085,-4.0250845
3018086,-4.0250845
3018087,-4.0250845
3018088,-4.0250845
3018089,-4.0250845
3018090,-4.0250845
3018091,-4.0250845
3018092,-4.0250845
3018093,-4.0250845
3018094,-4.0250845
3018095,-4.0250845
3018096,-4.0250845
3018097,284.8837
3018098,-4.0250845
3018099,1458.6594
3018100,66.60576
3018101,66.60576
3018102,66.60576
3018103,66.60576
3018104,66.60576
3018105,66.60576
3018106,1001.629
3018107,66.23548
3018108,66.23548
3018109,66.23548
3018110,66.23548
3018111,66.23548
3018112,66.23548
3018113,1001.629
3018114,2008.236
3018115,893.8669
3018116,1364.0781
3018117,893.44916
3018118,1821.5419
3018119,910.18274
3018120,1838.0868
3018121,1838.0868
3018122,1831.913
3018123,908.9325
3018124,1380.4989
3018125,1846.2484
3018126,1852.2981
3018127,924.20526
3018128,1852.0809
3018129,1725.1012
3018130,-3.6867602
3018131,-3.6867602
3018132,-3.6867602
3018133,-3.6867602
3018134,-3.6867602
3018135,-3.6867602
3018136,-3.6867602
3018137,-3.6867602
3018138,-3.6867602
3018139,-3.6867602
3018140,-3.6867602
3018141,-3.6867602
3018142,-3.6867602
3018143,-3.6867602
3018144,-3.6867602
3018145,284.85196
3018146,-3.6867602
3018147,-3.6867602
3018148,-3.6867602
3018149,-3.6867602
3018150,-3.6867602
3018151,-3.6867602
3018152,-3.6867602
3018153,-3.6867602
3018154,-3.6867602
3018155,-3.6867602
3018156,-3.6867602
3018157,-3.6867602
3018158,-3.6867602
3018159,-3.6867602
3018160,-3.6867602
3018161,174.29361
3018162,-3.6867602
3018163,-3.6867602
3018164,1458.6277
3018165,66.944084
3018166,66.944084
3018167,66.944084
3018168,66.944084
3018169,66.944084
3018170,66.944084
3018171,1482.9415
3018172,244.10066
3018173,244.10066
3018174,66.71507
3018175,66.71507
3018176,243.9594
3018177,1231.6931
3018178,174.29361
3018179,-3.0919616
3018180,-3.0919616
3018181,-3.0919616
3018182,-3.0919616
3018183,-3.0919616
3018184,-3.0919616
3018185,-3.6867602
3018186,-3.6867602
3018187,-3.6867602
3018188,-3.6867602
3018189,-3.6867602
3018190,-3.6867602
3018191,-3.6867602
3018192,-3.6867602
3018193,738.8667
3018194,2687.1064
3018195,450.71506
3018196,563.2067
3018197,450.71506
3018198,450.71506
3018199,450.71506
3018200,2640.7239
3018201,482.86945
3018202,482.86945
3018203,482.86945
3018204,482.86945
3018205,482.86945
3018206,482.86945
3018207,2761.7754
3018208,480.88757
3018209,2642.9941
3018210,1585.7358
3018211,32.4729
3018212,32.4729
3018213,32.4729
3018214,32.4729
3018215,32.4729
3018216,32.4729
3018217,-20.351524
3018218,-20.351524
3018219,-20.351524
3018220,-20.351524
3018221,-20.351524
3018222,-20.351524
3018223,-20.351524
3018224,-20.351524
3018225,-20.351524
3018226,-1.8491474
3018227,-1.8491474
3018228,-1.8491474
3018229,176.13124
3018230,-1.2543479
3018231,-1.2543479
3018232,-1.2543479
3018233,-1.2543479
3018234,-1.2543479
3018235,-1.2543479
3018236,176.13124
3018237,-1.2543479
3018238,-1.2543479
3018239,-1.2543479
3018240,-1.2543479
3018241,176.13124
3018242,-3.9125173
3018243,-3.9125173
3018244,-3.9125173
3018245,-3.9125173
3018246,-3.9125173
3018247,-3.9125173
3018248,-3.9125173
3018249,-3.9125173
3018250,-3.9125173
3018251,-3.9125173
3018252,-3.9125173
3018253,-3.9125173
3018254,-3.9125173
3018255,-3.9125173
3018256,-3.9125173
3018257,-3.9125173
3018258,-3.9125173
3018259,-3.9125173
3018260,-3.9125173
3018261,-3.9125173
3018262,-3.9125173
3018263,-3.9125173
3018264,-3.9125173
3018265,-3.9125173
3018266,-3.9125173
3018267,-3.9125173
3018268,-3.9125173
3018269,-3.9125173
3018270,-3.9125173
3018271,-3.9125173
3018272,-3.9125173
3018273,-3.9125173
3018274,658.2903
3018275,274.465
3018276,274.465
3018277,-3.3177173
3018278,-3.3177173
3018279,-3.3177173
3018280,-3.3177173
3018281,274.465
3018282,-3.3177173
3018283,-3.3177173
3018284,274.465
3018285,-3.3177173
3018286,-3.3177173
3018287,-3.3177173
3018288,-3.3177173
3018289,-3.3177173
3018290,1856.1589
3018291,1984.9904
3018292,2247.86
3018293,2292.5884
3018294,2292.3713
3018295,2468.7903
3018296,2265.1477
3018297,2264.9812
3018298,2262.3572
3018299,2294.578
3018300,2294.578
3018301,2294.578
3018302,2294.578
3018303,2291.9539
3018304,2159.3381
3018305,2262.7332
3018306,-3.8956227
3018307,-3.8956227
3018308,-3.8956227
3018309,-3.8956227
3018310,-3.8956227
3018311,-3.8956227
3018312,-3.8956227
3018313,-3.8956227
3018314,-3.8956227
3018315,-3.8956227
3018316,-3.8956227
3018317,-3.8956227
3018318,-3.8956227
3018319,-3.8956227
3018320,-3.8956227
3018321,-3.8956227
3018322,2045.5903
3018323,2273.3171
3018324,2273.3171
3018325,2273.3171
3018326,2892.6943
3018327,2531.405
3018328,2579.0317
3018329,2051.6204
3018330,1025.5315
3018331,1025.3955
3018332,1025.3955
3018333,1806.6685
3018334,997.0805
3018335,997.0805
3018336,883.14795
3018337,883.14795
3018338,-3.8956227
3018339,-3.8956227
3018340,-3.8956227
3018341,-3.8956227
3018342,-3.8956227
3018343,-3.8956227
3018344,-3.8956227
3018345,-3.8956227
3018346,-3.8956227
3018347,-3.8956227
3018348,-3.8956227
3018349,-3.8956227
3018350,-3.8956227
3018351,-3.8956227
3018352,-3.8956227
3018353,-3.8956227
3018354,1415.2657
3018355,1548.7809
3018356,1750.19
3018357,1856.5054
3018358,1881.0061
3018359,1881.0061
3018360,1849.874
3018361,1853.5406
3018362,1853.6161
3018363,2069.0757
3018364,1853.5396
3018365,1884.5356
3018366,1884.5356
3018367,1884.5356
3018368,1884.5356
3018369,1883.6873
3018370,3018.4429
3018371,2418.7124
3018372,2418.7124
3018373,2339.9336
3018374,2374.2158
3018375,2391.1377
3018376,1417.2709
3018377,2911.0679
3018378,1200.8926
3018379,1423.3746
3018380,1291.5873
3018381,1455.308
3018382,1291.5873
3018383,1454.3707
3018384,2995.2727
3018385,1199.223
3018386,1758.9132
3018387,507.1374
3018388,1298.4117
3018389,1050.4612
3018390,1114.2095
3018391,1276.9928
3018392,1139.8335
3018393,715.7627
3018394,1088.7788
3018395,1330.1156
3018396,729.745
3018397,1063.1934
3018398,724.98676
3018399,1102.7747
3018400,1102.7747
3018401,728.89526
3018402,274.4819
3018403,274.4819
3018404,274.4819
3018405,274.4819
3018406,274.4819
3018407,1753.0627
3018408,361.0309
3018409,361.0309
3018410,361.0309
3018411,360.8019
3018412,360.8019
3018413,360.8019
3018414,1530.0803
3018415,360.8019
3018416,360.8019
3018417,360.8019
3018418,274.4819
3018419,-3.3008227
3018420,-3.3008227
3018421,2112.2268
3018422,47.727474
3018423,47.727474
3018424,47.727474
3018425,47.727474
3018426,47.727474
3018427,47.727474
3018428,2133.2793
3018429,46.851856
3018430,46.851856
3018431,324.63434
3018432,324.63434
3018433,46.851856
3018434,4072.8586
3018435,2452.5872
3018436,2464.823
3018437,2425.1204
3018438,2465.1904
3018439,2464.9526
3018440,2702.285
3018441,2702.285
3018442,2702.285
3018443,2418.935
3018444,2689.4316
3018445,2415.412
3018446,2434.7607
3018447,2468.4744
3018448,2789.5256
3018449,3755.268
3018450,-4.1676106
3018451,-4.1676106
3018452,-4.1676106
3018453,-4.1676106
3018454,359.12543
3018455,-3.5728104
3018456,-3.5728104
3018457,-3.5728104
3018458,-3.5728104
3018459,-3.5728104
3018460,-3.5728104
3018461,359.12543
3018462,-3.5728104
3018463,-3.5728104
3018464,-3.5728104
3018465,-3.5728104
3018466,-4.1676106
3018467,-4.1676106
3018468,-4.1676106
3018469,-4.1676106
3018470,-4.1676106
3018471,-4.1676106
3018472,-4.1676106
3018473,-4.1676106
3018474,-4.1676106
3018475,-4.1676106
3018476,-4.1676106
3018477,-4.1676106
3018478,-4.1676106
3018479,-4.1676106
3018480,-4.1676106
3018481,-4.1676106
3018482,284.74115
3018483,174.1828
3018484,-3.5728104
3018485,174.1828
3018486,-3.5728104
3018487,-3.5728104
3018488,-3.5728104
3018489,174.1828
3018490,-3.5728104
3018491,174.1828
3018492,174.1828
3018493,-3.5728104
3018494,-3.5728104
3018495,156.32704
3018496,266.06363
3018497,-21.428577
3018498,695.82666
3018499,174.1828
3018500,156.32704
3018501,156.32704
3018502,208.55669
3018503,208.55669
3018504,317.64658
3018505,265.41702
3018506,317.64658
3018507,317.64658
3018508,207.91008
3018509,30.154453
3018510,207.91008
3018511,155.68044
3018512,155.68044
3018513,265.188
3018514,-4.1676106
3018515,-4.1676106
3018516,-4.1676106
3018517,-4.1676106
3018518,-4.1676106
3018519,-4.1676106
3018520,-4.1676106
3018521,-4.1676106
3018522,-4.1676106
3018523,-4.1676106
3018524,-4.1676106
3018525,-4.1676106
3018526,-4.1676106
3018527,-4.1676106
3018528,-4.1676106
3018529,-4.1676106
3018530,1580.9382
3018531,729.7088
3018532,892.07465
3018533,1362.7036
3018534,1362.7036
3018535,1379.2485
3018536,1379.2485
3018537,432.2337
3018538,788.9538
3018539,908.6195
3018540,763.3093
3018541,763.3093
3018542,763.3093
3018543,728.22955
3018544,728.22955
3018545,906.2859
3018546,-4.0250845
3018547,-4.0250845
3018548,-4.0250845
3018549,-4.0250845
3018550,-4.0250845
3018551,-4.0250845
3018552,-4.0250845
3018553,-4.0250845
3018554,-4.0250845
3018555,-4.0250845
3018556,-4.0250845
3018557,-4.0250845
3018558,-4.0250845
3018559,-4.0250845
3018560,-4.0250845
3018561,-4.0250845
3018562,1580.9382
3018563,30.296978
3018564,30.296978
3018565,30.296978
3018566,30.296978
3018567,30.296978
3018568,428.48236
3018569,-21.932661
3018570,-21.932661
3018571,-21.932661
3018572,-21.932661
3018573,-21.932661
3018574,-21.932661
3018575,265.55957
3018576,-21.932661
3018577,-21.932661
3018578,738.8984
3018579,-3.4302852
3018580,-3.4302852
3018581,-3.4302852
3018582,-3.4302852
3018583,-3.4302852
3018584,-3.4302852
3018585,-4.0250845
3018586,-4.0250845
3018587,-4.0250845
3018588,-4.0250845
3018589,-4.0250845
3018590,-4.0250845
3018591,-4.0250845
3018592,-4.0250845
3018593,-4.0250845
3018594,1826.4971
3018595,318.4357
3018596,416.05914
3018597,415.91785
3018598,244.22014
3018599,66.46449
3018600,353.9567
3018601,415.83014
3018602,428.25336
3018603,353.869
3018604,428.25336
3018605,428.25336
3018606,244.13237
3018607,66.37675
3018608,30.067966
3018609,207.8236
3018610,-4.0250845
3018611,-4.0250845
3018612,-4.0250845
3018613,-4.0250845
3018614,-4.0250845
3018615,-4.0250845
3018616,-4.0250845
3018617,-4.0250845
3018618,-4.0250845
3018619,-4.0250845
3018620,-4.0250845
3018621,-4.0250845
3018622,-4.0250845
3018623,-4.0250845
3018624,-4.0250845
3018625,-4.0250845
3018626,-4.0250845
3018627,977.31525
3018628,66.46449
3018629,66.46449
3018630,66.46449
3018631,66.46449
3018632,66.46449
3018633,66.46449
3018634,1001.629
3018635,66.23548
3018636,66.23548
3018637,66.23548
3018638,66.23548
3018639,66.23548
3018640,66.23548
3018641,1001.629
3018642,1626.6511
3018643,730.8543
3018644,1815.4922
3018645,1821.5419
3018646,1832.0371
3018647,1838.0868
3018648,1044.3243
3018649,1380.4989
3018650,1839.9387
3018651,1986.628
3018652,1980.5784
3018653,1986.628
3018654,1854.057
3018655,1854.057
3018656,1980.2252
3018657,1986.0901
3018658,-3.6867602
3018659,-3.6867602
3018660,-3.6867602
3018661,-3.6867602
3018662,-3.6867602
3018663,-3.6867602
3018664,-3.6867602
3018665,-3.6867602
3018666,-3.6867602
3018667,-3.6867602
3018668,-3.6867602
3018669,-3.6867602
3018670,-3.6867602
3018671,-3.6867602
3018672,-3.6867602
3018673,-3.6867602
3018674,-3.6867602
3018675,-3.6867602
3018676,-3.6867602
3018677,-3.6867602
3018678,-3.6867602
3018679,-3.6867602
3018680,-3.6867602
3018681,-3.6867602
3018682,-3.6867602
3018683,-3.6867602
3018684,-3.6867602
3018685,-3.6867602
3018686,-3.6867602
3018687,-3.6867602
3018688,-3.6867602
3018689,-3.6867602
3018690,-3.6867602
3018691,-3.6867602
3018692,1750.6746
3018693,31.28191
3018694,31.28191
3018695,31.28191
3018696,31.28191
3018697,31.28191
3018698,208.02089
3018699,1472.2968
3018700,66.71507
3018701,244.10066
3018702,244.10066
3018703,243.9594
3018704,66.57381
3018705,66.71507
3018706,174.29361
3018707,-3.0919616
3018708,174.29361
3018709,-3.0919616
3018710,-3.0919616
3018711,-3.0919616
3018712,-3.0919616
3018713,-3.0919616
3018714,-3.0919616
3018715,-3.6867602
3018716,-3.6867602
3018717,-3.6867602
3018718,-3.6867602
3018719,-3.6867602
3018720,-3.6867602
3018721,-3.6867602
3018722,2687.1064
3018723,238.27676
3018724,238.27676
3018725,238.27676
3018726,238.27676
3018727,238.27676
3018728,2640.7239
3018729,281.27026
3018730,281.27026
3018731,457.24533
3018732,281.27026
3018733,281.27026
3018734,281.27026
3018735,2762.9092
3018736,306.046
3018737,306.046
3018738,1755.8816
3018739,33.119507
3018740,33.119507
3018741,33.119507
3018742,33.119507
3018743,33.119507
3018744,33.119507
3018745,-19.704916
3018746,-19.704916
3018747,-19.704916
3018748,-19.704916
3018749,-19.704916
3018750,-19.704916
3018751,-19.704916
3018752,-19.704916
3018753,-19.704916
3018754,-1.8491474
3018755,-1.8491474
3018756,-1.8491474
3018757,263.92252
3018758,-1.2543479
3018759,-1.2543479
3018760,-1.2543479
3018761,-1.2543479
3018762,-1.2543479
3018763,-1.2543479
3018764,263.92252
3018765,-1.2543479
3018766,-1.2543479
3018767,-1.2543479
3018768,-1.2543479
3018769,-1.2543479
3018770,-3.9125173
3018771,-3.9125173
3018772,-3.9125173
3018773,-3.9125173
3018774,-3.9125173
3018775,-3.9125173
3018776,-3.9125173
3018777,-3.9125173
3018778,-3.9125173
3018779,-3.9125173
3018780,-3.9125173
3018781,-3.9125173
3018782,-3.9125173
3018783,-3.9125173
3018784,-3.9125173
3018785,-3.9125173
3018786,-3.9125173
3018787,-3.9125173
3018788,-3.9125173
3018789,-3.9125173
3018790,-3.9125173
3018791,-3.9125173
3018792,-3.9125173
3018793,-3.9125173
3018794,-3.9125173
3018795,-3.9125173
3018796,-3.9125173
3018797,-3.9125173
3018798,-3.9125173
3018799,-3.9125173
3018800,-3.9125173
3018801,-3.9125173
3018802,658.2903
3018803,-3.3177173
3018804,-3.3177173
3018805,-3.3177173
3018806,-3.3177173
3018807,-3.3177173
3018808,-3.3177173
3018809,-3.9125173
3018810,-3.9125173
3018811,-3.9125173
3018812,-3.9125173
3018813,-3.9125173
3018814,274.465
3018815,-3.3177173
3018816,-3.3177173
3018817,274.465
3018818,1856.1589
3018819,1879.4983
3018820,2245.236
3018821,2292.5884
3018822,2479.6711
3018823,2292.3713
3018824,2261.239
3018825,2264.9812
3018826,2293.3535
3018827,2291.9539
3018828,2507.5667
3018829,2507.5667
3018830,2502.129
3018831,2481.8777
3018832,2294.578
3018833,2294.578
3018834,-3.8956227
3018835,-3.8956227
3018836,-3.8956227
3018837,-3.8956227
3018838,-3.8956227
3018839,-3.8956227
3018840,-3.8956227
3018841,-3.8956227
3018842,-3.8956227
3018843,-3.8956227
3018844,-3.8956227
3018845,-3.8956227
3018846,-3.8956227
3018847,-3.8956227
3018848,-3.8956227
3018849,-3.8956227
3018850,2041.2468
3018851,1099.3533
3018852,741.97253
3018853,1099.1243
3018854,1548.5316
3018855,1142.4073
3018856,1305.1909
3018857,1115.6693
3018858,369.4271
3018859,684.13293
3018860,684.13293
3018861,1457.5024
3018862,764.00494
3018863,747.46
3018864,667.64307
3018865,358.24747
3018866,-3.8956227
3018867,-3.8956227
3018868,-3.8956227
3018869,-3.8956227
3018870,-3.8956227
3018871,-3.8956227
3018872,-3.8956227
3018873,274.4819
3018874,-3.3008227
3018875,-3.3008227
3018876,-3.3008227
3018877,-3.3008227
3018878,-3.3008227
3018879,-3.3008227
3018880,-3.8956227
3018881,-3.8956227
3018882,1511.8846
3018883,1802.8746
3018884,1835.0592
3018885,1751.0182
3018886,2072.9453
3018887,2134.8384
3018888,2114.6367
3018889,2134.6213
3018890,2134.4854
3018891,2540.3362
3018892,2138.2275
3018893,2100.1477
3018894,2133.8076
3018895,2539.9282
3018896,2133.8076
3018897,2124.328
3018898,2973.021
3018899,884.31354
3018900,883.8818
3018901,1281.3422
3018902,1281.3422
3018903,827.879
3018904,1444.1256
3018905,1611.8096
3018906,1249.4434
3018907,871.22363
3018908,871.6554
3018909,871.22363
3018910,871.22363
3018911,1257.1671
3018912,1437.6056
3018913,853.464
3018914,1758.9132
3018915,507.1374
3018916,1231.6501
3018917,506.47662
3018918,432.0923
3018919,888.8184
3018920,448.63715
3018921,352.8822
3018922,506.47662
3018923,1232.4784
3018924,497.80872
3018925,422.2521
3018926,497.37698
3018927,497.80872
3018928,343.66037
3018929,417.5602
3018930,346.5939
3018931,274.4819
3018932,274.4819
3018933,274.4819
3018934,274.4819
3018935,1942.1083
3018936,361.0309
3018937,361.0309
3018938,361.0309
3018939,361.0309
3018940,360.8019
3018941,360.8019
3018942,1995.5554
3018943,360.9432
3018944,360.9432
3018945,360.9432
3018946,274.4819
3018947,-3.3008227
3018948,-3.3008227
3018949,1545.9781
3018950,47.727474
3018951,47.727474
3018952,47.727474
3018953,-4.5021715
3018954,-4.5021715
3018955,-4.5021715
3018956,947.51215
3018957,-5.148779
3018958,-5.148779
3018959,272.63397
3018960,-5.148779
3018961,-5.148779
3018962,4053.4207
3018963,2469.8997
3018964,2442.5095
3018965,2321.16
3018966,2319.0652
3018967,2493.7793
3018968,2293.9153
3018969,2442.8618
3018970,2366.8743
3018971,2270.3418
3018972,2425.5493
3018973,2297.7039
3018974,2289.9744
3018975,2294.181
3018976,2464.2317
3018977,2541.1135
3018978,-4.1676106
3018979,-4.1676106
3018980,-4.1676106
3018981,-4.1676106
3018982,346.7022
3018983,-3.5728104
3018984,-3.5728104
3018985,-3.5728104
3018986,-3.5728104
3018987,-3.5728104
3018988,-3.5728104
3018989,328.0247
3018990,-21.428577
3018991,-21.428577
3018992,-21.428577
3018993,-21.428577
3018994,-4.1676106
3018995,-4.1676106
3018996,-4.1676106
3018997,-4.1676106
3018998,-4.1676106
3018999,-4.1676106
3019000,-4.1676106
3019001,-4.1676106
3019002,-4.1676106
3019003,-4.1676106
3019004,-4.1676106
3019005,-4.1676106
3019006,-4.1676106
3019007,-4.1676106
3019008,-4.1676106
3019009,-4.1676106
3019010,284.74115
3019011,174.1828
3019012,-3.5728104
3019013,-3.5728104
3019014,174.1828
3019015,-3.5728104
3019016,-3.5728104
3019017,-3.5728104
3019018,-3.5728104
3019019,-3.5728104
3019020,174.1828
3019021,-3.5728104
3019022,174.1828
3019023,-3.5728104
3019024,-3.5728104
3019025,174.1828
3019026,695.82666
3019027,-3.5728104
3019028,-3.5728104
3019029,-3.5728104
3019030,-3.5728104
3019031,-3.5728104
3019032,-3.5728104
3019033,-4.1676106
3019034,-4.1676106
3019035,-4.1676106
3019036,-4.1676106
3019037,174.1828
3019038,-3.5728104
3019039,-3.5728104
3019040,-3.5728104
3019041,-3.5728104
3019042,-4.1676106
3019043,-4.1676106
3019044,-4.1676106
3019045,-4.1676106
3019046,-4.1676106
3019047,-4.1676106
3019048,-4.1676106
3019049,-4.1676106
3019050,-4.1676106
3019051,-4.1676106
3019052,-4.1676106
3019053,-4.1676106
3019054,-4.1676106
3019055,-4.1676106
3019056,-4.1676106
3019057,-4.1676106
3019058,1580.9382
3019059,892.4924
3019060,772.40894
3019061,892.26337
3019062,729.4798
3019063,892.26337
3019064,908.8082
3019065,415.68884
3019066,729.4798
3019067,353.7277
3019068,1362.7036
3019069,892.26337
3019070,420.26263
3019071,406.5892
3019072,419.01242
3019073,891.0131
3019074,-4.0250845
3019075,-4.0250845
3019076,-4.0250845
3019077,-4.0250845
3019078,-4.0250845
3019079,-4.0250845
3019080,-4.0250845
3019081,-4.0250845
3019082,-4.0250845
3019083,-4.0250845
3019084,-4.0250845
3019085,-4.0250845
3019086,-4.0250845
3019087,-4.0250845
3019088,-4.0250845
3019089,-4.0250845
3019090,1458.6594
3019091,66.60576
3019092,66.60576
3019093,66.60576
3019094,66.60576
3019095,66.60576
3019096,66.60576
3019097,-22.52746
3019098,-22.52746
3019099,-22.52746
3019100,-22.52746
3019101,-22.52746
3019102,-22.52746
3019103,-22.52746
3019104,-22.52746
3019105,-22.52746
3019106,738.8984
3019107,-3.4302852
3019108,-3.4302852
3019109,-3.4302852
3019110,-3.4302852
3019111,-3.4302852
3019112,-3.4302852
3019113,-4.0250845
3019114,-4.0250845
3019115,-4.0250845
3019116,-4.0250845
3019117,-4.0250845
3019118,-4.0250845
3019119,-4.0250845
3019120,-4.0250845
3019121,-4.0250845
3019122,1350.1901
3019123,318.4357
3019124,317.7891
3019125,772.77924
3019126,415.91785
3019127,353.7277
3019128,243.9911
3019129,244.13237
3019130,244.13237
3019131,353.869
3019132,317.5601
3019133,317.5601
3019134,-22.161673
3019135,-22.161673
3019136,155.59395
3019137,155.59395
3019138,-4.0250845
3019139,-4.0250845
3019140,-4.0250845
3019141,-4.0250845
3019142,-4.0250845
3019143,-4.0250845
3019144,-4.0250845
3019145,-4.0250845
3019146,-4.0250845
3019147,-4.0250845
3019148,-4.0250845
3019149,-4.0250845
3019150,-4.0250845
3019151,-4.0250845
3019152,-4.0250845
3019153,-4.0250845
3019154,-4.0250845
3019155,1625.2766
3019156,66.46449
3019157,66.46449
3019158,66.46449
3019159,66.46449
3019160,66.46449
3019161,66.46449
3019162,1560.9272
3019163,66.23548
3019164,66.23548
3019165,66.23548
3019166,66.23548
3019167,66.23548
3019168,66.23548
3019169,1560.9272
3019170,1492.5906
3019171,417.29236
3019172,730.8543
3019173,1364.0781
3019174,893.6379
3019175,910.18274
3019176,1380.623
3019177,1380.623
3019178,747.3992
3019179,1837.9626
3019180,909.8698
3019181,1837.9626
3019182,760.4844
3019183,760.4844
3019184,760.4844
3019185,760.4844
3019186,-3.6867602
3019187,-3.6867602
3019188,-3.6867602
3019189,-3.6867602
3019190,-3.6867602
3019191,-3.6867602
3019192,-3.6867602
3019193,-3.6867602
3019194,-3.6867602
3019195,-3.6867602
3019196,-3.6867602
3019197,-3.6867602
3019198,-3.6867602
3019199,-3.6867602
3019200,-3.6867602
3019201,-3.6867602
3019202,-3.6867602
3019203,-3.6867602
3019204,-3.6867602
3019205,-3.6867602
3019206,-3.6867602
3019207,-3.6867602
3019208,-3.6867602
3019209,-3.6867602
3019210,-3.6867602
3019211,-3.6867602
3019212,-3.6867602
3019213,-3.6867602
3019214,-3.6867602
3019215,174.29361
3019216,-3.0919616
3019217,-3.0919616
3019218,-3.6867602
3019219,-3.6867602
3019220,1350.1583
3019221,-20.94773
3019222,-20.94773
3019223,-20.94773
3019224,-20.94773
3019225,-20.94773
3019226,-20.94773
3019227,803.73346
3019228,-21.594336
3019229,-21.594336
3019230,155.79124
3019231,-21.594336
3019232,-21.594336
3019233,-21.594336
3019234,-3.6867602
3019235,-3.6867602
3019236,-3.6867602
3019237,-3.6867602
3019238,-3.6867602
3019239,-3.6867602
3019240,-3.6867602
3019241,-3.6867602
3019242,-3.6867602
3019243,-3.6867602
3019244,-3.6867602
3019245,-3.6867602
3019246,-3.6867602
3019247,-3.6867602
3019248,-3.6867602
3019249,-3.6867602
3019250,2687.1064
3019251,450.71506
3019252,450.71506
3019253,238.27676
3019254,238.27676
3019255,450.71506
3019256,2618.7095
3019257,569.7371
3019258,457.24533
3019259,457.24533
3019260,281.27026
3019261,457.24533
3019262,457.24533
3019263,2711.0183
3019264,568.88873
3019265,456.39694
3019266,1585.7358
3019267,32.4729
3019268,32.4729
3019269,32.4729
3019270,32.4729
3019271,32.4729
3019272,32.4729
3019273,-20.351524
3019274,-20.351524
3019275,-20.351524
3019276,-20.351524
3019277,-20.351524
3019278,-20.351524
3019279,-20.351524
3019280,-20.351524
3019281,-20.351524
3019282,-1.8491474
3019283,-1.8491474
3019284,-1.8491474
3019285,176.13124
3019286,-1.2543479
3019287,-1.2543479
3019288,-1.2543479
3019289,-1.2543479
3019290,-1.2543479
3019291,-1.2543479
3019292,-1.8491474
3019293,-1.8491474
3019294,-1.8491474
3019295,-1.8491474
3019296,-1.8491474
3019297,-1.8491474
3019298,-3.9125173
3019299,-3.9125173
3019300,-3.9125173
3019301,-3.9125173
3019302,-3.9125173
3019303,-3.9125173
3019304,-3.9125173
3019305,-3.9125173
3019306,-3.9125173
3019307,-3.9125173
3019308,-3.9125173
3019309,-3.9125173
3019310,-3.9125173
3019311,-3.9125173
3019312,658.2903
3019313,-3.3177173
3019314,-3.9125173
3019315,-3.9125173
3019316,-3.9125173
3019317,-3.9125173
3019318,-3.9125173
3019319,-3.9125173
3019320,-3.9125173
3019321,-3.9125173
3019322,-3.9125173
3019323,-3.9125173
3019324,-3.9125173
3019325,-3.9125173
3019326,-3.9125173
3019327,-3.9125173
3019328,-3.9125173
3019329,-3.9125173
3019330,658.2903
3019331,274.465
3019332,-3.3177173
3019333,-3.3177173
3019334,-3.3177173
3019335,-3.3177173
3019336,-3.3177173
3019337,-3.3177173
3019338,-3.9125173
3019339,-3.9125173
3019340,274.465
3019341,-3.3177173
3019342,-3.3177173
3019343,-3.3177173
3019344,274.465
3019345,-3.3177173
3019346,1856.1589
3019347,1984.9904
3019348,2247.86
3019349,2292.5884
3019350,2186.8794
3019351,2261.239
3019352,2264.9812
3019353,2163.4858
3019354,2263.5815
3019355,2263.5815
3019356,2263.5815
3019357,2263.5815
3019358,2263.5815
3019359,2260.1091
3019360,3612.4336
3019361,2558.287
3019362,-3.8956227
3019363,-3.8956227
3019364,-3.8956227
3019365,-3.8956227
3019366,-3.8956227
3019367,-3.8956227
3019368,-3.8956227
3019369,-3.8956227
3019370,-3.8956227
3019371,-3.8956227
3019372,-3.8956227
3019373,-3.8956227
3019374,-3.8956227
3019375,-3.8956227
3019376,-3.8956227
3019377,-3.8956227
3019378,2041.2468
3019379,2273.3171
3019380,1125.8625
3019381,2267.267
3019382,3220.0276
3019383,2566.069
3019384,2565.852
3019385,2565.852
3019386,945.71466
3019387,1025.5315
3019388,1025.3955
3019389,1806.6685
3019390,1022.8345
3019391,908.3802
3019392,1816.9744
3019393,647.3107
3019394,-3.8956227
3019395,-3.8956227
3019396,-3.8956227
3019397,-3.8956227
3019398,-3.8956227
3019399,-3.8956227
3019400,-3.8956227
3019401,-3.8956227
3019402,-3.8956227
3019403,-3.8956227
3019404,-3.8956227
3019405,-3.8956227
3019406,-3.8956227
3019407,-3.8956227
3019408,1080.8766
3019409,-3.3008227
3019410,1415.2657
3019411,1819.4196
3019412,1750.19
3019413,1830.8813
3019414,1881.2233
3019415,1881.0061
3019416,2083.5059
3019417,1884.7787
3019418,2133.8843
3019419,2133.8843
3019420,2100.071
3019421,1884.5356
3019422,1884.5356
3019423,1884.5356
3019424,3125.9385
3019425,2093.671
3019426,3018.4429
3019427,2371.2505
3019428,2340.1184
3019429,1934.006
3019430,1917.765
3019431,2343.6758
3019432,1933.4047
3019433,2909.0417
3019434,1204.5347
3019435,871.0866
3019436,1422.5262
3019437,1259.7428
3019438,1423.4635
3019439,2383.6194
3019440,2995.2727
3019441,1421.0842
3019442,1758.9132
3019443,840.5855
3019444,1316.1215
3019445,1253.0107
3019446,1277.93
3019447,1114.2095
3019448,1774.1837
3019449,1074.4434
3019450,1128.5449
3019451,1428.2715
3019452,1290.7903
3019453,1291.7275
3019454,1131.749
3019455,1295.4696
3019456,1471.9193
3019457,1337.6135
3019458,274.4819
3019459,274.4819
3019460,274.4819
3019461,274.4819
3019462,274.4819
3019463,1509.2554
3019464,360.8019
3019465,360.8019
3019466,360.8019
3019467,360.8019
3019468,360.8019
3019469,360.8019
3019470,1531.5874
3019471,360.8019
3019472,1505.4974
3019473,360.8019
3019474,274.4819
3019475,-3.3008227
3019476,-3.3008227
3019477,1622.7238
3019478,83.24838
3019479,83.24838
3019480,83.24838
3019481,361.0309
3019482,83.24838
3019483,83.24838
3019484,2085.6519
3019485,46.851856
3019486,46.851856
3019487,360.9432
3019488,2175.638
3019489,360.8019
3019490,4047.2346
3019491,2492.2126
3019492,2464.823
3019493,2464.7463
3019494,2427.8447
3019495,2430.1052
3019496,2692.9546
3019497,2692.9546
3019498,2692.9546
3019499,2418.935
3019500,2426.5823
3019501,2468.4744
3019502,2431.0327
3019503,2415.412
3019504,5060.0986
3019505,3753.1885
3019506,-4.1676106
3019507,-4.1676106
3019508,-4.1676106
3019509,-4.1676106
3019510,359.12543
3019511,-3.5728104
3019512,-3.5728104
3019513,-3.5728104
3019514,-3.5728104
3019515,-3.5728104
3019516,-3.5728104
3019517,284.74115
3019518,-3.5728104
3019519,-3.5728104
3019520,340.4479
3019521,-21.428577
3019522,-4.1676106
3019523,-4.1676106
3019524,-4.1676106
3019525,-4.1676106
3019526,-4.1676106
3019527,-4.1676106
3019528,-4.1676106
3019529,-4.1676106
3019530,-4.1676106
3019531,-4.1676106
3019532,-4.1676106
3019533,-4.1676106
3019534,-4.1676106
3019535,-4.1676106
3019536,-4.1676106
3019537,-4.1676106
3019538,284.74115
3019539,-3.5728104
3019540,174.1828
3019541,174.1828
3019542,-3.5728104
3019543,-3.5728104
3019544,-3.5728104
3019545,174.1828
3019546,-3.5728104
3019547,-3.5728104
3019548,174.1828
3019549,-3.5728104
3019550,266.06363
3019551,-21.428577
3019552,1814.2042
3019553,244.21886
3019554,695.82666
3019555,174.1828
3019556,266.06363
3019557,208.55669
3019558,208.55669
3019559,208.55669
3019560,317.64658
3019561,-22.075186
3019562,155.68044
3019563,155.68044
3019564,265.41702
3019565,155.68044
3019566,155.68044
3019567,-22.075186
3019568,1362.5612
3019569,243.98985
3019570,-4.1676106
3019571,-4.1676106
3019572,-4.1676106
3019573,-4.1676106
3019574,-4.1676106
3019575,-4.1676106
3019576,-4.1676106
3019577,-4.1676106
3019578,-4.1676106
3019579,-4.1676106
3019580,-4.1676106
3019581,-4.1676106
3019582,-4.1676106
3019583,-4.1676106
3019584,-4.1676106
3019585,-4.1676106
3019586,1458.6594
3019587,729.7088
3019588,892.26337
3019589,892.26337
3019590,1362.7036
3019591,908.6195
3019592,1379.2485
3019593,1836.7123
3019594,908.8082
3019595,1379.1244
3019596,907.558
3019597,908.4953
3019598,922.83075
3019599,794.18964
3019600,1515.8528
3019601,948.64056
3019602,-4.0250845
3019603,-4.0250845
3019604,-4.0250845
3019605,-4.0250845
3019606,-4.0250845
3019607,-4.0250845
3019608,-4.0250845
3019609,-4.0250845
3019610,-4.0250845
3019611,-4.0250845
3019612,-4.0250845
3019613,-4.0250845
3019614,-4.0250845
3019615,-4.0250845
3019616,-4.0250845
3019617,-4.0250845
3019618,1750.7063
3019619,30.943584
3019620,30.943584
3019621,30.943584
3019622,30.943584
3019623,30.943584
3019624,428.48236
3019625,-21.932661
3019626,-21.932661
3019627,-21.932661
3019628,-21.932661
3019629,-21.932661
3019630,-21.932661
3019631,339.94385
3019632,855.7658
3019633,30.067966
3019634,738.8984
3019635,-3.4302852
3019636,-3.4302852
3019637,-3.4302852
3019638,-3.4302852
3019639,-3.4302852
3019640,-3.4302852
3019641,-4.0250845
3019642,-4.0250845
3019643,-4.0250845
3019644,-4.0250845
3019645,-4.0250845
3019646,-4.0250845
3019647,-4.0250845
3019648,328.16724
3019649,-21.286053
3019650,1826.4971
3019651,392.17346
3019652,416.05914
3019653,415.91785
3019654,772.40894
3019655,243.9911
3019656,415.68884
3019657,243.9911
3019658,66.23548
3019659,428.25336
3019660,415.83014
3019661,353.869
3019662,244.13237
3019663,30.067966
3019664,892.26337
3019665,244.13237
3019666,-4.0250845
3019667,-4.0250845
3019668,-4.0250845
3019669,-4.0250845
3019670,-4.0250845
3019671,-4.0250845
3019672,-4.0250845
3019673,-4.0250845
3019674,-4.0250845
3019675,-4.0250845
3019676,-4.0250845
3019677,-4.0250845
3019678,-4.0250845
3019679,-4.0250845
3019680,284.8837
3019681,-3.4302852
3019682,-4.0250845
3019683,960.45013
3019684,66.46449
3019685,66.46449
3019686,66.46449
3019687,66.46449
3019688,66.46449
3019689,66.46449
3019690,1001.629
3019691,66.23548
3019692,66.23548
3019693,66.23548
3019694,66.23548
3019695,66.23548
3019696,1240.0206
3019697,1001.629
3019698,1492.5906
3019699,1364.0781
3019700,1821.5419
3019701,1815.4922
3019702,1838.0868
3019703,1838.0868
3019704,1966.3671
3019705,1972.2926
3019706,1972.2926
3019707,1058.5356
3019708,1980.5784
3019709,1439.3331
3019710,1980.3612
3019711,1986.4109
3019712,1533.8099
3019713,1128.8608
3019714,-3.6867602
3019715,-3.6867602
3019716,-3.6867602
3019717,-3.6867602
3019718,-3.6867602
3019719,-3.6867602
3019720,-3.6867602
3019721,-3.6867602
3019722,-3.6867602
3019723,-3.6867602
3019724,-3.6867602
3019725,-3.6867602
3019726,-3.6867602
3019727,-3.6867602
3019728,284.85196
3019729,-3.0919616
3019730,-3.6867602
3019731,-3.6867602
3019732,-3.6867602
3019733,-3.6867602
3019734,-3.6867602
3019735,-3.6867602
3019736,-3.6867602
3019737,-3.6867602
3019738,-3.6867602
3019739,-3.6867602
3019740,-3.6867602
3019741,-3.6867602
3019742,-3.6867602
3019743,-3.6867602
3019744,738.8667
3019745,-3.0919616
3019746,-3.6867602
3019747,-3.6867602
3019748,2006.8297
3019749,66.944084
3019750,66.944084
3019751,66.944084
3019752,66.944084
3019753,66.944084
3019754,66.944084
3019755,1600.2358
3019756,30.406292
3019757,30.406292
3019758,30.406292
3019759,30.406292
3019760,1636.5449
3019761,66.57381
3019762,-3.6867602
3019763,-3.6867602
3019764,174.29361
3019765,-3.0919616
3019766,-3.0919616
3019767,-3.0919616
3019768,-3.0919616
3019769,-3.0919616
3019770,-3.0919616
3019771,284.85196
3019772,-3.0919616
3019773,-3.0919616
3019774,-3.0919616
3019775,-3.0919616
3019776,839.9022
3019777,-20.94773
3019778,2715.8967
3019779,555.82275
3019780,555.82275
3019781,555.82275
3019782,555.82275
3019783,555.82275
3019784,2615.996
3019785,505.71713
3019786,505.71713
3019787,505.71713
3019788,505.71713
3019789,505.71713
3019790,505.71713
3019791,2752.8286
3019792,2640.3171
3019793,499.19772
3019794,1585.7358
3019795,32.4729
3019796,32.4729
3019797,32.4729
3019798,32.4729
3019799,32.4729
3019800,32.4729
3019801,-20.351524
3019802,-20.351524
3019803,-20.351524
3019804,-20.351524
3019805,-20.351524
3019806,-20.351524
3019807,-20.351524
3019808,-20.351524
3019809,-20.351524
3019810,-1.8491474
3019811,-1.8491474
3019812,-1.8491474
3019813,-1.8491474
3019814,-1.8491474
3019815,-1.8491474
3019816,-1.8491474
3019817,-1.8491474
3019818,-1.8491474
3019819,-1.8491474
3019820,263.92252
3019821,-1.2543479
3019822,-1.2543479
3019823,-1.2543479
3019824,-1.2543479
3019825,-1.2543479
3019826,-3.9125173
3019827,-3.9125173
3019828,-3.9125173
3019829,-3.9125173
3019830,-3.9125173
3019831,-3.9125173
3019832,-3.9125173
3019833,-3.9125173
3019834,-3.9125173
3019835,-3.9125173
3019836,-3.9125173
3019837,-3.9125173
3019838,-3.9125173
3019839,-3.9125173
3019840,-3.9125173
3019841,-3.9125173
3019842,-3.9125173
3019843,-3.9125173
3019844,-3.9125173
3019845,-3.9125173
3019846,-3.9125173
3019847,-3.9125173
3019848,-3.9125173
3019849,-3.9125173
3019850,-3.9125173
3019851,-3.9125173
3019852,-3.9125173
3019853,-3.9125173
3019854,-3.9125173
3019855,-3.9125173
3019856,-3.9125173
3019857,-3.9125173
3019858,658.2903
3019859,658.2903
3019860,658.2903
3019861,656.26715
3019862,708.4968
3019863,708.4968
3019864,324.84644
3019865,707.8502
3019866,324.84644
3019867,324.84644
3019868,324.84644
3019869,272.61707
3019870,272.61707
3019871,-5.1656733
3019872,272.61707
3019873,272.61707
3019874,1947.6769
3019875,2196.9138
3019876,2623.78
3019877,2619.3752
3019878,2414.868
3019879,2848.3237
3019880,2913.164
3019881,2287.4026
3019882,2191.723
3019883,2195.465
3019884,2159.0715
3019885,2163.0686
3019886,2163.0686
3019887,2163.0686
3019888,2164.5364
3019889,2186.2092
3019890,-3.8956227
3019891,-3.8956227
3019892,-3.8956227
3019893,-3.8956227
3019894,-3.8956227
3019895,-3.8956227
3019896,-3.8956227
3019897,-3.8956227
3019898,-3.8956227
3019899,-3.8956227
3019900,-3.8956227
3019901,-3.8956227
3019902,-3.8956227
3019903,-3.8956227
3019904,-3.8956227
3019905,-3.8956227
3019906,2203.4387
3019907,2273.5461
3019908,2273.3171
3019909,2273.3171
3019910,2289.862
3019911,2283.3948
3019912,2484.8042
3019913,2035.929
3019914,2484.9316
3019915,2505.7341
3019916,2505.7341
3019917,2499.05
3019918,2451.4233
3019919,1991.2863
3019920,2498.914
3019921,2498.7292
3019922,-3.8956227
3019923,-3.8956227
3019924,-3.8956227
3019925,274.4819
3019926,-3.3008227
3019927,-3.3008227
3019928,-3.3008227
3019929,-3.3008227
3019930,-3.3008227
3019931,-3.3008227
3019932,-3.8956227
3019933,-3.8956227
3019934,-3.8956227
3019935,-3.8956227
3019936,-3.8956227
3019937,-3.8956227
3019938,1511.4674
3019939,1293.636
3019940,2278.4956
3019941,2288.5732
3019942,2295.0405
3019943,2496.4497
3019944,2496.5771
3019945,2339.667
3019946,2496.5771
3019947,1839.7719
3019948,1324.6438
3019949,2309.5034
3019950,2309.2864
3019951,1324.4266
3019952,1324.4266
3019953,1794.9199
3019954,1225.9877
3019955,1663.6509
3019956,1850.9276
3019957,1911.1564
3019958,1964.938
3019959,1926.8594
3019960,1964.7208
3019961,1926.5062
3019962,1444.5249
3019963,2399.6418
3019964,1413.1641
3019965,1412.2268
3019966,2348.6191
3019967,2294.6902
3019968,2140.359
3019969,2356.2627
3019970,1758.496
3019971,1505.4974
3019972,1340.1576
3019973,1723.4514
3019974,1748.5596
3019975,1774.1837
3019976,2278.5767
3019977,2278.5767
3019978,2278.5767
3019979,1485.8875
3019980,2281.781
3019981,2281.781
3019982,1321.0938
3019983,2289.886
3019984,1799.447
3019985,1799.2255
3019986,274.4819
3019987,-3.3008227
3019988,1224.5405
3019989,83.01937
3019990,83.01937
3019991,83.01937
3019992,83.01937
3019993,83.01937
3019994,83.01937
3019995,1231.2329
3019996,83.01937
3019997,83.01937
3019998,83.01937
3019999,83.01937
3020000,83.01937
3020001,83.01937
3020002,274.4819
3020003,-3.3008227
3020004,-3.3008227
3020005,-3.3008227
3020006,-3.3008227
3020007,-3.3008227
3020008,-3.3008227
3020009,-3.8956227
3020010,-3.8956227
3020011,-3.8956227
3020012,-3.8956227
3020013,-3.8956227
3020014,-3.8956227
3020015,274.4819
3020016,274.4819
3020017,-3.3008227
3020018,2144.249
3020019,2314.685
3020020,2322.953
3020021,2291.8208
3020022,2396.5276
3020023,2295.563
3020024,2365.2197
3020025,2297.9841
3020026,2366.028
3020027,2428.6335
3020028,2440.0334
3020029,2322.9617
3020030,2342.4143
3020031,2364.7651
3020032,3645.7107
3020033,3645.7107
3020034,-4.1676106
3020035,-4.1676106
3020036,-4.1676106
3020037,-4.1676106
3020038,-4.1676106
3020039,-4.1676106
3020040,-4.1676106
3020041,-4.1676106
3020042,-4.1676106
3020043,-4.1676106
3020044,-4.1676106
3020045,-4.1676106
3020046,-4.1676106
3020047,-4.1676106
3020048,-4.1676106
3020049,-4.1676106
3020050,-4.1676106
3020051,-4.1676106
3020052,-4.1676106
3020053,-4.1676106
3020054,-4.1676106
3020055,-4.1676106
3020056,-4.1676106
3020057,-4.1676106
3020058,-4.1676106
3020059,-4.1676106
3020060,-4.1676106
3020061,-4.1676106
3020062,-4.1676106
3020063,-4.1676106
3020064,-4.1676106
3020065,-4.1676106
3020066,284.74115
3020067,174.1828
3020068,-3.5728104
3020069,284.74115
3020070,-3.5728104
3020071,-3.5728104
3020072,-3.5728104
3020073,-3.5728104
3020074,-3.5728104
3020075,-3.5728104
3020076,-4.1676106
3020077,-4.1676106
3020078,-4.1676106
3020079,-4.1676106
3020080,-4.1676106
3020081,-4.1676106
3020082,695.82666
3020083,266.06363
3020084,156.32704
3020085,208.55669
3020086,208.55669
3020087,317.64658
3020088,428.3398
3020089,207.91008
3020090,207.91008
3020091,317.64658
3020092,317.64658
3020093,317.41757
3020094,391.8019
3020095,317.41757
3020096,207.68106
3020097,207.68106
3020098,-4.1676106
3020099,-4.1676106
3020100,-4.1676106
3020101,-4.1676106
3020102,-4.1676106
3020103,-4.1676106
3020104,-4.1676106
3020105,-4.1676106
3020106,-4.1676106
3020107,-4.1676106
3020108,-4.1676106
3020109,-4.1676106
3020110,-4.1676106
3020111,-4.1676106
3020112,-4.1676106
3020113,-4.1676106
3020114,1572.1011
3020115,892.4924
3020116,1362.7036
3020117,1362.7036
3020118,729.4798
3020119,908.8082
3020120,746.02466
3020121,772.40894
3020122,892.07465
3020123,1836.7123
3020124,891.95044
3020125,907.558
3020126,763.3093
3020127,763.3093
3020128,742.565
3020129,433.34787
3020130,-4.0250845
3020131,-4.0250845
3020132,-4.0250845
3020133,-4.0250845
3020134,-4.0250845
3020135,-4.0250845
3020136,-4.0250845
3020137,-4.0250845
3020138,-4.0250845
3020139,-4.0250845
3020140,-4.0250845
3020141,-4.0250845
3020142,-4.0250845
3020143,-4.0250845
3020144,-4.0250845
3020145,-4.0250845
3020146,1458.2422
3020147,66.60576
3020148,66.60576
3020149,66.60576
3020150,66.60576
3020151,66.60576
3020152,66.60576
3020153,641.3116
3020154,-21.932661
3020155,-21.932661
3020156,-21.932661
3020157,-21.932661
3020158,-21.932661
3020159,-21.932661
3020160,803.72485
3020161,-22.161673
3020162,738.8984
3020163,-3.4302852
3020164,-3.4302852
3020165,-3.4302852
3020166,-3.4302852
3020167,-3.4302852
3020168,-3.4302852
3020169,-4.0250845
3020170,-4.0250845
3020171,-4.0250845
3020172,-4.0250845
3020173,-4.0250845
3020174,174.32533
3020175,-3.4302852
3020176,-3.4302852
3020177,-3.4302852
3020178,1350.1901
3020179,892.4924
3020180,729.7088
3020181,892.26337
3020182,729.4798
3020183,353.7277
3020184,729.4798
3020185,772.40894
3020186,415.68884
3020187,415.68884
3020188,428.11206
3020189,353.7277
3020190,353.7277
3020191,353.7277
3020192,428.11206
3020193,353.869
3020194,-4.0250845
3020195,-4.0250845
3020196,-4.0250845
3020197,-4.0250845
3020198,-4.0250845
3020199,-4.0250845
3020200,-4.0250845
3020201,-4.0250845
3020202,-4.0250845
3020203,-4.0250845
3020204,-4.0250845
3020205,-4.0250845
3020206,-4.0250845
3020207,-4.0250845
3020208,-4.0250845
3020209,-4.0250845
3020210,-4.0250845
3020211,-4.0250845
3020212,909.52155
3020213,58.31576
3020214,58.31576
3020215,58.31576
3020216,58.31576
3020217,58.31576
3020218,58.31576
3020219,913.7002
3020220,58.31576
3020221,58.31576
3020222,58.31576
3020223,58.31576
3020224,58.31576
3020225,58.31576
3020226,1463.9601
3020227,1637.5339
3020228,1821.5419
3020229,1831.6199
3020230,1838.0868
3020231,1965.9498
3020232,1972.2926
3020233,1839.5215
3020234,1972.2926
3020235,1529.1643
3020236,1853.8569
3020237,1448.7877
3020238,1979.944
3020239,1853.5038
3020240,1853.319
3020241,1903.4307
3020242,-3.6867602
3020243,-3.6867602
3020244,-3.6867602
3020245,-3.6867602
3020246,-3.6867602
3020247,-3.6867602
3020248,-3.6867602
3020249,-3.6867602
3020250,-3.6867602
3020251,-3.6867602
3020252,-3.6867602
3020253,-3.6867602
3020254,-3.6867602
3020255,-3.6867602
3020256,-3.6867602
3020257,-3.6867602
3020258,-3.6867602
3020259,-3.6867602
3020260,-3.6867602
3020261,-3.6867602
3020262,-3.6867602
3020263,-3.6867602
3020264,-3.6867602
3020265,-3.6867602
3020266,-3.6867602
3020267,-3.6867602
3020268,-3.6867602
3020269,-3.6867602
3020270,-3.6867602
3020271,-3.6867602
3020272,-3.6867602
3020273,-3.6867602
3020274,-3.6867602
3020275,-3.6867602
3020276,896.4681
3020277,66.57381
3020278,66.57381
3020279,66.57381
3020280,66.57381
3020281,66.57381
3020282,66.57381
3020283,896.4681
3020284,66.57381
3020285,66.57381
3020286,66.57381
3020287,66.57381
3020288,66.57381
3020289,66.57381
3020290,-3.6867602
3020291,-3.6867602
3020292,-3.6867602
3020293,-3.6867602
3020294,-3.6867602
3020295,-3.6867602
3020296,-3.6867602
3020297,-3.6867602
3020298,-3.6867602
3020299,-3.6867602
3020300,-3.6867602
3020301,-3.6867602
3020302,-3.6867602
3020303,-3.6867602
3020304,-3.6867602
3020305,-3.6867602
3020306,2688.4968
3020307,1017.9081
3020308,1017.9081
3020309,1002.7603
3020310,1017.9081
3020311,676.59326
3020312,676.59326
3020313,2690.767
3020314,560.4578
3020315,560.4578
3020316,447.96622
3020317,447.96622
3020318,235.52788
3020319,447.96622
3020320,2687.2441
3020321,395.59784
3020322,1585.3186
3020323,32.4729
3020324,32.4729
3020325,32.4729
3020326,32.4729
3020327,32.4729
3020328,32.4729
3020329,-20.351524
3020330,-20.351524
3020331,-20.351524
3020332,-20.351524
3020333,-20.351524
3020334,-20.351524
3020335,-20.351524
3020336,-20.351524
3020337,-20.351524
3020338,-1.8491474
3020339,-1.8491474
3020340,715.2571
3020341,-1.2543479
3020342,-1.2543479
3020343,-1.2543479
3020344,-1.2543479
3020345,-1.2543479
3020346,-1.2543479
3020347,696.5795
3020348,-19.110117
3020349,-19.110117
3020350,-19.110117
3020351,-19.110117
3020352,-19.110117
3020353,-19.110117
3020354,-3.9125173
3020355,-3.9125173
3020356,-3.9125173
3020357,-3.9125173
3020358,-3.9125173
3020359,-3.9125173
3020360,-3.9125173
3020361,-3.9125173
3020362,-3.9125173
3020363,-3.9125173
3020364,-3.9125173
3020365,-3.9125173
3020366,-3.9125173
3020367,-3.9125173
3020368,-3.9125173
3020369,-3.9125173
3020370,-3.9125173
3020371,-3.9125173
3020372,-3.9125173
3020373,-3.9125173
3020374,-3.9125173
3020375,-3.9125173
3020376,-3.9125173
3020377,-3.9125173
3020378,-3.9125173
3020379,-3.9125173
3020380,-3.9125173
3020381,-3.9125173
3020382,-3.9125173
3020383,-3.9125173
3020384,-3.9125173
3020385,-3.9125173
3020386,658.2903
3020387,658.2903
3020388,658.2903
3020389,656.26715
3020390,273.26367
3020391,325.49304
3020392,708.4968
3020393,707.8502
3020394,47.063972
3020395,272.61707
3020396,-5.1656733
3020397,272.61707
3020398,272.61707
3020399,-5.1656733
3020400,272.61707
3020401,272.61707
3020402,1930.0554
3020403,2196.9138
3020404,1981.9491
3020405,2429.634
3020406,2440.2278
3020407,2461.1418
3020408,2484.956
3020409,2499.5051
3020410,2191.723
3020411,2195.465
3020412,2164.5364
3020413,2163.0686
3020414,2163.0686
3020415,2157.6719
3020416,2163.4011
3020417,2166.541
3020418,-3.8956227
3020419,-3.8956227
3020420,-3.8956227
3020421,-3.8956227
3020422,-3.8956227
3020423,-3.8956227
3020424,-3.8956227
3020425,-3.8956227
3020426,-3.8956227
3020427,-3.8956227
3020428,-3.8956227
3020429,-3.8956227
3020430,-3.8956227
3020431,-3.8956227
3020432,-3.8956227
3020433,-3.8956227
3020434,2203.4387
3020435,2273.5461
3020436,1288.646
3020437,2273.3171
3020438,2273.3171
3020439,2289.862
3020440,2289.862
3020441,2437.4697
3020442,1305.1296
3020443,1141.4088
3020444,1775.7589
3020445,2304.325
3020446,2250.231
3020447,2304.108
3020448,2297.6406
3020449,2303.972
3020450,-3.8956227
3020451,-3.8956227
3020452,-3.8956227
3020453,-3.8956227
3020454,-3.8956227
3020455,-3.8956227
3020456,-3.8956227
3020457,-3.8956227
3020458,-3.8956227
3020459,-3.8956227
3020460,-3.8956227
3020461,-3.8956227
3020462,-3.8956227
3020463,-3.8956227
3020464,-3.8956227
3020465,-3.8956227
3020466,2159.4985
3020467,2278.4956
3020468,1764.2653
3020469,2288.5732
3020470,2295.0405
3020471,2339.5396
3020472,2442.4834
3020473,2442.4834
3020474,2496.5771
3020475,2456.9836
3020476,2044.8033
3020477,2089.264
3020478,2094.621
3020479,2098.9644
3020480,2123.9873
3020481,2530.2737
3020482,1253.1154
3020483,2129.5425
3020484,1870.9106
3020485,1915.4998
3020486,1936.7804
3020487,2371.0503
3020488,1958.8704
3020489,1935.259
3020490,2395.918
3020491,1880.0515
3020492,2370.1091
3020493,1927.3737
3020494,1927.3737
3020495,2338.987
3020496,1933.1476
3020497,1928.8042
3020498,1738.513
3020499,1034.8687
3020500,1330.4036
3020501,1723.3273
3020502,1276.9928
3020503,1748.5596
3020504,1302.617
3020505,1762.895
3020506,1762.895
3020507,1453.4784
3020508,1791.7233
3020509,1320.1565
3020510,2281.781
3020511,1321.0938
3020512,1799.447
3020513,1799.447
3020514,274.4819
3020515,-3.3008227
3020516,1224.5405
3020517,83.01937
3020518,83.01937
3020519,83.01937
3020520,83.01937
3020521,83.01937
3020522,83.01937
3020523,1231.2329
3020524,83.01937
3020525,83.01937
3020526,83.01937
3020527,83.01937
3020528,83.01937
3020529,83.01937
3020530,274.4819
3020531,-3.3008227
3020532,-3.3008227
3020533,-3.3008227
3020534,-3.3008227
3020535,-3.3008227
3020536,-3.3008227
3020537,-3.8956227
3020538,-3.8956227
3020539,-3.8956227
3020540,-3.8956227
3020541,-3.8956227
3020542,-3.8956227
3020543,-3.8956227
3020544,-3.8956227
3020545,274.4819
3020546,2100.991
3020547,2289.061
3020548,2319.4226
3020549,2322.953
3020550,2295.563
3020551,2295.563
3020552,2368.967
3020553,2301.5012
3020554,2430.6157
3020555,2422.721
3020556,2407.002
3020557,2425.132
3020558,2425.4453
3020559,2463.5107
3020560,3731.848
3020561,2765.5537
3020562,-4.1676106
3020563,-4.1676106
3020564,174.1828
3020565,-3.5728104
3020566,-3.5728104
3020567,-3.5728104
3020568,-3.5728104
3020569,-3.5728104
3020570,-3.5728104
3020571,-4.1676106
3020572,-4.1676106
3020573,-4.1676106
3020574,-4.1676106
3020575,-4.1676106
3020576,-4.1676106
3020577,-4.1676106
3020578,-4.1676106
3020579,-4.1676106
3020580,-4.1676106
3020581,-4.1676106
3020582,-4.1676106
3020583,-4.1676106
3020584,-4.1676106
3020585,-4.1676106
3020586,-4.1676106
3020587,-4.1676106
3020588,-4.1676106
3020589,-4.1676106
3020590,-4.1676106
3020591,-4.1676106
3020592,-4.1676106
3020593,-4.1676106
3020594,284.74115
3020595,174.1828
3020596,174.1828
3020597,284.74115
3020598,174.1828
3020599,156.32704
3020600,156.32704
3020601,156.32704
3020602,156.32704
3020603,156.32704
3020604,155.68044
3020605,155.68044
3020606,155.68044
3020607,155.68044
3020608,155.68044
3020609,155.68044
3020610,695.82666
3020611,174.1828
3020612,156.32704
3020613,156.32704
3020614,318.29318
3020615,208.55669
3020616,207.91008
3020617,265.41702
3020618,155.68044
3020619,155.68044
3020620,392.0309
3020621,379.3787
3020622,428.1108
3020623,428.1108
3020624,353.72647
3020625,427.9695
3020626,-4.1676106
3020627,-4.1676106
3020628,-4.1676106
3020629,-4.1676106
3020630,-4.1676106
3020631,-4.1676106
3020632,-4.1676106
3020633,-4.1676106
3020634,-4.1676106
3020635,-4.1676106
3020636,-4.1676106
3020637,-4.1676106
3020638,-4.1676106
3020639,-4.1676106
3020640,-4.1676106
3020641,-4.1676106
3020642,1756.756
3020643,892.30365
3020644,729.4798
3020645,892.07465
3020646,892.26337
3020647,729.4798
3020648,788.9538
3020649,892.07465
3020650,772.40894
3020651,772.40894
3020652,1820.1674
3020653,891.95044
3020654,763.3093
3020655,406.5892
3020656,763.3093
3020657,419.01242
3020658,-4.0250845
3020659,-4.0250845
3020660,-4.0250845
3020661,-4.0250845
3020662,-4.0250845
3020663,-4.0250845
3020664,-4.0250845
3020665,-4.0250845
3020666,-4.0250845
3020667,-4.0250845
3020668,-4.0250845
3020669,-4.0250845
3020670,-4.0250845
3020671,-4.0250845
3020672,-4.0250845
3020673,-4.0250845
3020674,1458.2422
3020675,244.3614
3020676,66.60576
3020677,66.60576
3020678,66.60576
3020679,66.60576
3020680,66.60576
3020681,327.52063
3020682,-21.932661
3020683,-21.932661
3020684,-21.932661
3020685,-21.932661
3020686,-21.932661
3020687,-21.932661
3020688,803.72485
3020689,-22.161673
3020690,738.8984
3020691,-3.4302852
3020692,-3.4302852
3020693,-3.4302852
3020694,-3.4302852
3020695,-3.4302852
3020696,-3.4302852
3020697,-4.0250845
3020698,-4.0250845
3020699,-4.0250845
3020700,-4.0250845
3020701,-4.0250845
3020702,-4.0250845
3020703,-4.0250845
3020704,-4.0250845
3020705,-4.0250845
3020706,1826.4971
3020707,729.8501
3020708,892.4924
3020709,729.4798
3020710,892.26337
3020711,729.4798
3020712,772.40894
3020713,729.4798
3020714,428.11206
3020715,772.40894
3020716,772.40894
3020717,428.11206
3020718,353.7277
3020719,353.7277
3020720,353.7277
3020721,353.7277
3020722,-4.0250845
3020723,-4.0250845
3020724,-4.0250845
3020725,-4.0250845
3020726,-4.0250845
3020727,-4.0250845
3020728,-4.0250845
3020729,-4.0250845
3020730,-4.0250845
3020731,-4.0250845
3020732,-4.0250845
3020733,-4.0250845
3020734,-4.0250845
3020735,-4.0250845
3020736,-4.0250845
3020737,-4.0250845
3020738,-4.0250845
3020739,-4.0250845
3020740,909.52155
3020741,58.31576
3020742,58.31576
3020743,58.31576
3020744,58.31576
3020745,58.31576
3020746,58.31576
3020747,1001.21185
3020748,66.23548
3020749,66.23548
3020750,66.23548
3020751,66.23548
3020752,243.9911
3020753,66.23548
3020754,1463.9601
3020755,1815.075
3020756,1821.5419
3020757,1705.3156
3020758,1707.2235
3020759,1972.4167
3020760,1514.8289
3020761,1839.5215
3020762,1980.1611
3020763,1980.1611
3020764,1855.5477
3020765,1448.7877
3020766,1899.8734
3020767,2024.0848
3020768,2015.2308
3020769,1901.5227
3020770,-3.6867602
3020771,-3.6867602
3020772,-3.6867602
3020773,-3.6867602
3020774,-3.6867602
3020775,-3.6867602
3020776,-3.6867602
3020777,-3.6867602
3020778,-3.6867602
3020779,-3.6867602
3020780,-3.6867602
3020781,-3.6867602
3020782,-3.6867602
3020783,-3.6867602
3020784,-3.6867602
3020785,-3.6867602
3020786,174.29361
3020787,-3.0919616
3020788,-3.0919616
3020789,-3.0919616
3020790,-3.0919616
3020791,-3.0919616
3020792,-3.0919616
3020793,174.29361
3020794,-3.0919616
3020795,-3.0919616
3020796,174.29361
3020797,-3.0919616
3020798,-3.0919616
3020799,-3.0919616
3020800,-3.0919616
3020801,-3.0919616
3020802,-3.6867602
3020803,-3.6867602
3020804,994.488
3020805,66.57381
3020806,66.57381
3020807,66.57381
3020808,66.57381
3020809,66.57381
3020810,66.57381
3020811,1001.18024
3020812,66.57381
3020813,66.57381
3020814,66.57381
3020815,66.57381
3020816,66.57381
3020817,66.57381
3020818,-3.6867602
3020819,-3.6867602
3020820,-3.6867602
3020821,-3.6867602
3020822,-3.6867602
3020823,-3.6867602
3020824,-3.6867602
3020825,-3.6867602
3020826,-3.6867602
3020827,-3.6867602
3020828,-3.6867602
3020829,-3.6867602
3020830,-3.6867602
3020831,-3.6867602
3020832,-3.6867602
3020833,-3.6867602
3020834,2688.4968
3020835,676.59326
3020836,663.86816
3020837,1017.9081
3020838,1002.7603
3020839,613.97974
3020840,676.59326
3020841,2639.4807
3020842,447.96622
3020843,447.96622
3020844,560.4578
3020845,444.3242
3020846,444.3242
3020847,444.3242
3020848,2688.8828
3020849,395.47885
3020850,1585.3186
3020851,32.4729
3020852,32.4729
3020853,32.4729
3020854,32.4729
3020855,32.4729
3020856,32.4729
3020857,-20.351524
3020858,-20.351524
3020859,-20.351524
3020860,-20.351524
3020861,-20.351524
3020862,-20.351524
3020863,-20.351524
3020864,-20.351524
3020865,-20.351524
3020866,-1.8491474
3020867,-1.8491474
3020868,715.2571
3020869,-1.2543479
3020870,-1.2543479
3020871,-1.2543479
3020872,-1.2543479
3020873,-1.2543479
3020874,176.13124
3020875,661.2461
3020876,158.27548
3020877,157.62888
3020878,157.62888
3020879,-19.756725
3020880,209.85849
3020881,-19.756725
3020882,-3.9125173
3020883,-3.9125173
3020884,-3.9125173
3020885,-3.9125173
3020886,-3.9125173
3020887,-3.9125173
3020888,-3.9125173
3020889,-3.9125173
3020890,-3.9125173
3020891,-3.9125173
3020892,-3.9125173
3020893,-3.9125173
3020894,-3.9125173
3020895,-3.9125173
3020896,-3.9125173
3020897,-3.9125173
3020898,-3.9125173
3020899,-3.9125173
3020900,-3.9125173
3020901,-3.9125173
3020902,-3.9125173
3020903,-3.9125173
3020904,-3.9125173
3020905,-3.9125173
3020906,-3.9125173
3020907,-3.9125173
3020908,-3.9125173
3020909,-3.9125173
3020910,-3.9125173
3020911,-3.9125173
3020912,-3.9125173
3020913,-3.9125173
3020914,658.2903
3020915,274.465
3020916,-3.3177173
3020917,274.465
3020918,274.465
3020919,-3.3177173
3020920,-3.3177173
3020921,274.465
3020922,274.465
3020923,273.26367
3020924,273.26367
3020925,273.26367
3020926,273.26367
3020927,273.26367
3020928,272.61707
3020929,272.61707
3020930,1871.2001
3020931,2185.981
3020932,2268.357
3020933,2186.4622
3020934,2260.8218
3020935,2264.7305
3020936,2159.0715
3020937,2157.6719
3020938,2263.1643
3020939,2260.5403
3020940,2263.1643
3020941,2263.1643
3020942,2263.1643
3020943,2259.692
3020944,2261.1821
3020945,2261.1821
3020946,-3.8956227
3020947,-3.8956227
3020948,-3.8956227
3020949,-3.8956227
3020950,-3.8956227
3020951,-3.8956227
3020952,-3.8956227
3020953,-3.8956227
3020954,-3.8956227
3020955,-3.8956227
3020956,-3.8956227
3020957,-3.8956227
3020958,-3.8956227
3020959,-3.8956227
3020960,-3.8956227
3020961,-3.8956227
3020962,2582.5605
3020963,2273.3171
3020964,1759.0865
3020965,1288.646
3020966,3219.6104
3020967,2051.8374
3020968,2565.852
3020969,2051.6204
3020970,1025.5315
3020971,1025.5315
3020972,1025.5315
3020973,3222.9995
3020974,1022.2433
3020975,1022.2433
3020976,996.6192
3020977,996.6192
3020978,-3.8956227
3020979,-3.8956227
3020980,-3.8956227
3020981,-3.8956227
3020982,-3.8956227
3020983,-3.8956227
3020984,-3.8956227
3020985,-3.8956227
3020986,-3.8956227
3020987,-3.8956227
3020988,-3.8956227
3020989,-3.8956227
3020990,-3.8956227
3020991,-3.8956227
3020992,-3.8956227
3020993,-3.8956227
3020994,1414.8485
3020995,1548.3636
3020996,1749.7727
3020997,1856.0881
3020998,1880.806
3020999,1880.5889
3021000,1849.3813
3021001,1853.1989
3021002,1853.1989
3021003,1853.1223
3021004,1853.1223
3021005,1853.1223
3021006,1853.1223
3021007,1853.1223
3021008,1853.1223
3021009,1852.2739
3021010,3018.0256
3021011,1913.6057
3021012,1683.7148
3021013,1683.7148
3021014,1683.6383
3021015,1757.119
3021016,1757.119
3021017,2910.8948
3021018,2409.8462
3021019,1898.7262
3021020,1893.2719
3021021,2383.9316
3021022,1893.2719
3021023,2388.667
3021024,2910.8948
3021025,2251.4136
3021026,1758.496
3021027,1034.8687
3021028,1315.3069
3021029,1723.3273
3021030,1748.5596
3021031,1774.1837
3021032,2288.0554
3021033,1788.5192
3021034,1317.8896
3021035,1485.8875
3021036,1791.8898
3021037,1791.7233
3021038,1791.7233
3021039,1799.447
3021040,1303.1934
3021041,1303.1934
3021042,274.4819
3021043,274.4819
3021044,274.4819
3021045,274.4819
3021046,274.4819
3021047,1225.3688
3021048,360.8019
3021049,360.8019
3021050,360.8019
3021051,360.8019
3021052,360.8019
3021053,360.8019
3021054,1461.3329
3021055,360.8019
3021056,360.8019
3021057,360.8019
3021058,274.4819
3021059,-3.3008227
3021060,-3.3008227
3021061,1943.7833
3021062,83.24838
3021063,83.24838
3021064,83.24838
3021065,83.38965
3021066,83.38965
3021067,83.38965
3021068,1968.0972
3021069,83.16064
3021070,83.16064
3021071,360.9432
3021072,360.8019
3021073,360.8019
3021074,4072.4414
3021075,2464.2957
3021076,2464.4058
3021077,2424.7031
3021078,2464.7732
3021079,2751.991
3021080,3444.3257
3021081,2692.5374
3021082,2692.5374
3021083,2692.5374
3021084,2748.468
3021085,2732.058
3021086,2434.3435
3021087,2414.9949
3021088,3755.4026
3021089,3754.8508
3021090,-4.1676106
3021091,-4.1676106
3021092,-4.1676106
3021093,-4.1676106
3021094,695.82666
3021095,-3.5728104
3021096,-3.5728104
3021097,-3.5728104
3021098,-3.5728104
3021099,-3.5728104
3021100,-3.5728104
3021101,803.81134
3021102,-22.075186
3021103,-22.075186
3021104,-22.075186
3021105,-22.075186
3021106,-4.1676106
3021107,-4.1676106
3021108,-4.1676106
3021109,-4.1676106
3021110,-4.1676106
3021111,-4.1676106
3021112,-4.1676106
3021113,-4.1676106
3021114,-4.1676106
3021115,-4.1676106
3021116,-4.1676106
3021117,-4.1676106
3021118,-4.1676106
3021119,-4.1676106
3021120,-4.1676106
3021121,-4.1676106
3021122,284.74115
3021123,-3.5728104
3021124,-3.5728104
3021125,-3.5728104
3021126,174.1828
3021127,-3.5728104
3021128,-3.5728104
3021129,-3.5728104
3021130,-3.5728104
3021131,174.1828
3021132,174.1828
3021133,-3.5728104
3021134,-3.5728104
3021135,174.1828
3021136,-3.5728104
3021137,-3.5728104
3021138,695.82666
3021139,174.1828
3021140,266.06363
3021141,208.55669
3021142,208.55669
3021143,208.55669
3021144,207.91008
3021145,265.41702
3021146,317.64658
3021147,155.68044
3021148,317.64658
3021149,-22.075186
3021150,155.68044
3021151,-22.075186
3021152,-22.075186
3021153,265.41702
3021154,-4.1676106
3021155,-4.1676106
3021156,-4.1676106
3021157,-4.1676106
3021158,-4.1676106
3021159,-4.1676106
3021160,-4.1676106
3021161,-4.1676106
3021162,-4.1676106
3021163,-4.1676106
3021164,-4.1676106
3021165,-4.1676106
3021166,-4.1676106
3021167,-4.1676106
3021168,-4.1676106
3021169,-4.1676106
3021170,1458.2422
3021171,1820.1674
3021172,1820.1674
3021173,1820.1674
3021174,1703.941
3021175,1379.2485
3021176,1971.0422
3021177,1513.4543
3021178,1970.9181
3021179,1970.9181
3021180,1437.9586
3021181,1850.9236
3021182,1393.2427
3021183,1393.2427
3021184,921.6762
3021185,793.9724
3021186,-4.0250845
3021187,-4.0250845
3021188,-4.0250845
3021189,-4.0250845
3021190,-4.0250845
3021191,-4.0250845
3021192,-4.0250845
3021193,-4.0250845
3021194,-4.0250845
3021195,-4.0250845
3021196,-4.0250845
3021197,-4.0250845
3021198,-4.0250845
3021199,-4.0250845
3021200,-4.0250845
3021201,-4.0250845
3021202,1572.1011
3021203,30.296978
3021204,30.296978
3021205,30.296978
3021206,30.296978
3021207,30.296978
3021208,428.48236
3021209,-21.932661
3021210,-21.932661
3021211,-21.932661
3021212,-21.932661
3021213,-21.932661
3021214,-21.932661
3021215,339.94385
3021216,-21.932661
3021217,-21.932661
3021218,738.8984
3021219,-3.4302852
3021220,340.59045
3021221,380.39685
3021222,208.05261
3021223,208.05261
3021224,30.296978
3021225,208.05261
3021226,317.7891
3021227,-21.932661
3021228,265.55957
3021229,155.82297
3021230,155.82297
3021231,-21.932661
3021232,-21.932661
3021233,339.71484
3021234,1826.4971
3021235,772.77924
3021236,415.91785
3021237,772.40894
3021238,772.40894
3021239,353.7277
3021240,236.07144
3021241,353.7277
3021242,353.7277
3021243,415.68884
3021244,428.11206
3021245,353.869
3021246,30.067966
3021247,207.8236
3021248,207.8236
3021249,207.8236
3021250,-4.0250845
3021251,-4.0250845
3021252,-4.0250845
3021253,-4.0250845
3021254,-4.0250845
3021255,-4.0250845
3021256,-4.0250845
3021257,-4.0250845
3021258,-4.0250845
3021259,-4.0250845
3021260,-4.0250845
3021261,-4.0250845
3021262,-4.0250845
3021263,-4.0250845
3021264,-4.0250845
3021265,-4.0250845
3021266,-4.0250845
3021267,1490.7988
3021268,66.46449
3021269,66.46449
3021270,66.46449
3021271,66.46449
3021272,66.46449
3021273,66.46449
3021274,1515.1127
3021275,66.23548
3021276,66.23548
3021277,66.23548
3021278,66.23548
3021279,66.23548
3021280,66.23548
3021281,984.34686
3021282,1492.1733
3021283,1821.5419
3021284,1364.0781
3021285,1364.0781
3021286,1707.2235
3021287,1882.5856
3021288,1514.953
3021289,1841.4294
3021290,1972.2926
3021291,1853.8569
3021292,1853.8569
3021293,1979.944
3021294,1855.5477
3021295,1986.2749
3021296,1986.0901
3021297,1989.9987
3021298,-3.6867602
3021299,-3.6867602
3021300,-3.6867602
3021301,-3.6867602
3021302,-3.6867602
3021303,-3.6867602
3021304,-3.6867602
3021305,-3.6867602
3021306,-3.6867602
3021307,-3.6867602
3021308,-3.6867602
3021309,-3.6867602
3021310,-3.6867602
3021311,-3.6867602
3021312,-3.6867602
3021313,-3.6867602
3021314,-3.6867602
3021315,-3.6867602
3021316,-3.6867602
3021317,-3.6867602
3021318,-3.6867602
3021319,-3.6867602
3021320,-3.6867602
3021321,-3.6867602
3021322,-3.6867602
3021323,-3.6867602
3021324,-3.6867602
3021325,-3.6867602
3021326,-3.6867602
3021327,-3.6867602
3021328,-3.6867602
3021329,-3.6867602
3021330,174.29361
3021331,174.29361
3021332,1454.258
3021333,66.944084
3021334,244.32967
3021335,66.944084
3021336,66.944084
3021337,244.32967
3021338,244.32967
3021339,1486.8677
3021340,243.9594
3021341,243.9594
3021342,243.9594
3021343,243.9594
3021344,66.57381
3021345,66.57381
3021346,-3.6867602
3021347,-3.6867602
3021348,284.85196
3021349,-3.0919616
3021350,-3.0919616
3021351,-3.0919616
3021352,-3.0919616
3021353,-3.0919616
3021354,-3.0919616
3021355,284.85196
3021356,-3.0919616
3021357,-3.0919616
3021358,-3.0919616
3021359,-3.0919616
3021360,-3.0919616
3021361,-3.0919616
3021362,2746.6116
3021363,295.65604
3021364,508.09445
3021365,508.09445
3021366,508.09445
3021367,508.09445
3021368,2637.2104
3021369,445.99368
3021370,445.99368
3021371,445.99368
3021372,445.99368
3021373,445.99368
3021374,445.99368
3021375,2752.4114
3021376,504.04764
3021377,504.04764
3021378,1585.3186
3021379,395.09793
3021380,332.9955
3021381,748.76764
3021382,728.6055
3021383,394.72763
3021384,394.72763
3021385,748.76764
3021386,332.7665
3021387,407.15085
3021388,407.15085
3021389,748.76764
3021390,728.6055
3021391,332.7665
3021392,394.72763
3021393,407.15085
3021394,-1.8491474
3021395,-1.8491474
3021396,-1.8491474
3021397,338.30685
3021398,-1.2543479
3021399,-1.2543479
3021400,-1.2543479
3021401,-1.2543479
3021402,-1.2543479
3021403,-1.2543479
3021404,263.92252
3021405,-1.2543479
3021406,-1.2543479
3021407,-1.2543479
3021408,-1.2543479
3021409,-1.2543479
3021410,-3.9125173
3021411,-3.9125173
3021412,-3.9125173
3021413,-3.9125173
3021414,-3.9125173
3021415,-3.9125173
3021416,-3.9125173
3021417,-3.9125173
3021418,-3.9125173
3021419,-3.9125173
3021420,-3.9125173
3021421,-3.9125173
3021422,-3.9125173
3021423,-3.9125173
3021424,-3.9125173
3021425,-3.9125173
3021426,-3.9125173
3021427,-3.9125173
3021428,-3.9125173
3021429,-3.9125173
3021430,-3.9125173
3021431,-3.9125173
3021432,-3.9125173
3021433,-3.9125173
3021434,-3.9125173
3021435,-3.9125173
3021436,-3.9125173
3021437,-3.9125173
3021438,-3.9125173
3021439,-3.9125173
3021440,-3.9125173
3021441,-3.9125173
3021442,639.50446
3021443,274.465
3021444,274.465
3021445,274.465
3021446,274.465
3021447,-3.3177173
3021448,-3.3177173
3021449,-3.3177173
3021450,-3.3177173
3021451,-3.3177173
3021452,274.465
3021453,-3.3177173
3021454,273.26367
3021455,273.26367
3021456,273.26367
3021457,273.26367
3021458,1863.3546
3021459,2207.9736
3021460,2247.4429
3021461,2292.1711
3021462,2291.954
3021463,2260.8218
3021464,2264.564
3021465,2264.564
3021466,2260.5403
3021467,2263.1643
3021468,2263.1643
3021469,2263.1643
3021470,2263.1643
3021471,2294.1606
3021472,2294.1606
3021473,2261.1821
3021474,-3.8956227
3021475,-3.8956227
3021476,-3.8956227
3021477,-3.8956227
3021478,-3.8956227
3021479,-3.8956227
3021480,-3.8956227
3021481,-3.8956227
3021482,-3.8956227
3021483,-3.8956227
3021484,-3.8956227
3021485,-3.8956227
3021486,-3.8956227
3021487,-3.8956227
3021488,-3.8956227
3021489,-3.8956227
3021490,2045.1731
3021491,1740.3008
3021492,1740.3008
3021493,1740.3008
3021494,1718.1135
3021495,2009.2386
3021496,2547.2832
3021497,2023.5741
3021498,971.8601
3021499,971.8601
3021500,971.8601
3021501,1631.1909
3021502,941.5165
3021503,945.425
3021504,743.8497
3021505,743.8497
3021506,-3.8956227
3021507,-3.8956227
3021508,-3.8956227
3021509,274.4819
3021510,-3.3008227
3021511,-3.3008227
3021512,-3.3008227
3021513,-3.3008227
3021514,-3.3008227
3021515,-3.3008227
3021516,-3.8956227
3021517,-3.8956227
3021518,-3.8956227
3021519,-3.8956227
3021520,274.4819
3021521,-3.3008227
3021522,1412.6677
3021523,2224.5664
3021524,1838.9854
3021525,1749.7727
3021526,2090.623
3021527,1880.806
3021528,2134.204
3021529,2114.0835
3021530,2129.7249
3021531,2117.8257
3021532,2137.8103
3021533,2117.8257
3021534,2137.7336
3021535,1884.1184
3021536,2099.6538
3021537,1884.1184
3021538,2952.7034
3021539,2386.7468
3021540,2399.5093
3021541,2386.6108
3021542,1865.5574
3021543,2368.1924
3021544,2343.0938
3021545,2845.7622
3021546,1182.1068
3021547,848.65875
3021548,908.2523
3021549,1241.8302
3021550,1241.8302
3021551,908.3822
3021552,2958.2861
3021553,1240.1606
3021554,1758.496
3021555,853.4877
3021556,1315.3069
3021557,1071.4418
3021558,1258.207
3021559,1258.207
3021560,1284.7684
3021561,1273.4797
3021562,1272.5425
3021563,1445.1666
3021564,1272.9418
3021565,1272.0045
3021566,1112.9631
3021567,1275.7466
3021568,1112.9631
3021569,1112.9631
3021570,274.4819
3021571,274.4819
3021572,274.4819
3021573,274.4819
3021574,274.4819
3021575,1917.3129
3021576,361.0309
3021577,361.0309
3021578,361.0309
3021579,361.0309
3021580,360.8019
3021581,360.8019
3021582,1941.462
3021583,360.8019
3021584,360.8019
3021585,360.8019
3021586,274.4819
3021587,-3.3008227
3021588,-3.3008227
3021589,2086.3264
3021590,47.080868
3021591,47.080868
3021592,47.080868
3021593,324.86334
3021594,47.080868
3021595,47.080868
3021596,2085.2346
3021597,46.851856
3021598,46.851856
3021599,360.9432
3021600,46.851856
3021601,360.9432
3021602,4004.8762
3021603,2452.17
3021604,2464.4058
3021605,2442.0156
3021606,2408.9841
3021607,2419.6516
3021608,2692.5374
3021609,2418.5178
3021610,2463.4016
3021611,2418.5178
3021612,2426.165
3021613,2414.9949
3021614,2430.6155
3021615,2434.3435
3021616,3664.283
3021617,3687.286
3021618,-4.1676106
3021619,-4.1676106
3021620,-4.1676106
3021621,-4.1676106
3021622,340.33963
3021623,-3.5728104
3021624,-3.5728104
3021625,-3.5728104
3021626,-3.5728104
3021627,-3.5728104
3021628,-3.5728104
3021629,265.95535
3021630,-3.5728104
3021631,-3.5728104
3021632,-3.5728104
3021633,-3.5728104
3021634,-4.1676106
3021635,-4.1676106
3021636,-4.1676106
3021637,-4.1676106
3021638,-4.1676106
3021639,-4.1676106
3021640,-4.1676106
3021641,-4.1676106
3021642,-4.1676106
3021643,-4.1676106
3021644,-4.1676106
3021645,-4.1676106
3021646,-4.1676106
3021647,-4.1676106
3021648,-4.1676106
3021649,-4.1676106
3021650,265.95535
3021651,-3.5728104
3021652,-3.5728104
3021653,-3.5728104
3021654,-3.5728104
3021655,174.1828
3021656,174.1828
3021657,174.1828
3021658,174.1828
3021659,-3.5728104
3021660,-3.5728104
3021661,247.27776
3021662,156.32704
3021663,156.32704
3021664,156.32704
3021665,156.32704
3021666,677.04083
3021667,-3.5728104
3021668,247.27776
3021669,299.5074
3021670,30.80106
3021671,30.80106
3021672,30.80106
3021673,156.32704
3021674,-21.428577
3021675,-21.428577
3021676,156.32704
3021677,155.68044
3021678,-22.075186
3021679,321.0155
3021680,155.68044
3021681,155.68044
3021682,-4.1676106
3021683,-4.1676106
3021684,-4.1676106
3021685,-4.1676106
3021686,-4.1676106
3021687,-4.1676106
3021688,-4.1676106
3021689,-4.1676106
3021690,-4.1676106
3021691,-4.1676106
3021692,-4.1676106
3021693,-4.1676106
3021694,-4.1676106
3021695,-4.1676106
3021696,-4.1676106
3021697,-4.1676106
3021698,1580.521
3021699,873.70654
3021700,1801.3816
3021701,873.2888
3021702,1343.9178
3021703,1360.4628
3021704,890.0224
3021705,1360.4628
3021706,1817.9265
3021707,889.7095
3021708,1360.3386
3021709,889.7095
3021710,903.1076
3021711,904.0449
3021712,903.1076
3021713,740.1068
3021714,-4.0250845
3021715,-4.0250845
3021716,-4.0250845
3021717,-4.0250845
3021718,-4.0250845
3021719,-4.0250845
3021720,-4.0250845
3021721,-4.0250845
3021722,-4.0250845
3021723,-4.0250845
3021724,-4.0250845
3021725,-4.0250845
3021726,-4.0250845
3021727,-4.0250845
3021728,-4.0250845
3021729,-4.0250845
3021730,1458.2422
3021731,66.60576
3021732,66.60576
3021733,66.60576
3021734,66.60576
3021735,66.60576
3021736,66.60576
3021737,-22.52746
3021738,-22.52746
3021739,-22.52746
3021740,-22.52746
3021741,-22.52746
3021742,-22.52746
3021743,-22.52746
3021744,-22.52746
3021745,-22.52746
3021746,328.05896
3021747,-3.4302852
3021748,-3.4302852
3021749,-3.4302852
3021750,-3.4302852
3021751,-3.4302852
3021752,-3.4302852
3021753,-4.0250845
3021754,-4.0250845
3021755,-4.0250845
3021756,-4.0250845
3021757,-4.0250845
3021758,-4.0250845
3021759,-4.0250845
3021760,-4.0250845
3021761,-4.0250845
3021762,1331.4043
3021763,208.69922
3021764,373.38766
3021765,409.69656
3021766,66.60576
3021767,244.3614
3021768,66.60576
3021769,155.82297
3021770,-21.932661
3021771,155.82297
3021772,155.82297
3021773,155.82297
3021774,-21.932661
3021775,-21.932661
3021776,-21.932661
3021777,155.82297
3021778,-4.0250845
3021779,-4.0250845
3021780,-4.0250845
3021781,-4.0250845
3021782,-4.0250845
3021783,-4.0250845
3021784,-4.0250845
3021785,-4.0250845
3021786,-4.0250845
3021787,-4.0250845
3021788,-4.0250845
3021789,-4.0250845
3021790,-4.0250845
3021791,-4.0250845
3021792,-4.0250845
3021793,-4.0250845
3021794,-4.0250845
3021795,1462.5856
3021796,66.60576
3021797,66.60576
3021798,66.60576
3021799,66.60576
3021800,66.60576
3021801,66.60576
3021802,1765.0728
3021803,30.067966
3021804,30.067966
3021805,30.067966
3021806,30.067966
3021807,30.067966
3021808,30.067966
3021809,1486.8994
3021810,1463.9601
3021811,874.6633
3021812,1802.7561
3021813,1345.2924
3021814,1361.8373
3021815,1361.8373
3021816,1953.631
3021817,1819.1769
3021818,891.084
3021819,1819.1769
3021820,1833.5123
3021821,1961.3754
3021822,1853.6398
3021823,1855.5477
3021824,1853.5038
3021825,1960.8374
3021826,-3.6867602
3021827,-3.6867602
3021828,-3.6867602
3021829,-3.6867602
3021830,-3.6867602
3021831,-3.6867602
3021832,-3.6867602
3021833,-3.6867602
3021834,-3.6867602
3021835,-3.6867602
3021836,-3.6867602
3021837,-3.6867602
3021838,-3.6867602
3021839,-3.6867602
3021840,-3.6867602
3021841,-3.6867602
3021842,-3.6867602
3021843,-3.6867602
3021844,-3.6867602
3021845,-3.6867602
3021846,-3.6867602
3021847,-3.6867602
3021848,-3.6867602
3021849,-3.6867602
3021850,-3.6867602
3021851,-3.6867602
3021852,-3.6867602
3021853,-3.6867602
3021854,-3.6867602
3021855,-3.6867602
3021856,-3.6867602
3021857,-3.6867602
3021858,-3.6867602
3021859,-3.6867602
3021860,1580.4893
3021861,244.32967
3021862,244.32967
3021863,244.32967
3021864,244.32967
3021865,66.944084
3021866,244.1884
3021867,1638.0356
3021868,66.71507
3021869,66.71507
3021870,66.71507
3021871,66.71507
3021872,244.10066
3021873,66.71507
3021874,-3.6867602
3021875,-3.6867602
3021876,-3.6867602
3021877,-3.6867602
3021878,-3.6867602
3021879,-3.6867602
3021880,-3.6867602
3021881,-3.6867602
3021882,-3.6867602
3021883,-3.6867602
3021884,-3.6867602
3021885,-3.6867602
3021886,-3.6867602
3021887,-3.6867602
3021888,-3.6867602
3021889,-3.6867602
3021890,2565.9797
3021891,443.33102
3021892,443.33102
3021893,443.33102
3021894,443.33102
3021895,443.33102
3021896,2570.0645
3021897,492.3482
3021898,586.05426
3021899,492.3482
3021900,492.3482
3021901,492.3482
3021902,492.3482
3021903,2685.2654
3021904,490.36633
3021905,490.36633
3021906,1585.3186
3021907,32.4729
3021908,32.4729
3021909,32.4729
3021910,32.4729
3021911,32.4729
3021912,32.4729
3021913,-20.351524
3021914,-20.351524
3021915,-20.351524
3021916,-20.351524
3021917,-20.351524
3021918,-20.351524
3021919,-20.351524
3021920,-20.351524
3021921,-20.351524
3021922,-1.8491474
3021923,-1.8491474
3021924,-1.8491474
3021925,245.13669
3021926,-1.2543479
3021927,-1.2543479
3021928,-1.2543479
3021929,-1.2543479
3021930,-1.2543479
3021931,-1.2543479
3021932,176.13124
3021933,-1.2543479
3021934,-1.2543479
3021935,-1.2543479
3021936,-1.2543479
3021937,-1.2543479
3021938,-3.9125173
3021939,-3.9125173
3021940,-3.9125173
3021941,-3.9125173
3021942,-3.9125173
3021943,-3.9125173
3021944,-3.9125173
3021945,-3.9125173
3021946,-3.9125173
3021947,-3.9125173
3021948,-3.9125173
3021949,-3.9125173
3021950,-3.9125173
3021951,-3.9125173
3021952,-3.9125173
3021953,-3.9125173
3021954,-3.9125173
3021955,-3.9125173
3021956,-3.9125173
3021957,-3.9125173
3021958,-3.9125173
3021959,-3.9125173
3021960,-3.9125173
3021961,-3.9125173
3021962,-3.9125173
3021963,-3.9125173
3021964,-3.9125173
3021965,-3.9125173
3021966,-3.9125173
3021967,-3.9125173
3021968,-3.9125173
3021969,-3.9125173
3021970,639.50446
3021971,274.465
3021972,639.50446
3021973,274.465
3021974,637.4813
3021975,273.26367
3021976,689.711
3021977,689.0644
3021978,47.063972
3021979,-5.1656733
3021980,-5.1656733
3021981,272.61707
3021982,272.61707
3021983,-5.1656733
3021984,-5.1656733
3021985,-5.1656733
3021986,1927.4314
3021987,2196.9138
3021988,2223.8816
3021989,2223.8816
3021990,2429.7615
3021991,2480.618
3021992,2881.2007
3021993,2505.16
3021994,2187.5752
3021995,2195.465
3021996,2190.0684
3021997,2163.0686
3021998,2157.6719
3021999,2163.0686
3022000,2163.0686
3022001,2158.0725
3022002,-3.8956227
3022003,-3.8956227
3022004,-3.8956227
3022005,-3.8956227
3022006,-3.8956227
3022007,-3.8956227
3022008,-3.8956227
3022009,-3.8956227
3022010,-3.8956227
3022011,-3.8956227
3022012,-3.8956227
3022013,-3.8956227
3022014,-3.8956227
3022015,-3.8956227
3022016,-3.8956227
3022017,-3.8956227
3022018,2184.6528
3022019,2254.7603
3022020,2254.5312
3022021,2254.5312
3022022,1286.2164
3022023,2264.609
3022024,2472.4854
3022025,2437.305
3022026,2472.6128
3022027,2466.1458
3022028,2480.4812
3022029,2486.9482
3022030,2486.7312
3022031,2486.7312
3022032,2486.5952
3022033,2451.1025
3022034,-3.8956227
3022035,-3.8956227
3022036,-3.8956227
3022037,-3.8956227
3022038,-3.8956227
3022039,-3.8956227
3022040,-3.8956227
3022041,-3.8956227
3022042,-3.8956227
3022043,-3.8956227
3022044,-3.8956227
3022045,-3.8956227
3022046,-3.8956227
3022047,-3.8956227
3022048,-3.8956227
3022049,-3.8956227
3022050,1511.4674
3022051,2259.7097
3022052,1274.8502
3022053,2269.7874
3022054,2240.9465
3022055,2477.6638
3022056,2515.786
3022057,2471.3242
3022058,2456.9836
3022059,1507.2668
3022060,2044.8033
3022061,2044.8033
3022062,2500.9275
3022063,2500.9075
3022064,2533.3257
3022065,2504.4849
3022066,1248.2878
3022067,1663.6509
3022068,1870.9106
3022069,1915.4998
3022070,1936.7804
3022071,1944.955
3022072,1944.7378
3022073,1710.9689
3022074,2399.1885
3022075,2374.0898
3022076,2374.0898
3022077,2393.145
3022078,2393.145
3022079,2338.9104
3022080,2337.4768
3022081,2294.4487
3022082,1758.496
3022083,1016.08246
3022084,1315.3069
3022085,1704.5415
3022086,1729.7738
3022087,1755.398
3022088,1299.1039
3022089,1299.1039
3022090,1299.1039
3022091,1470.0173
3022092,1743.5713
3022093,2237.3708
3022094,1275.7466
3022095,1747.3134
3022096,2245.4758
3022097,1284.4076
3022098,274.4819
3022099,-3.3008227
3022100,1207.7473
3022101,83.24838
3022102,83.24838
3022103,83.24838
3022104,83.24838
3022105,83.24838
3022106,83.24838
3022107,1231.2329
3022108,83.01937
3022109,83.01937
3022110,83.01937
3022111,83.01937
3022112,83.01937
3022113,83.01937
3022114,274.4819
3022115,-3.3008227
3022116,-3.3008227
3022117,-3.3008227
3022118,-3.3008227
3022119,-3.3008227
3022120,-3.3008227
3022121,-3.8956227
3022122,-3.8956227
3022123,274.4819
3022124,-3.3008227
3022125,-3.3008227
3022126,-3.3008227
3022127,274.4819
3022128,274.4819
3022129,274.4819
3022130,2140.617
3022131,2289.061
3022132,2323.17
3022133,2291.8208
3022134,2268.5513
3022135,2295.563
3022136,2469.9316
3022137,2295.4863
3022138,2442.0156
3022139,2361.0608
3022140,2422.721
3022141,2407.002
3022142,2401.0894
3022143,2297.2866
3022144,2544.939
3022145,2468.0571
3022146,-4.1676106
3022147,-4.1676106
3022148,-4.1676106
3022149,-4.1676106
3022150,-4.1676106
3022151,-4.1676106
3022152,-4.1676106
3022153,-4.1676106
3022154,-4.1676106
3022155,-4.1676106
3022156,-4.1676106
3022157,-4.1676106
3022158,-4.1676106
3022159,-4.1676106
3022160,-4.1676106
3022161,-4.1676106
3022162,-4.1676106
3022163,-4.1676106
3022164,-4.1676106
3022165,-4.1676106
3022166,-4.1676106
3022167,-4.1676106
3022168,-4.1676106
3022169,-4.1676106
3022170,-4.1676106
3022171,-4.1676106
3022172,-4.1676106
3022173,-4.1676106
3022174,-4.1676106
3022175,-4.1676106
3022176,-4.1676106
3022177,-4.1676106
3022178,265.95535
3022179,174.1828
3022180,-3.5728104
3022181,265.95535
3022182,174.1828
3022183,-3.5728104
3022184,-3.5728104
3022185,-3.5728104
3022186,-3.5728104
3022187,-3.5728104
3022188,174.1828
3022189,156.32704
3022190,156.32704
3022191,-21.428577
3022192,-21.428577
3022193,-21.428577
3022194,677.04083
3022195,-3.5728104
3022196,-3.5728104
3022197,-3.5728104
3022198,-3.5728104
3022199,174.1828
3022200,-3.5728104
3022201,-3.5728104
3022202,156.32704
3022203,247.27776
3022204,247.27776
3022205,155.68044
3022206,246.63115
3022207,373.24512
3022208,298.86078
3022209,207.91008
3022210,-4.1676106
3022211,-4.1676106
3022212,-4.1676106
3022213,-4.1676106
3022214,-4.1676106
3022215,-4.1676106
3022216,-4.1676106
3022217,-4.1676106
3022218,-4.1676106
3022219,-4.1676106
3022220,-4.1676106
3022221,-4.1676106
3022222,-4.1676106
3022223,-4.1676106
3022224,-4.1676106
3022225,-4.1676106
3022226,1737.9702
3022227,753.9934
3022228,397.13205
3022229,873.47754
3022230,873.47754
3022231,396.90305
3022232,753.6231
3022233,753.6231
3022234,396.90305
3022235,710.694
3022236,710.694
3022237,873.2888
3022238,334.9419
3022239,710.694
3022240,401.47684
3022241,325.1017
3022242,-4.0250845
3022243,-4.0250845
3022244,-4.0250845
3022245,-4.0250845
3022246,-4.0250845
3022247,-4.0250845
3022248,-4.0250845
3022249,-4.0250845
3022250,-4.0250845
3022251,-4.0250845
3022252,-4.0250845
3022253,-4.0250845
3022254,-4.0250845
3022255,-4.0250845
3022256,-4.0250845
3022257,-4.0250845
3022258,1458.2422
3022259,66.60576
3022260,66.60576
3022261,66.60576
3022262,66.60576
3022263,66.60576
3022264,66.60576
3022265,665.45496
3022266,-21.932661
3022267,-21.932661
3022268,-21.932661
3022269,-21.932661
3022270,-21.932661
3022271,-21.932661
3022272,665.22595
3022273,-22.161673
3022274,720.11255
3022275,-3.4302852
3022276,-3.4302852
3022277,-3.4302852
3022278,-3.4302852
3022279,-3.4302852
3022280,174.32533
3022281,-3.4302852
3022282,-3.4302852
3022283,-3.4302852
3022284,-3.4302852
3022285,-3.4302852
3022286,-3.4302852
3022287,-4.0250845
3022288,-4.0250845
3022289,-4.0250845
3022290,820.95935
3022291,374.03427
3022292,711.0643
3022293,873.47754
3022294,243.9911
3022295,334.9419
3022296,243.9911
3022297,334.9419
3022298,243.9911
3022299,409.46756
3022300,360.73544
3022301,335.0832
3022302,335.0832
3022303,244.13237
3022304,207.8236
3022305,207.8236
3022306,-4.0250845
3022307,-4.0250845
3022308,-4.0250845
3022309,-4.0250845
3022310,-4.0250845
3022311,-4.0250845
3022312,-4.0250845
3022313,-4.0250845
3022314,-4.0250845
3022315,-4.0250845
3022316,-4.0250845
3022317,-4.0250845
3022318,-4.0250845
3022319,-4.0250845
3022320,-4.0250845
3022321,-4.0250845
3022322,-4.0250845
3022323,-4.0250845
3022324,913.7002
3022325,58.31576
3022326,58.31576
3022327,58.31576
3022328,58.31576
3022329,58.31576
3022330,58.31576
3022331,954.375
3022332,56.101055
3022333,56.101055
3022334,56.101055
3022335,56.101055
3022336,56.101055
3022337,56.101055
3022338,1463.9601
3022339,1637.5339
3022340,1796.2892
3022341,1812.8341
3022342,1707.2235
3022343,1025.727
3022344,1953.5068
3022345,1841.4294
3022346,861.6932
3022347,1967.8423
3022348,1967.8423
3022349,1763.8085
3022350,1961.1582
3022351,1039.5325
3022352,905.0663
3022353,1967.3043
3022354,-3.6867602
3022355,174.29361
3022356,-3.0919616
3022357,-3.0919616
3022358,-3.0919616
3022359,-3.0919616
3022360,-3.0919616
3022361,-3.0919616
3022362,-3.6867602
3022363,-3.6867602
3022364,-3.6867602
3022365,-3.6867602
3022366,-3.6867602
3022367,-3.6867602
3022368,-3.6867602
3022369,-3.6867602
3022370,174.29361
3022371,-3.0919616
3022372,-3.0919616
3022373,-3.0919616
3022374,-3.0919616
3022375,174.29361
3022376,174.29361
3022377,-3.0919616
3022378,-3.0919616
3022379,-3.0919616
3022380,-3.0919616
3022381,-3.0919616
3022382,174.29361
3022383,-3.0919616
3022384,-3.0919616
3022385,-3.0919616
3022386,174.29361
3022387,-3.0919616
3022388,994.488
3022389,243.9594
3022390,66.57381
3022391,66.57381
3022392,66.57381
3022393,66.57381
3022394,66.57381
3022395,1001.18024
3022396,66.57381
3022397,66.57381
3022398,66.57381
3022399,66.57381
3022400,66.57381
3022401,66.57381
3022402,-3.6867602
3022403,-3.6867602
3022404,-3.6867602
3022405,-3.6867602
3022406,-3.6867602
3022407,-3.6867602
3022408,-3.6867602
3022409,-3.6867602
3022410,-3.6867602
3022411,-3.6867602
3022412,-3.6867602
3022413,-3.6867602
3022414,-3.6867602
3022415,-3.6867602
3022416,-3.6867602
3022417,-3.6867602
3022418,2620.9316
3022419,999.1223
3022420,999.1223
3022421,645.08234
3022422,983.9745
3022423,657.80743
3022424,657.80743
3022425,2621.3176
3022426,541.6722
3022427,447.96622
3022428,541.6722
3022429,447.96622
3022430,447.96622
3022431,447.96622
3022432,2617.7947
3022433,183.15942
3022434,1576.8987
3022435,32.4729
3022436,32.4729
3022437,32.4729
3022438,32.4729
3022439,32.4729
3022440,32.4729
3022441,-20.351524
3022442,-20.351524
3022443,-20.351524
3022444,-20.351524
3022445,-20.351524
3022446,-20.351524
3022447,-20.351524
3022448,-20.351524
3022449,-20.351524
3022450,-1.8491474
3022451,-1.8491474
3022452,319.52103
3022453,-1.2543479
3022454,-1.2543479
3022455,-1.2543479
3022456,-1.2543479
3022457,-1.2543479
3022458,-1.2543479
3022459,245.13669
3022460,-1.2543479
3022461,-1.2543479
3022462,-1.2543479
3022463,176.13124
3022464,-1.2543479
3022465,-1.2543479
3022466,-3.9125173
3022467,-3.9125173
3022468,-3.9125173
3022469,-3.9125173
3022470,-3.9125173
3022471,-3.9125173
3022472,-3.9125173
3022473,-3.9125173
3022474,-3.9125173
3022475,-3.9125173
3022476,-3.9125173
3022477,-3.9125173
3022478,-3.9125173
3022479,-3.9125173
3022480,-3.9125173
3022481,-3.9125173
3022482,-3.9125173
3022483,-3.9125173
3022484,-3.9125173
3022485,-3.9125173
3022486,-3.9125173
3022487,-3.9125173
3022488,-3.9125173
3022489,-3.9125173
3022490,-3.9125173
3022491,-3.9125173
3022492,-3.9125173
3022493,-3.9125173
3022494,-3.9125173
3022495,-3.9125173
3022496,-3.9125173
3022497,-3.9125173
3022498,639.50446
3022499,-3.3177173
3022500,274.465
3022501,639.50446
3022502,639.50446
3022503,637.4813
3022504,325.49304
3022505,273.26367
3022506,325.49304
3022507,-4.519066
3022508,-4.519066
3022509,272.61707
3022510,-5.1656733
3022511,272.61707
3022512,272.61707
3022513,-5.1656733
3022514,2414.4111
3022515,361.014
3022516,2196.9138
3022517,2605.0105
3022518,2228.2249
3022519,2806.4028
3022520,2868.7542
3022521,2434.7427
3022522,2186.4622
3022523,2291.818
3022524,2190.0684
3022525,2160.3206
3022526,2263.1643
3022527,2263.1643
3022528,2158.921
3022529,2158.921
3022530,-3.8956227
3022531,-3.8956227
3022532,-3.8956227
3022533,-3.8956227
3022534,-3.8956227
3022535,-3.8956227
3022536,-3.8956227
3022537,-3.8956227
3022538,-3.8956227
3022539,-3.8956227
3022540,-3.8956227
3022541,-3.8956227
3022542,-3.8956227
3022543,-3.8956227
3022544,-3.8956227
3022545,-3.8956227
3022546,2184.6528
3022547,47.727474
3022548,1740.5298
3022549,1740.3008
3022550,2248.064
3022551,2271.0762
3022552,1756.8457
3022553,2264.609
3022554,2271.0762
3022555,2437.305
3022556,1487.7527
3022557,2330.038
3022558,2451.6404
3022559,2486.7312
3022560,2486.7312
3022561,2486.7312
3022562,-3.8956227
3022563,-3.8956227
3022564,-3.8956227
3022565,-3.8956227
3022566,-3.8956227
3022567,-3.8956227
3022568,-3.8956227
3022569,-3.8956227
3022570,-3.8956227
3022571,-3.8956227
3022572,-3.8956227
3022573,-3.8956227
3022574,-3.8956227
3022575,-3.8956227
3022576,-3.8956227
3022577,-3.8956227
3022578,1511.4674
3022579,83.01937
3022580,1745.4795
3022581,2259.7097
3022582,2276.2546
3022583,2276.2546
3022584,1128.8003
3022585,2276.2546
3022586,2269.9148
3022587,1762.1519
3022588,2284.2502
3022589,2284.2502
3022590,2334.9995
3022591,2456.6018
3022592,2491.9097
3022593,1506.9137
3022594,1248.2878
3022595,75.09964
3022596,1663.6509
3022597,1870.9106
3022598,1915.4998
3022599,1921.1407
3022600,1964.938
3022601,1701.5507
3022602,2370.6685
3022603,2386.6108
3022604,2360.869
3022605,1952.9977
3022606,2364.776
3022607,1958.8481
3022608,1928.8042
3022609,1958.7716
3022610,1758.496
3022611,83.38965
3022612,1163.121
3022613,1993.3146
3022614,2194.7231
3022615,2219.831
3022616,1729.7738
3022617,2219.831
3022618,1744.1093
3022619,1471.1881
3022620,2259.253
3022621,2263.1616
3022622,2262.995
3022623,1772.9375
3022624,2271.1
3022625,2271.1
3022626,274.4819
3022627,-3.3008227
3022628,1206.9191
3022629,83.24838
3022630,83.24838
3022631,83.24838
3022632,83.24838
3022633,83.24838
3022634,83.24838
3022635,1231.2329
3022636,83.01937
3022637,83.01937
3022638,83.01937
3022639,83.01937
3022640,83.01937
3022641,83.01937
3022642,274.4819
3022643,-3.3008227
3022644,-3.3008227
3022645,-3.3008227
3022646,-3.3008227
3022647,-3.3008227
3022648,-3.3008227
3022649,-3.8956227
3022650,274.4819
3022651,-3.3008227
3022652,-3.3008227
3022653,-3.3008227
3022654,-3.3008227
3022655,274.4819
3022656,274.4819
3022657,274.4819
3022658,2144.249
3022659,98.46626
3022660,2289.061
3022661,2323.17
3022662,2291.8208
3022663,2295.563
3022664,2396.5276
3022665,2291.739
3022666,2366.028
3022667,2442.0156
3022668,2422.721
3022669,2440.0334
3022670,2401.0894
3022671,2366.457
3022672,2548.462
3022673,2544.939
3022674,-4.1676106
3022675,-4.1676106
3022676,-4.1676106
3022677,-4.1676106
3022678,-4.1676106
3022679,-4.1676106
3022680,-4.1676106
3022681,-4.1676106
3022682,-4.1676106
3022683,-4.1676106
3022684,-4.1676106
3022685,-4.1676106
3022686,-4.1676106
3022687,-4.1676106
3022688,-4.1676106
3022689,-4.1676106
3022690,-4.1676106
3022691,-4.1676106
3022692,-4.1676106
3022693,-4.1676106
3022694,-4.1676106
3022695,-4.1676106
3022696,-4.1676106
3022697,-4.1676106
3022698,-4.1676106
3022699,-4.1676106
3022700,-4.1676106
3022701,-4.1676106
3022702,-4.1676106
3022703,-4.1676106
3022704,-4.1676106
3022705,-4.1676106
3022706,265.95535
3022707,-3.5728104
3022708,174.1828
3022709,-3.5728104
3022710,-3.5728104
3022711,-3.5728104
3022712,-3.5728104
3022713,-3.5728104
3022714,-3.5728104
3022715,-4.1676106
3022716,-4.1676106
3022717,-4.1676106
3022718,-4.1676106
3022719,-4.1676106
3022720,-4.1676106
3022721,-4.1676106
3022722,677.04083
3022723,-3.5728104
3022724,174.1828
3022725,247.27776
3022726,299.5074
3022727,208.55669
3022728,207.91008
3022729,155.68044
3022730,155.68044
3022731,298.86078
3022732,298.86078
3022733,155.68044
3022734,298.86078
3022735,207.91008
3022736,207.68106
3022737,-22.3042
3022738,-4.1676106
3022739,-4.1676106
3022740,-4.1676106
3022741,-4.1676106
3022742,-4.1676106
3022743,-4.1676106
3022744,-4.1676106
3022745,-4.1676106
3022746,-4.1676106
3022747,-4.1676106
3022748,-4.1676106
3022749,-4.1676106
3022750,-4.1676106
3022751,-4.1676106
3022752,-4.1676106
3022753,-4.1676106
3022754,1737.9702
3022755,30.943584
3022756,753.9934
3022757,753.8521
3022758,753.6231
3022759,873.47754
3022760,710.694
3022761,710.694
3022762,753.6231
3022763,873.2888
3022764,1801.3816
3022765,1817.9265
3022766,334.9419
3022767,709.4437
3022768,709.4437
3022769,320.40982
3022770,-4.0250845
3022771,-4.0250845
3022772,-4.0250845
3022773,-4.0250845
3022774,-4.0250845
3022775,-4.0250845
3022776,-4.0250845
3022777,-4.0250845
3022778,-4.0250845
3022779,-4.0250845
3022780,-4.0250845
3022781,-4.0250845
3022782,-4.0250845
3022783,-4.0250845
3022784,-4.0250845
3022785,-4.0250845
3022786,1458.2422
3022787,66.60576
3022788,66.60576
3022789,66.60576
3022790,66.60576
3022791,66.60576
3022792,66.60576
3022793,785.168
3022794,-21.932661
3022795,-21.932661
3022796,-21.932661
3022797,-21.932661
3022798,-21.932661
3022799,-21.932661
3022800,1255.3794
3022801,-22.161673
3022802,720.11255
3022803,-3.4302852
3022804,-3.4302852
3022805,174.32533
3022806,174.32533
3022807,156.46957
3022808,-21.286053
3022809,309.38144
3022810,155.82297
3022811,373.38766
3022812,30.296978
3022813,-21.932661
3022814,299.0033
3022815,30.296978
3022816,155.82297
3022817,246.77367
3022818,1807.7113
3022819,30.943584
3022820,711.0643
3022821,710.923
3022822,710.694
3022823,753.6231
3022824,396.90305
3022825,710.694
3022826,409.32626
3022827,243.9911
3022828,710.694
3022829,409.32626
3022830,243.9911
3022831,243.9911
3022832,335.0832
3022833,409.46756
3022834,-4.0250845
3022835,-4.0250845
3022836,-4.0250845
3022837,-4.0250845
3022838,-4.0250845
3022839,-4.0250845
3022840,-4.0250845
3022841,-4.0250845
3022842,-4.0250845
3022843,-4.0250845
3022844,-4.0250845
3022845,-4.0250845
3022846,-4.0250845
3022847,-4.0250845
3022848,-4.0250845
3022849,-4.0250845
3022850,-4.0250845
3022851,-4.0250845
3022852,909.52155
3022853,58.31576
3022854,58.31576
3022855,58.31576
3022856,58.31576
3022857,58.31576
3022858,58.31576
3022859,882.5099
3022860,58.31576
3022861,58.31576
3022862,58.31576
3022863,58.31576
3022864,58.31576
3022865,58.31576
3022866,1463.9601
3022867,68.35031
3022868,1802.7561
3022869,1796.2892
3022870,1802.7561
3022871,1705.3156
3022872,1953.631
3022873,1819.301
3022874,771.86194
3022875,890.14667
3022876,1812.71
3022877,1827.0454
3022878,1376.0486
3022879,1375.8314
3022880,1719.3097
3022881,1967.6251
3022882,-3.6867602
3022883,-3.6867602
3022884,-3.6867602
3022885,-3.6867602
3022886,-3.6867602
3022887,-3.6867602
3022888,-3.6867602
3022889,-3.6867602
3022890,-3.6867602
3022891,-3.6867602
3022892,-3.6867602
3022893,-3.6867602
3022894,-3.6867602
3022895,-3.6867602
3022896,-3.6867602
3022897,-3.6867602
3022898,-3.6867602
3022899,-3.6867602
3022900,-3.6867602
3022901,-3.6867602
3022902,-3.6867602
3022903,-3.6867602
3022904,-3.6867602
3022905,-3.6867602
3022906,-3.6867602
3022907,-3.6867602
3022908,-3.6867602
3022909,-3.6867602
3022910,-3.6867602
3022911,-3.6867602
3022912,-3.6867602
3022913,-3.6867602
3022914,-3.6867602
3022915,-3.6867602
3022916,994.488
3022917,66.57381
3022918,66.57381
3022919,66.57381
3022920,66.57381
3022921,66.57381
3022922,66.57381
3022923,896.4681
3022924,236.03972
3022925,58.654087
3022926,58.654087
3022927,58.654087
3022928,58.654087
3022929,58.654087
3022930,-3.6867602
3022931,-3.6867602
3022932,-3.6867602
3022933,-3.6867602
3022934,-3.6867602
3022935,-3.6867602
3022936,-3.6867602
3022937,-3.6867602
3022938,-3.6867602
3022939,-3.6867602
3022940,-3.6867602
3022941,-3.6867602
3022942,-3.6867602
3022943,-3.6867602
3022944,-3.6867602
3022945,-3.6867602
3022946,2620.9316
3022947,281.5205
3022948,645.08234
3022949,645.08234
3022950,645.08234
3022951,657.80743
3022952,657.80743
3022953,2623.202
3022954,541.6722
3022955,447.96622
3022956,235.52788
3022957,447.96622
3022958,447.96622
3022959,447.96622
3022960,2619.679
3022961,395.59784
3022962,1585.3186
3022963,32.4729
3022964,32.4729
3022965,32.4729
3022966,32.4729
3022967,32.4729
3022968,32.4729
3022969,-20.351524
3022970,-20.351524
3022971,-20.351524
3022972,-20.351524
3022973,-20.351524
3022974,-20.351524
3022975,-20.351524
3022976,-20.351524
3022977,-20.351524
3022978,-1.8491474
3022979,-1.8491474
3022980,696.47125
3022981,-1.2543479
3022982,-1.2543479
3022983,-1.2543479
3022984,-1.2543479
3022985,-1.2543479
3022986,176.13124
3022987,642.46027
3022988,158.27548
3022989,157.62888
3022990,-19.756725
3022991,-19.756725
3022992,157.62888
3022993,157.62888
3022994,-3.9125173
3022995,-3.9125173
3022996,-3.9125173
3022997,-3.9125173
3022998,-3.9125173
3022999,-3.9125173
3023000,-3.9125173
3023001,-3.9125173
3023002,-3.9125173
3023003,-3.9125173
3023004,-3.9125173
3023005,-3.9125173
3023006,-3.9125173
3023007,-3.9125173
3023008,-3.9125173
3023009,-3.9125173
3023010,-3.9125173
3023011,-3.9125173
3023012,-3.9125173
3023013,-3.9125173
3023014,-3.9125173
3023015,-3.9125173
3023016,-3.9125173
3023017,-3.9125173
3023018,-3.9125173
3023019,-3.9125173
3023020,-3.9125173
3023021,-3.9125173
3023022,-3.9125173
3023023,-3.9125173
3023024,-3.9125173
3023025,-3.9125173
3023026,639.50446
3023027,274.465
3023028,-3.3177173
3023029,274.465
3023030,274.465
3023031,274.465
3023032,-3.3177173
3023033,274.465
3023034,273.26367
3023035,-4.519066
3023036,-4.519066
3023037,273.26367
3023038,-4.519066
3023039,273.26367
3023040,273.26367
3023041,-4.519066
3023042,1876.0118
3023043,1984.5731
3023044,2186.1084
3023045,2282.6924
3023046,2291.954
3023047,2291.954
3023048,2260.8218
3023049,2264.564
3023050,2264.564
3023051,2263.1643
3023052,2476.1533
3023053,2291.5366
3023054,2294.1606
3023055,2294.1606
3023056,2294.1606
3023057,2293.3123
3023058,-3.8956227
3023059,-3.8956227
3023060,-3.8956227
3023061,-3.8956227
3023062,-3.8956227
3023063,-3.8956227
3023064,-3.8956227
3023065,-3.8956227
3023066,-3.8956227
3023067,-3.8956227
3023068,-3.8956227
3023069,-3.8956227
3023070,-3.8956227
3023071,-3.8956227
3023072,-3.8956227
3023073,-3.8956227
3023074,2040.8296
3023075,1269.6715
3023076,1740.3008
3023077,1740.3008
3023078,2824.7122
3023079,2033.0529
3023080,2032.8357
3023081,2032.8357
3023082,1006.7458
3023083,1007.17755
3023084,1006.7458
3023085,2817.7188
3023086,1004.1403
3023087,978.5162
3023088,978.2947
3023089,977.8334
3023090,-3.8956227
3023091,-3.8956227
3023092,-3.8956227
3023093,-3.8956227
3023094,-3.8956227
3023095,-3.8956227
3023096,-3.8956227
3023097,-3.8956227
3023098,-3.8956227
3023099,274.4819
3023100,-3.3008227
3023101,-3.3008227
3023102,-3.3008227
3023103,-3.3008227
3023104,-3.3008227
3023105,-3.3008227
3023106,1432.9379
3023107,1802.4574
3023108,1548.3636
3023109,1830.4641
3023110,1880.806
3023111,2096.1243
3023112,2536.331
3023113,1880.4529
3023114,2117.8257
3023115,1884.195
3023116,1884.1184
3023117,1884.1184
3023118,1884.1184
3023119,1884.1184
3023120,1884.1184
3023121,1884.1184
3023122,2950.4602
3023123,1964.5848
3023124,2368.1924
3023125,1899.2522
3023126,1937.3308
3023127,1917.3478
3023128,1922.7256
3023129,2843.0852
3023130,1875.3073
3023131,1403.7405
3023132,1875.3073
3023133,1403.5442
3023134,1874.1737
3023135,2369.5688
3023136,2927.29
3023137,1873.8652
3023138,1758.496
3023139,1016.08246
3023140,1451.561
3023141,1258.207
3023142,1755.398
3023143,1308.5826
3023144,1779.2122
3023145,1299.1039
3023146,1297.9495
3023147,1494.9095
3023148,1301.3707
3023149,2262.995
3023150,1780.6613
3023151,1310.0317
3023152,1309.349
3023153,1308.4117
3023154,274.4819
3023155,274.4819
3023156,274.4819
3023157,274.4819
3023158,274.4819
3023159,1511.1997
3023160,360.8019
3023161,360.8019
3023162,360.8019
3023163,360.8019
3023164,360.8019
3023165,360.8019
3023166,1252.3313
3023167,360.8019
3023168,360.8019
3023169,360.8019
3023170,274.4819
3023171,-3.3008227
3023172,-3.3008227
3023173,1937.9329
3023174,83.38965
3023175,83.38965
3023176,83.38965
3023177,83.38965
3023178,83.38965
3023179,83.38965
3023180,1948.1141
3023181,83.01937
3023182,360.8019
3023183,360.8019
3023184,360.8019
3023185,83.01937
3023186,3983.1953
3023187,2452.17
3023188,2428.4495
3023189,2428.3728
3023190,2406.7412
3023191,2428.5789
3023192,2692.5374
3023193,2418.5178
3023194,2418.5178
3023195,2418.5178
3023196,2423.922
3023197,2432.1006
3023198,2414.9949
3023199,2465.8142
3023200,2763.3108
3023201,3685.043
3023202,-4.1676106
3023203,-4.1676106
3023204,-4.1676106
3023205,-4.1676106
3023206,265.95535
3023207,-3.5728104
3023208,-3.5728104
3023209,-3.5728104
3023210,-3.5728104
3023211,-3.5728104
3023212,-3.5728104
3023213,340.33963
3023214,-3.5728104
3023215,-3.5728104
3023216,-3.5728104
3023217,-3.5728104
3023218,-4.1676106
3023219,-4.1676106
3023220,-4.1676106
3023221,-4.1676106
3023222,-4.1676106
3023223,-4.1676106
3023224,-4.1676106
3023225,-4.1676106
3023226,-4.1676106
3023227,-4.1676106
3023228,-4.1676106
3023229,-4.1676106
3023230,-4.1676106
3023231,-4.1676106
3023232,-4.1676106
3023233,-4.1676106
3023234,265.95535
3023235,-3.5728104
3023236,-3.5728104
3023237,174.1828
3023238,174.1828
3023239,174.1828
3023240,174.1828
3023241,174.1828
3023242,156.32704
3023243,156.32704
3023244,156.32704
3023245,156.32704
3023246,-21.428577
3023247,156.32704
3023248,-21.428577
3023249,155.68044
3023250,677.04083
3023251,-3.5728104
3023252,-3.5728104
3023253,174.1828
3023254,156.32704
3023255,156.32704
3023256,-21.428577
3023257,156.32704
3023258,-21.428577
3023259,156.32704
3023260,156.32704
3023261,155.68044
3023262,-22.075186
3023263,155.68044
3023264,155.68044
3023265,-22.075186
3023266,-4.1676106
3023267,-4.1676106
3023268,-4.1676106
3023269,-4.1676106
3023270,-4.1676106
3023271,-4.1676106
3023272,-4.1676106
3023273,-4.1676106
3023274,-4.1676106
3023275,-4.1676106
3023276,-4.1676106
3023277,-4.1676106
3023278,-4.1676106
3023279,-4.1676106
3023280,-4.1676106
3023281,-4.1676106
3023282,1572.1011
3023283,710.923
3023284,1801.3816
3023285,873.2888
3023286,1801.3816
3023287,890.0224
3023288,890.0224
3023289,889.8337
3023290,1811.4596
3023291,889.7095
3023292,761.06836
3023293,1360.3386
3023294,725.9886
3023295,775.4038
3023296,758.85895
3023297,886.56274
3023298,-4.0250845
3023299,-4.0250845
3023300,-4.0250845
3023301,-4.0250845
3023302,-4.0250845
3023303,-4.0250845
3023304,-4.0250845
3023305,-4.0250845
3023306,-4.0250845
3023307,-4.0250845
3023308,-4.0250845
3023309,-4.0250845
3023310,-4.0250845
3023311,-4.0250845
3023312,-4.0250845
3023313,-4.0250845
3023314,1580.521
3023315,30.296978
3023316,30.296978
3023317,30.296978
3023318,30.296978
3023319,30.296978
3023320,409.69656
3023321,-21.932661
3023322,-21.932661
3023323,-21.932661
3023324,-21.932661
3023325,-21.932661
3023326,-21.932661
3023327,665.45496
3023328,-21.932661
3023329,-21.932661
3023330,720.11255
3023331,-3.4302852
3023332,-3.4302852
3023333,-3.4302852
3023334,-3.4302852
3023335,-3.4302852
3023336,-3.4302852
3023337,-4.0250845
3023338,-4.0250845
3023339,-4.0250845
3023340,-4.0250845
3023341,-4.0250845
3023342,-4.0250845
3023343,-4.0250845
3023344,-4.0250845
3023345,-4.0250845
3023346,1807.7113
3023347,753.9934
3023348,409.69656
3023349,397.13205
3023350,409.32626
3023351,409.32626
3023352,334.9419
3023353,334.9419
3023354,334.9419
3023355,409.32626
3023356,409.46756
3023357,409.46756
3023358,244.13237
3023359,244.13237
3023360,207.8236
3023361,207.8236
3023362,-4.0250845
3023363,-4.0250845
3023364,-4.0250845
3023365,-4.0250845
3023366,-4.0250845
3023367,-4.0250845
3023368,-4.0250845
3023369,-4.0250845
3023370,-4.0250845
3023371,-4.0250845
3023372,-4.0250845
3023373,-4.0250845
3023374,-4.0250845
3023375,-4.0250845
3023376,-4.0250845
3023377,-4.0250845
3023378,-4.0250845
3023379,1490.7988
3023380,66.46449
3023381,66.46449
3023382,66.46449
3023383,66.46449
3023384,66.46449
3023385,66.46449
3023386,1560.51
3023387,66.23548
3023388,66.23548
3023389,66.23548
3023390,66.23548
3023391,66.23548
3023392,66.23548
3023393,1560.51
3023394,1463.9601
3023395,1345.2924
3023396,874.6633
3023397,1802.7561
3023398,1812.8341
3023399,1819.301
3023400,1953.631
3023401,1819.1769
3023402,1839.5215
3023403,1967.8423
3023404,1853.8569
3023405,1855.5477
3023406,1510.1614
3023407,1967.6251
3023408,1967.4891
3023409,1967.3043
3023410,-3.6867602
3023411,-3.6867602
3023412,-3.6867602
3023413,-3.6867602
3023414,-3.6867602
3023415,-3.6867602
3023416,-3.6867602
3023417,-3.6867602
3023418,-3.6867602
3023419,-3.6867602
3023420,-3.6867602
3023421,-3.6867602
3023422,-3.6867602
3023423,-3.6867602
3023424,-3.6867602
3023425,-3.6867602
3023426,-3.6867602
3023427,-3.6867602
3023428,-3.6867602
3023429,-3.6867602
3023430,-3.6867602
3023431,-3.6867602
3023432,-3.6867602
3023433,-3.6867602
3023434,-3.6867602
3023435,-3.6867602
3023436,-3.6867602
3023437,-3.6867602
3023438,-3.6867602
3023439,-3.6867602
3023440,-3.6867602
3023441,-3.6867602
3023442,-3.6867602
3023443,-3.6867602
3023444,1580.4893
3023445,30.635303
3023446,30.635303
3023447,30.635303
3023448,30.635303
3023449,30.635303
3023450,30.635303
3023451,1482.5243
3023452,66.71507
3023453,66.71507
3023454,66.71507
3023455,66.71507
3023456,66.71507
3023457,66.71507
3023458,-3.6867602
3023459,-3.6867602
3023460,266.06616
3023461,-3.0919616
3023462,-3.0919616
3023463,-3.0919616
3023464,-3.0919616
3023465,-3.0919616
3023466,-3.0919616
3023467,266.06616
3023468,-3.0919616
3023469,-3.0919616
3023470,-3.0919616
3023471,-3.0919616
3023472,-3.0919616
3023473,-3.0919616
3023474,2676.8035
3023475,295.65604
3023476,295.65604
3023477,295.65604
3023478,295.65604
3023479,295.65604
3023480,2567.8215
3023481,492.3482
3023482,492.3482
3023483,492.3482
3023484,586.05426
3023485,586.05426
3023486,599.42316
3023487,2683.0225
3023488,314.39127
3023489,314.39127
3023490,1737.0958
3023491,33.119507
3023492,33.119507
3023493,33.119507
3023494,33.119507
3023495,33.119507
3023496,33.119507
3023497,-19.704916
3023498,-19.704916
3023499,-19.704916
3023500,-19.704916
3023501,-19.704916
3023502,-19.704916
3023503,-19.704916
3023504,-19.704916
3023505,-19.704916
3023506,-1.8491474
3023507,-1.8491474
3023508,-1.8491474
3023509,-1.8491474
3023510,-1.8491474
3023511,-1.8491474
3023512,-1.8491474
3023513,-1.8491474
3023514,-1.8491474
3023515,-1.8491474
3023516,176.13124
3023517,-1.2543479
3023518,-1.2543479
3023519,-1.2543479
3023520,-1.2543479
3023521,-1.2543479
3023522,-3.9125173
3023523,-3.9125173
3023524,-3.9125173
3023525,-3.9125173
3023526,-3.9125173
3023527,-3.9125173
3023528,-3.9125173
3023529,-3.9125173
3023530,-3.9125173
3023531,-3.9125173
3023532,-3.9125173
3023533,-3.9125173
3023534,274.465
3023535,-3.3177173
3023536,-3.3177173
3023537,-3.3177173
3023538,-3.9125173
3023539,-3.9125173
3023540,-3.9125173
3023541,-3.9125173
3023542,-3.9125173
3023543,-3.9125173
3023544,-3.9125173
3023545,-3.9125173
3023546,-3.9125173
3023547,-3.9125173
3023548,-3.9125173
3023549,-3.9125173
3023550,-3.9125173
3023551,-3.9125173
3023552,-3.9125173
3023553,-3.9125173
3023554,639.50446
3023555,274.465
3023556,639.50446
3023557,274.465
3023558,274.465
3023559,273.26367
3023560,273.26367
3023561,273.26367
3023562,273.26367
3023563,273.26367
3023564,272.61707
3023565,272.61707
3023566,272.61707
3023567,272.61707
3023568,272.61707
3023569,272.61707
3023570,1950.3256
3023571,2191.4285
3023572,2207.9736
3023573,2409.3828
3023574,2454.994
3023575,2499.7222
3023576,2484.956
3023577,2186.4622
3023578,2233.7673
3023579,2201.3716
3023580,2201.3716
3023581,2201.3716
3023582,2188.1914
3023583,2183.7964
3023584,2183.2454
3023585,2205.6042
3023586,-3.8956227
3023587,-3.8956227
3023588,-3.8956227
3023589,-3.8956227
3023590,-3.8956227
3023591,-3.8956227
3023592,-3.8956227
3023593,-3.8956227
3023594,-3.8956227
3023595,-3.8956227
3023596,-3.8956227
3023597,-3.8956227
3023598,-3.8956227
3023599,-3.8956227
3023600,-3.8956227
3023601,-3.8956227
3023602,2155.165
3023603,2248.064
3023604,2248.064
3023605,2248.064
3023606,2264.609
3023607,2315.5752
3023608,2466.0183
3023609,2040.2722
3023610,2496.2668
3023611,2496.2668
3023612,2495.885
3023613,2094.5078
3023614,2495.9138
3023615,2524.405
3023616,2499.3064
3023617,2087.692
3023618,-3.8956227
3023619,-3.8956227
3023620,-3.8956227
3023621,-3.8956227
3023622,-3.8956227
3023623,-3.8956227
3023624,-3.8956227
3023625,-3.8956227
3023626,-3.8956227
3023627,-3.8956227
3023628,-3.8956227
3023629,-3.8956227
3023630,-3.8956227
3023631,-3.8956227
3023632,-3.8956227
3023633,-3.8956227
3023634,1514.9443
3023635,2259.7097
3023636,2224.5664
3023637,2241.1113
3023638,2442.5208
3023639,2471.3242
3023640,2503.0234
3023641,2094.974
3023642,2094.974
3023643,2501.2283
3023644,2104.7415
3023645,2124.5894
3023646,2123.9873
3023647,2127.9736
3023648,2137.8103
3023649,2127.897
3023650,1240.2299
3023651,1649.5183
3023652,1580.2887
3023653,1660.9801
3023654,1711.322
3023655,1711.1049
3023656,1679.9728
3023657,1714.7109
3023658,2374.2546
3023659,1968.3269
3023660,1968.2504
3023661,1968.2504
3023662,1968.2504
3023663,1930.1718
3023664,1948.2673
3023665,1930.1718
3023666,1758.496
3023667,1976.7697
3023668,2534.802
3023669,2259.7908
3023670,2269.2695
3023671,1779.2122
3023672,2269.0525
3023673,2269.0525
3023674,2268.9165
3023675,2562.9092
3023676,2280.1174
3023677,2280.1174
3023678,2280.1174
3023679,2280.1174
3023680,2280.1174
3023681,2280.1174
3023682,274.4819
3023683,-3.3008227
3023684,1147.26
3023685,75.09964
3023686,75.09964
3023687,75.09964
3023688,75.09964
3023689,75.09964
3023690,75.09964
3023691,1147.26
3023692,75.09964
3023693,75.09964
3023694,75.09964
3023695,75.09964
3023696,75.09964
3023697,75.09964
3023698,274.4819
3023699,-3.3008227
3023700,-3.3008227
3023701,-3.3008227
3023702,-3.3008227
3023703,-3.3008227
3023704,-3.3008227
3023705,-3.8956227
3023706,-3.8956227
3023707,-3.8956227
3023708,-3.8956227
3023709,-3.8956227
3023710,-3.8956227
3023711,274.4819
3023712,274.4819
3023713,274.4819
3023714,2100.991
3023715,2292.0103
3023716,2325.902
3023717,2264.809
3023718,2298.5122
3023719,2296.6672
3023720,2364.6934
3023721,2366.028
3023722,2461.2378
3023723,2442.1045
3023724,2541.9763
3023725,2546.219
3023726,2746.225
3023727,2763.3108
3023728,4357.6694
3023729,4357.6694
3023730,-4.1676106
3023731,-4.1676106
3023732,-4.1676106
3023733,-4.1676106
3023734,-4.1676106
3023735,-4.1676106
3023736,-4.1676106
3023737,-4.1676106
3023738,-4.1676106
3023739,-4.1676106
3023740,-4.1676106
3023741,-4.1676106
3023742,-4.1676106
3023743,-4.1676106
3023744,-4.1676106
3023745,-4.1676106
3023746,-4.1676106
3023747,-4.1676106
3023748,-4.1676106
3023749,-4.1676106
3023750,-4.1676106
3023751,-4.1676106
3023752,-4.1676106
3023753,-4.1676106
3023754,-4.1676106
3023755,-4.1676106
3023756,-4.1676106
3023757,-4.1676106
3023758,-4.1676106
3023759,-4.1676106
3023760,-4.1676106
3023761,-4.1676106
3023762,265.95535
3023763,174.1828
3023764,265.95535
3023765,174.1828
3023766,247.27776
3023767,156.32704
3023768,208.55669
3023769,156.32704
3023770,298.86078
3023771,155.68044
3023772,298.86078
3023773,155.68044
3023774,155.68044
3023775,155.68044
3023776,155.68044
3023777,155.68044
3023778,677.04083
3023779,321.6621
3023780,299.5074
3023781,373.24512
3023782,409.55402
3023783,409.41272
3023784,409.41272
3023785,409.18372
3023786,409.18372
3023787,409.18372
3023788,409.18372
3023789,409.18372
3023790,409.18372
3023791,409.18372
3023792,409.18372
3023793,409.18372
3023794,-4.1676106
3023795,-4.1676106
3023796,-4.1676106
3023797,-4.1676106
3023798,-4.1676106
3023799,-4.1676106
3023800,-4.1676106
3023801,-4.1676106
3023802,-4.1676106
3023803,-4.1676106
3023804,-4.1676106
3023805,-4.1676106
3023806,-4.1676106
3023807,-4.1676106
3023808,-4.1676106
3023809,-4.1676106
3023810,1737.9702
3023811,1344.1469
3023812,873.2888
3023813,1343.9178
3023814,873.2888
3023815,889.8337
3023816,890.0224
3023817,889.8337
3023818,889.8337
3023819,1817.8024
3023820,1817.8024
3023821,1817.8024
3023822,740.32404
3023823,740.32404
3023824,775.4038
3023825,418.68372
3023826,677.18335
3023827,675.40204
3023828,873.70654
3023829,1638.0674
3023830,1801.3816
3023831,873.47754
3023832,890.0224
3023833,889.8337
3023834,770.16797
3023835,727.23883
3023836,873.47754
3023837,873.1646
3023838,744.5235
3023839,873.1646
3023840,886.56274
3023841,402.13885
3023842,1458.2422
3023843,66.60576
3023844,66.60576
3023845,66.60576
3023846,66.60576
3023847,66.60576
3023848,66.60576
3023849,308.73483
3023850,-21.932661
3023851,-21.932661
3023852,-21.932661
3023853,-21.932661
3023854,-21.932661
3023855,-21.932661
3023856,321.15805
3023857,-21.932661
3023858,677.18335
3023859,675.40204
3023860,711.0643
3023861,710.694
3023862,710.694
3023863,710.694
3023864,710.694
3023865,710.694
3023866,710.694
3023867,710.694
3023868,710.694
3023869,710.694
3023870,753.6231
3023871,710.694
3023872,709.4437
3023873,709.4437
3023874,1737.9702
3023875,873.70654
3023876,873.2888
3023877,873.47754
3023878,710.694
3023879,753.6231
3023880,753.6231
3023881,873.47754
3023882,710.694
3023883,710.694
3023884,753.6231
3023885,396.90305
3023886,334.9419
3023887,389.05362
3023888,325.1017
3023889,400.22662
3023890,-4.0250845
3023891,-4.0250845
3023892,-4.0250845
3023893,-4.0250845
3023894,-4.0250845
3023895,-4.0250845
3023896,-4.0250845
3023897,-4.0250845
3023898,-4.0250845
3023899,-4.0250845
3023900,-4.0250845
3023901,-4.0250845
3023902,-4.0250845
3023903,-4.0250845
3023904,-4.0250845
3023905,-4.0250845
3023906,-4.0250845
3023907,-4.0250845
3023908,1246.2959
3023909,74.86066
3023910,74.86066
3023911,74.86066
3023912,74.86066
3023913,74.86066
3023914,74.86066
3023915,1246.1718
3023916,67.049324
3023917,67.049324
3023918,67.049324
3023919,67.049324
3023920,67.049324
3023921,67.049324
3023922,1492.1733
3023923,1232.6821
3023924,1637.5339
3023925,1308.7595
3023926,1434.7936
3023927,1991.5016
3023928,2017.1256
3023929,1527.3866
3023930,1537.2871
3023931,1527.1694
3023932,1555.2467
3023933,1568.4675
3023934,1540.2543
3023935,1540.2543
3023936,1540.1777
3023937,1531.882
3023938,-3.6867602
3023939,-3.6867602
3023940,-3.6867602
3023941,-3.6867602
3023942,-3.6867602
3023943,-3.6867602
3023944,-3.6867602
3023945,-3.6867602
3023946,-3.6867602
3023947,-3.6867602
3023948,-3.6867602
3023949,-3.6867602
3023950,-3.6867602
3023951,-3.6867602
3023952,-3.6867602
3023953,-3.6867602
3023954,-3.6867602
3023955,-3.6867602
3023956,-3.6867602
3023957,-3.6867602
3023958,174.29361
3023959,174.29361
3023960,-3.0919616
3023961,-3.0919616
3023962,-3.0919616
3023963,-3.0919616
3023964,-3.0919616
3023965,266.06616
3023966,174.29361
3023967,-3.0919616
3023968,174.29361
3023969,-3.0919616
3023970,-3.6867602
3023971,-3.6867602
3023972,1061.7255
3023973,58.654087
3023974,58.654087
3023975,58.654087
3023976,58.654087
3023977,58.654087
3023978,58.654087
3023979,978.0063
3023980,55.331623
3023981,55.331623
3023982,55.331623
3023983,55.331623
3023984,231.3067
3023985,55.331623
3023986,-3.6867602
3023987,-3.6867602
3023988,-3.6867602
3023989,-3.6867602
3023990,-3.6867602
3023991,-3.6867602
3023992,-3.6867602
3023993,-3.6867602
3023994,-3.6867602
3023995,-3.6867602
3023996,-3.6867602
3023997,-3.6867602
3023998,-3.6867602
3023999,-3.6867602
3024000,-3.6867602
3024001,-3.6867602
3024002,2592.3457
3024003,999.1223
3024004,999.1223
3024005,999.1223
3024006,999.1223
3024007,657.80743
3024008,657.80743
3024009,2594.616
3024010,642.792
3024011,655.5171
3024012,655.5171
3024013,592.90356
3024014,655.5171
3024015,452.7998
3024016,2591.093
3024017,554.60986
3024018,1585.3186
3024019,1796.0956
3024020,1640.957
3024021,1708.7386
3024022,1812.6405
3024023,1924.1882
3024024,1924.0641
3024025,1928.4757
3024026,1938.3995
3024027,1938.3995
3024028,1942.8112
3024029,1942.594
3024030,1834.2806
3024031,1942.458
3024032,1833.9598
3024033,1946.0153
3024034,-1.8491474
3024035,-1.8491474
3024036,838.95135
3024037,-1.2543479
3024038,-1.2543479
3024039,-1.2543479
3024040,-1.2543479
3024041,158.27548
3024042,158.27548
3024043,784.29376
3024044,209.85849
3024045,209.85849
3024046,209.85849
3024047,209.85849
3024048,209.85849
3024049,209.85849
3024050,-3.9125173
3024051,-3.9125173
3024052,-3.9125173
3024053,-3.9125173
3024054,-3.9125173
3024055,-3.9125173
3024056,-3.9125173
3024057,-3.9125173
3024058,-3.9125173
3024059,-3.9125173
3024060,-3.9125173
3024061,-3.9125173
3024062,-3.9125173
3024063,-3.9125173
3024064,-3.9125173
3024065,-3.9125173
3024066,-3.9125173
3024067,-3.9125173
3024068,-3.9125173
3024069,-3.9125173
3024070,-3.9125173
3024071,-3.9125173
3024072,-3.9125173
3024073,-3.9125173
3024074,-3.9125173
3024075,-3.9125173
3024076,-3.9125173
3024077,-3.9125173
3024078,-3.9125173
3024079,-3.9125173
3024080,-3.9125173
3024081,-3.9125173
3024082,639.50446
3024083,274.465
3024084,639.50446
3024085,639.50446
3024086,637.4813
3024087,689.711
3024088,689.0644
3024089,689.0644
3024090,324.84644
3024091,324.84644
3024092,324.84644
3024093,324.84644
3024094,272.61707
3024095,272.61707
3024096,272.61707
3024097,272.61707
3024098,1967.947
3024099,2211.6797
3024100,2228.2249
3024101,2429.634
3024102,2454.994
3024103,2479.471
3024104,2893.052
3024105,2291.954
3024106,2196.9321
3024107,2165.936
3024108,2164.5364
3024109,2201.3716
3024110,2164.5364
3024111,2187.343
3024112,2207.699
3024113,2197.9448
3024114,-3.8956227
3024115,-3.8956227
3024116,-3.8956227
3024117,-3.8956227
3024118,-3.8956227
3024119,-3.8956227
3024120,-3.8956227
3024121,-3.8956227
3024122,-3.8956227
3024123,-3.8956227
3024124,-3.8956227
3024125,-3.8956227
3024126,-3.8956227
3024127,-3.8956227
3024128,-3.8956227
3024129,-3.8956227
3024130,2184.6528
3024131,2254.7603
3024132,2248.064
3024133,2248.064
3024134,2264.609
3024135,2264.609
3024136,2437.1775
3024137,1830.2148
3024138,2496.102
3024139,2084.3027
3024140,2109.7092
3024141,2109.5732
3024142,2521.353
3024143,2525.0952
3024144,2499.4712
3024145,2499.3064
3024146,-3.8956227
3024147,-3.8956227
3024148,-3.8956227
3024149,-3.8956227
3024150,-3.8956227
3024151,-3.8956227
3024152,-3.8956227
3024153,-3.8956227
3024154,-3.8956227
3024155,-3.8956227
3024156,-3.8956227
3024157,-3.8956227
3024158,-3.8956227
3024159,-3.8956227
3024160,-3.8956227
3024161,-3.8956227
3024162,1514.1161
3024163,2253.2424
3024164,2224.4016
3024165,2276.2546
3024166,2276.2546
3024167,2477.6638
3024168,2486.945
3024169,2030.6855
3024170,2456.9836
3024171,2089.264
3024172,2079.118
3024173,2104.6055
3024174,1884.195
3024175,2137.8103
3024176,2133.467
3024177,2133.3904
3024178,1268.558
3024179,1665.158
3024180,1581.117
3024181,1661.8083
3024182,1711.322
3024183,1711.0294
3024184,1711.0294
3024185,1710.9689
3024186,2374.0898
3024187,2374.0898
3024188,1962.4764
3024189,1963.907
3024190,1968.2504
3024191,1968.2504
3024192,1938.7886
3024193,1968.2504
3024194,1758.496
3024195,1976.7697
3024196,1475.9734
3024197,2245.4553
3024198,2269.2695
3024199,1779.2122
3024200,2269.0525
3024201,2269.0525
3024202,2269.0525
3024203,1529.7043
3024204,2280.5789
3024205,2280.1174
3024206,1789.4573
3024207,1789.4573
3024208,2280.1174
3024209,2280.1174
3024210,274.4819
3024211,-3.3008227
3024212,1147.26
3024213,75.09964
3024214,75.09964
3024215,75.09964
3024216,75.09964
3024217,75.09964
3024218,75.09964
3024219,1251.503
3024220,83.01937
3024221,83.01937
3024222,83.01937
3024223,83.01937
3024224,83.01937
3024225,83.01937
3024226,274.4819
3024227,-3.3008227
3024228,-3.3008227
3024229,-3.3008227
3024230,-3.3008227
3024231,-3.3008227
3024232,-3.3008227
3024233,-3.8956227
3024234,-3.8956227
3024235,274.4819
3024236,-3.3008227
3024237,-3.3008227
3024238,-3.3008227
3024239,274.4819
3024240,274.4819
3024241,-3.3008227
3024242,2104.6606
3024243,2292.0103
3024244,2325.902
3024245,2294.77
3024246,2268.5513
3024247,2322.0906
3024248,2319.6777
3024249,2442.0156
3024250,2438.4724
3024251,2541.9763
3024252,2541.9763
3024253,2546.219
3024254,2763.3108
3024255,2746.225
3024256,4352.1597
3024257,4381.224
3024258,-4.1676106
3024259,-4.1676106
3024260,-4.1676106
3024261,-4.1676106
3024262,-4.1676106
3024263,-4.1676106
3024264,-4.1676106
3024265,-4.1676106
3024266,-4.1676106
3024267,-4.1676106
3024268,-4.1676106
3024269,-4.1676106
3024270,-4.1676106
3024271,-4.1676106
3024272,-4.1676106
3024273,-4.1676106
3024274,-4.1676106
3024275,-4.1676106
3024276,-4.1676106
3024277,-4.1676106
3024278,-4.1676106
3024279,-4.1676106
3024280,-4.1676106
3024281,-4.1676106
3024282,-4.1676106
3024283,-4.1676106
3024284,-4.1676106
3024285,-4.1676106
3024286,-4.1676106
3024287,-4.1676106
3024288,-4.1676106
3024289,-4.1676106
3024290,265.95535
3024291,-3.5728104
3024292,174.1828
3024293,174.1828
3024294,265.95535
3024295,-3.5728104
3024296,-3.5728104
3024297,174.1828
3024298,247.27776
3024299,156.32704
3024300,156.32704
3024301,-21.428577
3024302,-21.428577
3024303,-21.428577
3024304,156.32704
3024305,155.68044
3024306,677.04083
3024307,321.6621
3024308,373.89172
3024309,409.55402
3024310,409.55402
3024311,409.41272
3024312,335.02838
3024313,409.18372
3024314,334.79938
3024315,334.94067
3024316,409.325
3024317,409.325
3024318,409.325
3024319,334.94067
3024320,409.325
3024321,409.18372
3024322,-4.1676106
3024323,-4.1676106
3024324,-4.1676106
3024325,-4.1676106
3024326,-4.1676106
3024327,-4.1676106
3024328,-4.1676106
3024329,-4.1676106
3024330,-4.1676106
3024331,-4.1676106
3024332,-4.1676106
3024333,-4.1676106
3024334,-4.1676106
3024335,-4.1676106
3024336,-4.1676106
3024337,-4.1676106
3024338,1737.9702
3024339,873.70654
3024340,1343.9178
3024341,873.47754
3024342,873.2888
3024343,873.47754
3024344,890.0224
3024345,890.0224
3024346,889.8337
3024347,1360.4628
3024348,1817.8024
3024349,1817.8024
3024350,725.9886
3024351,1374.6741
3024352,904.0449
3024353,775.4038
3024354,1331.4043
3024355,711.0643
3024356,873.70654
3024357,1343.9178
3024358,1801.3816
3024359,409.32626
3024360,409.32626
3024361,753.6231
3024362,710.694
3024363,396.90305
3024364,873.47754
3024365,1801.3816
3024366,401.47684
3024367,709.4437
3024368,387.8034
3024369,387.8034
3024370,1458.2422
3024371,66.60576
3024372,66.60576
3024373,66.60576
3024374,66.60576
3024375,66.60576
3024376,66.60576
3024377,622.52576
3024378,-21.932661
3024379,-21.932661
3024380,-21.932661
3024381,-21.932661
3024382,-21.932661
3024383,-21.932661
3024384,784.7503
3024385,-22.161673
3024386,677.18335
3024387,247.42027
3024388,717.6846
3024389,753.9934
3024390,710.694
3024391,710.694
3024392,396.90305
3024393,409.32626
3024394,396.90305
3024395,753.6231
3024396,753.6231
3024397,409.32626
3024398,753.6231
3024399,396.90305
3024400,710.694
3024401,710.694
3024402,820.95935
3024403,717.6846
3024404,873.70654
3024405,873.2888
3024406,1343.9178
3024407,334.9419
3024408,409.32626
3024409,710.694
3024410,753.6231
3024411,753.6231
3024412,396.90305
3024413,409.32626
3024414,409.32626
3024415,243.9911
3024416,409.32626
3024417,396.90305
3024418,-4.0250845
3024419,-4.0250845
3024420,-4.0250845
3024421,-4.0250845
3024422,-4.0250845
3024423,-4.0250845
3024424,-4.0250845
3024425,-4.0250845
3024426,-4.0250845
3024427,-4.0250845
3024428,-4.0250845
3024429,-4.0250845
3024430,-4.0250845
3024431,-4.0250845
3024432,-4.0250845
3024433,-4.0250845
3024434,-4.0250845
3024435,174.32533
3024436,1246.2959
3024437,252.61635
3024438,74.86066
3024439,74.86066
3024440,74.86066
3024441,74.86066
3024442,74.86066
3024443,1246.1718
3024444,67.049324
3024445,67.049324
3024446,67.049324
3024447,67.049324
3024448,67.049324
3024449,67.049324
3024450,1492.1733
3024451,1232.6821
3024452,1796.2892
3024453,1705.3156
3024454,1841.5536
3024455,1841.4294
3024456,1883.9832
3024457,1511.8801
3024458,1527.1694
3024459,1527.1694
3024460,1546.6299
3024461,1550.372
3024462,1540.2543
3024463,1540.2543
3024464,1540.1777
3024465,1936.549
3024466,-3.6867602
3024467,-3.6867602
3024468,-3.6867602
3024469,-3.6867602
3024470,-3.6867602
3024471,-3.6867602
3024472,-3.6867602
3024473,-3.6867602
3024474,-3.6867602
3024475,-3.6867602
3024476,-3.6867602
3024477,-3.6867602
3024478,-3.6867602
3024479,-3.6867602
3024480,-3.6867602
3024481,-3.6867602
3024482,174.29361
3024483,-3.0919616
3024484,-3.0919616
3024485,174.29361
3024486,-3.0919616
3024487,-3.0919616
3024488,-3.0919616
3024489,-3.0919616
3024490,-3.0919616
3024491,-3.0919616
3024492,-3.6867602
3024493,174.29361
3024494,-3.0919616
3024495,-3.0919616
3024496,266.06616
3024497,-3.0919616
3024498,-3.6867602
3024499,-3.6867602
3024500,974.61346
3024501,58.654087
3024502,58.654087
3024503,58.654087
3024504,58.654087
3024505,58.654087
3024506,58.654087
3024507,978.0063
3024508,55.53467
3024509,55.53467
3024510,55.53467
3024511,55.53467
3024512,55.53467
3024513,55.53467
3024514,-3.6867602
3024515,-3.6867602
3024516,-3.6867602
3024517,-3.6867602
3024518,-3.6867602
3024519,-3.6867602
3024520,-3.6867602
3024521,-3.6867602
3024522,-3.6867602
3024523,-3.6867602
3024524,-3.6867602
3024525,-3.6867602
3024526,-3.6867602
3024527,-3.6867602
3024528,-3.6867602
3024529,-3.6867602
3024530,2588.0703
3024531,999.1223
3024532,999.1223
3024533,1143.1163
3024534,983.9745
3024535,657.80743
3024536,657.80743
3024537,2590.3406
3024538,452.7998
3024539,546.50574
3024540,546.50574
3024541,629.29034
3024542,541.0514
3024543,629.29034
3024544,2586.8176
3024545,533.9276
3024546,1585.3186
3024547,1796.0956
3024548,1796.0956
3024549,1796.0956
3024550,1812.6405
3024551,1924.1882
3024552,1924.0641
3024553,1924.0641
3024554,1924.0641
3024555,1834.4978
3024556,1834.2806
3024557,1938.1824
3024558,1938.1824
3024559,1938.0464
3024560,1937.8616
3024561,1941.6036
3024562,-1.8491474
3024563,-1.8491474
3024564,838.95135
3024565,-1.2543479
3024566,-1.2543479
3024567,-1.2543479
3024568,-1.2543479
3024569,-1.2543479
3024570,158.27548
3024571,621.6515
3024572,157.62888
3024573,157.62888
3024574,209.85849
3024575,209.85849
3024576,209.85849
3024577,209.85849
3024578,-3.9125173
3024579,-3.9125173
3024580,-3.9125173
3024581,-3.9125173
3024582,-3.9125173
3024583,-3.9125173
3024584,-3.9125173
3024585,-3.9125173
3024586,-3.9125173
3024587,-3.9125173
3024588,-3.9125173
3024589,-3.9125173
3024590,-3.9125173
3024591,-3.9125173
3024592,-3.9125173
3024593,-3.9125173
3024594,-3.9125173
3024595,-3.9125173
3024596,-3.9125173
3024597,-3.9125173
3024598,-3.9125173
3024599,-3.9125173
3024600,-3.9125173
3024601,-3.9125173
3024602,-3.9125173
3024603,-3.9125173
3024604,-3.9125173
3024605,-3.9125173
3024606,-3.9125173
3024607,-3.9125173
3024608,-3.9125173
3024609,-3.9125173
3024610,639.50446
3024611,639.50446
3024612,639.50446
3024613,637.4813
3024614,689.711
3024615,689.711
3024616,689.0644
3024617,689.0644
3024618,324.84644
3024619,324.84644
3024620,324.84644
3024621,324.84644
3024622,272.61707
3024623,272.61707
3024624,272.61707
3024625,272.38803
3024626,2414.4111
3024627,2207.3364
3024628,2196.9138
3024629,2223.8816
3024630,2429.634
3024631,2480.618
3024632,2871.722
3024633,2291.954
3024634,2191.723
3024635,2165.936
3024636,2166.6084
3024637,2166.6084
3024638,2163.0686
3024639,2163.1265
3024640,2187.343
3024641,2186.2092
3024642,-3.8956227
3024643,-3.8956227
3024644,-3.8956227
3024645,-3.8956227
3024646,-3.8956227
3024647,-3.8956227
3024648,-3.8956227
3024649,-3.8956227
3024650,-3.8956227
3024651,-3.8956227
3024652,-3.8956227
3024653,-3.8956227
3024654,-3.8956227
3024655,-3.8956227
3024656,-3.8956227
3024657,-3.8956227
3024658,2184.6528
3024659,2248.064
3024660,2219.2231
3024661,2248.064
3024662,2264.609
3024663,2315.5752
3024664,2437.305
3024665,2084.7327
3024666,2496.102
3024667,2512.1804
3024668,2495.885
3024669,2496.0498
3024670,2524.5898
3024671,2524.405
3024672,2087.692
3024673,2499.4712
3024674,-3.8956227
3024675,274.4819
3024676,-3.3008227
3024677,-3.3008227
3024678,-3.3008227
3024679,-3.3008227
3024680,-3.3008227
3024681,-3.3008227
3024682,-3.8956227
3024683,-3.8956227
3024684,-3.8956227
3024685,-3.8956227
3024686,-3.8956227
3024687,-3.8956227
3024688,-3.8956227
3024689,-3.8956227
3024690,1514.1161
3024691,2253.2424
3024692,2253.2424
3024693,2240.9465
3024694,2030.5581
3024695,1963.4335
3024696,2075.1455
3024697,2079.335
3024698,2099.3174
3024699,2124.7253
3024700,2124.5894
3024701,2117.9922
3024702,2133.467
3024703,2127.9736
3024704,2137.8103
3024705,2137.7336
3024706,1265.6346
3024707,1669.5013
3024708,1580.2887
3024709,1660.9801
3024710,1711.2466
3024711,1711.1049
3024712,1711.1049
3024713,1710.9689
3024714,2374.0898
3024715,1963.9835
3024716,1962.4764
3024717,1963.907
3024718,1963.907
3024719,1948.2673
3024720,1930.1718
3024721,1948.2673
3024722,1758.496
3024723,1486.7117
3024724,2862.135
3024725,2269.2695
3024726,2269.2695
3024727,2269.2695
3024728,2269.0525
3024729,2269.0525
3024730,1778.859
3024731,2562.9092
3024732,2280.1174
3024733,2280.1174
3024734,2280.1174
3024735,2280.1174
3024736,2280.1174
3024737,2280.1174
3024738,274.4819
3024739,-3.3008227
3024740,1244.8107
3024741,83.01937
3024742,83.01937
3024743,83.01937
3024744,83.01937
3024745,83.01937
3024746,83.01937
3024747,1251.503
3024748,83.01937
3024749,83.01937
3024750,83.01937
3024751,83.01937
3024752,83.01937
3024753,83.01937
3024754,274.4819
3024755,-3.3008227
3024756,-3.3008227
3024757,-3.3008227
3024758,-3.3008227
3024759,-3.3008227
3024760,-3.3008227
3024761,-3.8956227
3024762,-3.8956227
3024763,274.4819
3024764,-3.3008227
3024765,-3.3008227
3024766,-3.3008227
3024767,274.4819
3024768,274.4819
3024769,274.4819
3024770,2104.6606
3024771,2320.7
3024772,2325.902
3024773,2294.77
3024774,2298.5122
3024775,2337.6816
3024776,2362.2805
3024777,2320.7427
3024778,2427.5244
3024779,2404.759
3024780,2456.916
3024781,2460.548
3024782,2418.5178
3024783,2430.6155
3024784,3967.2822
3024785,3967.2822
3024786,-4.1676106
3024787,-4.1676106
3024788,-4.1676106
3024789,-4.1676106
3024790,-4.1676106
3024791,-4.1676106
3024792,-4.1676106
3024793,-4.1676106
3024794,-4.1676106
3024795,-4.1676106
3024796,-4.1676106
3024797,-4.1676106
3024798,-4.1676106
3024799,-4.1676106
3024800,-4.1676106
3024801,-4.1676106
3024802,-4.1676106
3024803,-4.1676106
3024804,-4.1676106
3024805,-4.1676106
3024806,-4.1676106
3024807,-4.1676106
3024808,-4.1676106
3024809,-4.1676106
3024810,-4.1676106
3024811,-4.1676106
3024812,-4.1676106
3024813,-4.1676106
3024814,-4.1676106
3024815,-4.1676106
3024816,-4.1676106
3024817,-4.1676106
3024818,265.95535
3024819,327.9164
3024820,174.1828
3024821,156.32704
3024822,156.32704
3024823,-21.428577
3024824,-21.428577
3024825,156.32704
3024826,-21.428577
3024827,-21.428577
3024828,247.27776
3024829,-21.428577
3024830,-21.428577
3024831,155.68044
3024832,155.68044
3024833,-22.075186
3024834,677.04083
3024835,174.1828
3024836,247.27776
3024837,373.89172
3024838,409.55402
3024839,335.16968
3024840,335.02838
3024841,335.16968
3024842,409.325
3024843,243.98985
3024844,334.94067
3024845,409.325
3024846,409.325
3024847,334.94067
3024848,334.94067
3024849,409.325
3024850,-4.1676106
3024851,-4.1676106
3024852,-4.1676106
3024853,-4.1676106
3024854,-4.1676106
3024855,-4.1676106
3024856,-4.1676106
3024857,-4.1676106
3024858,-4.1676106
3024859,-4.1676106
3024860,-4.1676106
3024861,-4.1676106
3024862,-4.1676106
3024863,-4.1676106
3024864,-4.1676106
3024865,-4.1676106
3024866,1737.9702
3024867,873.5178
3024868,873.2888
3024869,1343.9178
3024870,1343.9178
3024871,890.0224
3024872,889.8337
3024873,889.8337
3024874,889.8337
3024875,889.8337
3024876,1817.8024
3024877,1817.8024
3024878,740.32404
3024879,775.4038
3024880,903.1076
3024881,414.56207
3024882,328.05896
3024883,701.435
3024884,360.96445
3024885,1794.9147
3024886,1235.26
3024887,409.32626
3024888,396.90305
3024889,1360.4628
3024890,413.4479
3024891,334.9419
3024892,1801.3816
3024893,1343.9178
3024894,744.5235
3024895,873.1646
3024896,872.2273
3024897,744.5235
3024898,1458.2422
3024899,66.60576
3024900,66.60576
3024901,66.60576
3024902,66.60576
3024903,66.60576
3024904,66.60576
3024905,1765.0728
3024906,30.067966
3024907,30.067966
3024908,30.067966
3024909,30.067966
3024910,30.067966
3024911,30.067966
3024912,1255.3794
3024913,-22.161673
3024914,720.11255
3024915,309.38144
3024916,360.96445
3024917,409.69656
3024918,409.55527
3024919,335.1709
3024920,335.1709
3024921,334.9419
3024922,409.32626
3024923,335.0832
3024924,753.6231
3024925,396.90305
3024926,396.90305
3024927,396.90305
3024928,409.32626
3024929,396.90305
3024930,1331.4043
3024931,873.70654
3024932,873.70654
3024933,710.694
3024934,710.694
3024935,710.694
3024936,710.694
3024937,753.6231
3024938,409.32626
3024939,753.6231
3024940,873.47754
3024941,753.6231
3024942,334.9419
3024943,409.32626
3024944,334.9419
3024945,389.05362
3024946,-4.0250845
3024947,-4.0250845
3024948,-4.0250845
3024949,-4.0250845
3024950,-4.0250845
3024951,-4.0250845
3024952,-4.0250845
3024953,-4.0250845
3024954,-4.0250845
3024955,-4.0250845
3024956,-4.0250845
3024957,-4.0250845
3024958,-4.0250845
3024959,-4.0250845
3024960,-4.0250845
3024961,-4.0250845
3024962,-4.0250845
3024963,-4.0250845
3024964,1170.3081
3024965,74.86066
3024966,74.86066
3024967,74.86066
3024968,74.86066
3024969,74.86066
3024970,74.86066
3024971,1246.1718
3024972,67.049324
3024973,67.049324
3024974,67.049324
3024975,67.049324
3024976,67.049324
3024977,67.049324
3024978,1463.9601
3024979,1796.2892
3024980,1802.7561
3024981,1707.2235
3024982,1812.8341
3024983,1947.1641
3024984,1883.9832
3024985,1487.427
3024986,1993.0745
3024987,1510.3785
3024988,1448.7877
3024989,1501.5453
3024990,1992.7213
3024991,2005.2991
3024992,1858.969
3024993,1903.4307
3024994,-3.6867602
3024995,-3.6867602
3024996,-3.6867602
3024997,-3.6867602
3024998,-3.6867602
3024999,-3.6867602
3025000,-3.6867602
3025001,174.29361
3025002,-3.0919616
3025003,-3.0919616
3025004,-3.0919616
3025005,-3.0919616
3025006,-3.0919616
3025007,-3.0919616
3025008,-3.6867602
3025009,-3.6867602
3025010,174.29361
3025011,174.29361
3025012,266.06616
3025013,266.06616
3025014,247.38857
3025015,299.6182
3025016,299.6182
3025017,298.9716
3025018,298.9716
3025019,298.9716
3025020,208.02089
3025021,298.9716
3025022,298.9716
3025023,298.74258
3025024,298.74258
3025025,30.406292
3025026,-3.6867602
3025027,-3.6867602
3025028,902.74835
3025029,58.654087
3025030,58.654087
3025031,236.03972
3025032,236.03972
3025033,58.654087
3025034,236.03972
3025035,974.61346
3025036,56.43938
3025037,56.43938
3025038,231.50975
3025039,55.53467
3025040,231.50975
3025041,55.53467
3025042,-3.6867602
3025043,-3.6867602
3025044,-3.6867602
3025045,-3.6867602
3025046,-3.6867602
3025047,-3.6867602
3025048,-3.6867602
3025049,-3.6867602
3025050,-3.6867602
3025051,-3.6867602
3025052,-3.6867602
3025053,-3.6867602
3025054,-3.6867602
3025055,-3.6867602
3025056,-3.6867602
3025057,-3.6867602
3025058,2588.0703
3025059,999.1223
3025060,999.1223
3025061,983.9745
3025062,999.1223
3025063,657.80743
3025064,657.80743
3025065,2590.3406
3025066,453.4206
3025067,622.0196
3025068,622.0196
3025069,629.29034
3025070,234.90706
3025071,541.0514
3025072,2574.0962
3025073,546.6527
3025074,1585.3186
3025075,1800.5072
3025076,1796.0956
3025077,1692.1937
3025078,1812.6405
3025079,1924.1882
3025080,1820.1624
3025081,1820.1624
3025082,1834.4978
3025083,1878.9595
3025084,1878.7423
3025085,1880.6503
3025086,1880.5143
3025087,1878.4215
3025088,1986.0653
3025089,1971.2474
3025090,-1.8491474
3025091,-1.8491474
3025092,676.3091
3025093,-1.2543479
3025094,-1.2543479
3025095,-1.2543479
3025096,-1.2543479
3025097,-1.2543479
3025098,-1.2543479
3025099,642.46027
3025100,158.27548
3025101,157.62888
3025102,-19.756725
3025103,-19.756725
3025104,157.62888
3025105,157.62888
3025106,-3.9125173
3025107,-3.9125173
3025108,-3.9125173
3025109,-3.9125173
3025110,-3.9125173
3025111,-3.9125173
3025112,-3.9125173
3025113,-3.9125173
3025114,-3.9125173
3025115,-3.9125173
3025116,-3.9125173
3025117,-3.9125173
3025118,-3.9125173
3025119,-3.9125173
3025120,-3.9125173
3025121,-3.9125173
3025122,-3.9125173
3025123,-3.9125173
3025124,-3.9125173
3025125,-3.9125173
3025126,-3.9125173
3025127,-3.9125173
3025128,-3.9125173
3025129,-3.9125173
3025130,-3.9125173
3025131,-3.9125173
3025132,-3.9125173
3025133,-3.9125173
3025134,-3.9125173
3025135,-3.9125173
3025136,-3.9125173
3025137,-3.9125173
3025138,639.50446
3025139,639.50446
3025140,639.50446
3025141,637.4813
3025142,689.711
3025143,689.711
3025144,689.0644
3025145,689.0644
3025146,324.84644
3025147,324.84644
3025148,689.0644
3025149,324.84644
3025150,324.84644
3025151,272.61707
3025152,272.38803
3025153,272.38803
3025154,1950.3256
3025155,2211.6797
3025156,2207.9736
3025157,2414.868
3025158,2454.994
3025159,2475.908
3025160,2918.1924
3025161,2291.954
3025162,2191.723
3025163,2196.9321
3025164,2137.6638
3025165,2164.5364
3025166,2163.0686
3025167,2164.2495
3025168,2187.343
3025169,2207.699
3025170,-3.8956227
3025171,-3.8956227
3025172,-3.8956227
3025173,-3.8956227
3025174,-3.8956227
3025175,-3.8956227
3025176,-3.8956227
3025177,-3.8956227
3025178,-3.8956227
3025179,-3.8956227
3025180,-3.8956227
3025181,-3.8956227
3025182,-3.8956227
3025183,-3.8956227
3025184,-3.8956227
3025185,-3.8956227
3025186,2184.6528
3025187,2254.7603
3025188,2248.064
3025189,2248.064
3025190,2264.609
3025191,2264.609
3025192,2437.1775
3025193,1831.0431
3025194,2524.9429
3025195,1997.95
3025196,2524.7258
3025197,2496.0498
3025198,2094.3718
3025199,2083.9497
3025200,2499.3064
3025201,2499.3064
3025202,-3.8956227
3025203,-3.8956227
3025204,-3.8956227
3025205,-3.8956227
3025206,-3.8956227
3025207,-3.8956227
3025208,-3.8956227
3025209,-3.8956227
3025210,-3.8956227
3025211,-3.8956227
3025212,-3.8956227
3025213,-3.8956227
3025214,-3.8956227
3025215,-3.8956227
3025216,-3.8956227
3025217,-3.8956227
3025218,2159.4985
3025219,2253.2424
3025220,2253.2424
3025221,2241.1113
3025222,2276.2546
3025223,2442.356
3025224,2486.945
3025225,2075.1455
3025226,2094.974
3025227,2501.0635
3025228,2099.1003
3025229,2124.5894
3025230,2128.3315
3025231,2117.8257
3025232,1884.195
3025233,2137.7336
3025234,1265.6346
3025235,1669.5013
3025236,1580.2887
3025237,1660.9801
3025238,1711.322
3025239,1711.0294
3025240,1711.0294
3025241,1710.9689
3025242,1900.1107
3025243,1962.4764
3025244,1963.9835
3025245,1963.907
3025246,1963.907
3025247,1948.2673
3025248,1938.7886
3025249,1968.2504
3025250,1758.496
3025251,1486.7117
3025252,2534.802
3025253,1769.7334
3025254,2269.2695
3025255,2269.2695
3025256,2269.0525
3025257,1778.995
3025258,1778.995
3025259,2562.9092
3025260,2280.1174
3025261,2280.1174
3025262,2280.1174
3025263,1789.4573
3025264,2280.1174
3025265,2280.1174
3025266,274.4819
3025267,-3.3008227
3025268,1147.26
3025269,75.09964
3025270,75.09964
3025271,75.09964
3025272,75.09964
3025273,75.09964
3025274,75.09964
3025275,1147.26
3025276,75.09964
3025277,75.09964
3025278,75.09964
3025279,75.09964
3025280,75.09964
3025281,75.09964
3025282,274.4819
3025283,-3.3008227
3025284,-3.3008227
3025285,-3.3008227
3025286,-3.3008227
3025287,-3.3008227
3025288,-3.3008227
3025289,-3.8956227
3025290,-3.8956227
3025291,-3.8956227
3025292,-3.8956227
3025293,-3.8956227
3025294,-3.8956227
3025295,274.4819
3025296,274.4819
3025297,274.4819
3025298,2100.991
3025299,2292.0103
3025300,2325.902
3025301,2294.77
3025302,2298.5122
3025303,2322.0906
3025304,2319.6777
3025305,2442.0156
3025306,2404.759
3025307,2418.4019
3025308,2425.132
3025309,2425.132
3025310,2418.5178
3025311,2542.696
3025312,3967.2822
3025313,3967.2822
3025314,-4.1676106
3025315,-4.1676106
3025316,-4.1676106
3025317,-4.1676106
3025318,-4.1676106
3025319,-4.1676106
3025320,-4.1676106
3025321,-4.1676106
3025322,-4.1676106
3025323,-4.1676106
3025324,-4.1676106
3025325,-4.1676106
3025326,-4.1676106
3025327,-4.1676106
3025328,-4.1676106
3025329,-4.1676106
3025330,-4.1676106
3025331,-4.1676106
3025332,-4.1676106
3025333,-4.1676106
3025334,-4.1676106
3025335,-4.1676106
3025336,-4.1676106
3025337,-4.1676106
3025338,-4.1676106
3025339,-4.1676106
3025340,-4.1676106
3025341,-4.1676106
3025342,-4.1676106
3025343,-4.1676106
3025344,-4.1676106
3025345,-4.1676106
3025346,265.95535
3025347,174.1828
3025348,-3.5728104
3025349,265.95535
3025350,265.95535
3025351,156.32704
3025352,156.32704
3025353,247.27776
3025354,298.86078
3025355,207.91008
3025356,298.86078
3025357,298.86078
3025358,207.91008
3025359,298.86078
3025360,207.91008
3025361,207.91008
3025362,677.04083
3025363,321.6621
3025364,373.89172
3025365,409.55402
3025366,409.55402
3025367,409.41272
3025368,335.02838
3025369,409.18372
3025370,409.18372
3025371,409.18372
3025372,334.79938
3025373,409.18372
3025374,334.94067
3025375,409.18372
3025376,409.18372
3025377,409.18372
3025378,-4.1676106
3025379,-4.1676106
3025380,-4.1676106
3025381,-4.1676106
3025382,-4.1676106
3025383,-4.1676106
3025384,-4.1676106
3025385,-4.1676106
3025386,-4.1676106
3025387,-4.1676106
3025388,-4.1676106
3025389,-4.1676106
3025390,-4.1676106
3025391,-4.1676106
3025392,-4.1676106
3025393,-4.1676106
3025394,1731.5033
3025395,1344.1469
3025396,873.2888
3025397,873.2888
3025398,873.47754
3025399,889.8337
3025400,890.0224
3025401,727.23883
3025402,890.0224
3025403,873.47754
3025404,872.2273
3025405,872.2273
3025406,744.5235
3025407,872.2273
3025408,886.56274
3025409,414.56207
3025410,1737.9702
3025411,873.5178
3025412,873.2888
3025413,1235.26
3025414,1703.941
3025415,770.16797
3025416,890.0224
3025417,770.16797
3025418,889.8337
3025419,404.34827
3025420,1817.8024
3025421,1317.2529
3025422,431.10693
3025423,740.32404
3025424,414.56207
3025425,723.7792
3025426,1458.2422
3025427,66.60576
3025428,66.60576
3025429,66.60576
3025430,66.60576
3025431,66.60576
3025432,66.60576
3025433,1765.0728
3025434,207.8236
3025435,30.067966
3025436,30.067966
3025437,30.067966
3025438,30.067966
3025439,30.067966
3025440,308.50583
3025441,-22.161673
3025442,677.18335
3025443,675.40204
3025444,711.0643
3025445,710.694
3025446,396.90305
3025447,753.6231
3025448,753.6231
3025449,710.694
3025450,710.694
3025451,710.694
3025452,753.6231
3025453,710.694
3025454,753.6231
3025455,396.90305
3025456,753.6231
3025457,401.47684
3025458,1807.7113
3025459,873.70654
3025460,873.2888
3025461,873.2888
3025462,873.47754
3025463,710.694
3025464,727.23883
3025465,710.694
3025466,396.90305
3025467,710.694
3025468,753.6231
3025469,396.90305
3025470,236.07144
3025471,396.68628
3025472,326.35193
3025473,400.22662
3025474,-4.0250845
3025475,-4.0250845
3025476,-4.0250845
3025477,-4.0250845
3025478,-4.0250845
3025479,-4.0250845
3025480,-4.0250845
3025481,-4.0250845
3025482,-4.0250845
3025483,-4.0250845
3025484,-4.0250845
3025485,-4.0250845
3025486,-4.0250845
3025487,-4.0250845
3025488,-4.0250845
3025489,-4.0250845
3025490,-4.0250845
3025491,-4.0250845
3025492,1149.6442
3025493,58.31576
3025494,58.31576
3025495,58.31576
3025496,58.31576
3025497,58.31576
3025498,58.31576
3025499,1153.639
3025500,50.50443
3025501,50.50443
3025502,50.50443
3025503,50.50443
3025504,50.50443
3025505,50.50443
3025506,1492.1733
3025507,1796.2892
3025508,1796.2892
3025509,1705.3156
3025510,1300.4637
3025511,1438.6218
3025512,1885.8911
3025513,1497.4191
3025514,1900.2266
3025515,1527.1694
3025516,1522.6901
3025517,1347.8822
3025518,1540.2543
3025519,1540.2543
3025520,1568.391
3025521,1550.2954
3025522,-3.6867602
3025523,-3.6867602
3025524,-3.6867602
3025525,-3.6867602
3025526,-3.6867602
3025527,-3.6867602
3025528,-3.6867602
3025529,-3.6867602
3025530,-3.6867602
3025531,-3.6867602
3025532,-3.6867602
3025533,-3.6867602
3025534,-3.6867602
3025535,-3.6867602
3025536,-3.6867602
3025537,-3.6867602
3025538,-3.6867602
3025539,-3.6867602
3025540,-3.6867602
3025541,-3.6867602
3025542,-3.6867602
3025543,-3.6867602
3025544,-3.6867602
3025545,-3.6867602
3025546,-3.6867602
3025547,-3.6867602
3025548,-3.6867602
3025549,-3.6867602
3025550,-3.6867602
3025551,-3.6867602
3025552,-3.6867602
3025553,-3.6867602
3025554,174.29361
3025555,-3.0919616
3025556,978.1305
3025557,58.654087
3025558,58.654087
3025559,58.654087
3025560,58.654087
3025561,236.03972
3025562,236.03972
3025563,933.81445
3025564,55.53467
3025565,231.3067
3025566,55.331623
3025567,55.331623
3025568,55.331623
3025569,231.3067
3025570,-3.6867602
3025571,-3.6867602
3025572,-3.6867602
3025573,-3.6867602
3025574,-3.6867602
3025575,-3.6867602
3025576,-3.6867602
3025577,-3.6867602
3025578,-3.6867602
3025579,-3.6867602
3025580,-3.6867602
3025581,-3.6867602
3025582,-3.6867602
3025583,-3.6867602
3025584,-3.6867602
3025585,-3.6867602
3025586,2588.0703
3025587,645.08234
3025588,999.1223
3025589,999.1223
3025590,645.08234
3025591,657.80743
3025592,657.80743
3025593,2590.3406
3025594,541.6722
3025595,629.91113
3025596,629.91113
3025597,541.6722
3025598,629.29034
3025599,629.29034
3025600,2586.8176
3025601,533.9276
3025602,1585.3186
3025603,1796.0956
3025604,1640.957
3025605,1812.6405
3025606,1812.6405
3025607,1924.1882
3025608,1928.4757
3025609,1820.1624
3025610,1924.0641
3025611,1942.8112
3025612,1938.3995
3025613,1938.1824
3025614,1834.2806
3025615,1834.1447
3025616,1833.9598
3025617,1837.7019
3025618,-1.8491474
3025619,-1.8491474
3025620,676.3091
3025621,-1.2543479
3025622,-1.2543479
3025623,-1.2543479
3025624,-1.2543479
3025625,-1.2543479
3025626,176.13124
3025627,621.6515
3025628,157.62888
3025629,157.62888
3025630,209.85849
3025631,209.85849
3025632,209.85849
3025633,209.85849
3025634,-3.9125173
3025635,-3.9125173
3025636,-3.9125173
3025637,-3.9125173
3025638,-3.9125173
3025639,-3.9125173
3025640,-3.9125173
3025641,-3.9125173
3025642,-3.9125173
3025643,-3.9125173
3025644,-3.9125173
3025645,-3.9125173
3025646,-3.9125173
3025647,-3.9125173
3025648,-3.9125173
3025649,-3.9125173
3025650,-3.9125173
3025651,-3.9125173
3025652,-3.9125173
3025653,-3.9125173
3025654,-3.9125173
3025655,-3.9125173
3025656,-3.9125173
3025657,-3.9125173
3025658,-3.9125173
3025659,-3.9125173
3025660,-3.9125173
3025661,-3.9125173
3025662,-3.9125173
3025663,-3.9125173
3025664,-3.9125173
3025665,-3.9125173
3025666,639.50446
3025667,639.50446
3025668,639.50446
3025669,274.465
3025670,637.4813
3025671,689.711
3025672,689.60785
3025673,689.60785
3025674,325.38983
3025675,325.38983
3025676,325.38983
3025677,325.38983
3025678,273.16046
3025679,273.16046
3025680,273.16046
3025681,273.16046
3025682,1950.8689
3025683,2605.554
3025684,2588.9927
3025685,2228.7683
3025686,2823.5078
3025687,2869.2976
3025688,2857.93
3025689,2287.946
3025690,2192.4023
3025691,2196.0085
3025692,2196.0085
3025693,2165.0798
3025694,2138.2073
3025695,2163.612
3025696,2187.8865
3025697,2186.7527
3025698,-3.8956227
3025699,-3.8956227
3025700,-3.8956227
3025701,-3.8956227
3025702,-3.8956227
3025703,-3.8956227
3025704,-3.8956227
3025705,-3.8956227
3025706,-3.8956227
3025707,-3.8956227
3025708,-3.8956227
3025709,-3.8956227
3025710,-3.8956227
3025711,-3.8956227
3025712,-3.8956227
3025713,-3.8956227
3025714,2155.7085
3025715,2255.0747
3025716,2248.6074
3025717,2248.6074
3025718,2265.1523
3025719,2309.6516
3025720,2466.5618
3025721,2036.4722
3025722,2481.0247
3025723,1973.261
3025724,1502.6315
3025725,2487.2747
3025726,2487.2747
3025727,1973.0438
3025728,2285.7295
3025729,2285.5447
3025730,-3.8956227
3025731,-3.8956227
3025732,-3.8956227
3025733,-3.8956227
3025734,-3.8956227
3025735,-3.8956227
3025736,-3.8956227
3025737,-3.8956227
3025738,-3.8956227
3025739,-3.8956227
3025740,-3.8956227
3025741,-3.8956227
3025742,-3.8956227
3025743,-3.8956227
3025744,-3.8956227
3025745,-3.8956227
3025746,1515.4877
3025747,2253.786
3025748,2224.945
3025749,2276.798
3025750,2270.3308
3025751,2471.7402
3025752,2487.4885
3025753,2085.5254
3025754,2079.8784
3025755,2501.607
3025756,2125.2688
3025757,2125.1328
3025758,2118.3691
3025759,2138.3538
3025760,2138.3538
3025761,2118.2925
3025762,1266.178
3025763,1647.6493
3025764,1380.2512
3025765,1662.3517
3025766,1702.3112
3025767,1945.4983
3025768,1965.2642
3025769,1711.5122
3025770,2399.732
3025771,1963.0198
3025772,1963.0198
3025773,1963.0198
3025774,1953.4645
3025775,1959.315
3025776,1959.315
3025777,2365.2427
3025778,1759.0393
3025779,1487.255
3025780,2509.7214
3025781,1755.9413
3025782,1779.7555
3025783,1309.126
3025784,1145.4053
3025785,1308.9088
3025786,1779.5383
3025787,1530.2478
3025788,2281.1223
3025789,2280.661
3025790,2280.661
3025791,2280.661
3025792,2280.661
3025793,2280.661
3025794,274.4819
3025795,274.4819
3025796,1252.0464
3025797,83.562775
3025798,83.562775
3025799,83.562775
3025800,83.562775
3025801,83.562775
3025802,83.562775
3025803,1252.0464
3025804,83.562775
3025805,83.562775
3025806,83.562775
3025807,83.562775
3025808,83.562775
3025809,83.562775
3025810,274.4819
3025811,-3.3008227
3025812,-3.3008227
3025813,-3.3008227
3025814,-3.3008227
3025815,-3.3008227
3025816,-3.3008227
3025817,-3.8956227
3025818,-3.8956227
3025819,-3.8956227
3025820,-3.8956227
3025821,-3.8956227
3025822,-3.8956227
3025823,274.4819
3025824,274.4819
3025825,274.4819
3025826,2138.9175
3025827,2318.1777
3025828,2326.4456
3025829,2295.3135
3025830,2299.0557
3025831,2338.225
3025832,2367.0977
3025833,2322.634
3025834,2461.7812
3025835,2423.2644
3025836,2442.648
3025837,2457.4595
3025838,2427.9885
3025839,2424.4656
3025840,3967.8257
3025841,3967.8257
3025842,-4.1676106
3025843,-4.1676106
3025844,-4.1676106
3025845,-4.1676106
3025846,-4.1676106
3025847,-4.1676106
3025848,-4.1676106
3025849,-4.1676106
3025850,-4.1676106
3025851,-4.1676106
3025852,-4.1676106
3025853,-4.1676106
3025854,-4.1676106
3025855,-4.1676106
3025856,-4.1676106
3025857,-4.1676106
3025858,-4.1676106
3025859,-4.1676106
3025860,-4.1676106
3025861,-4.1676106
3025862,-4.1676106
3025863,-4.1676106
3025864,-4.1676106
3025865,-4.1676106
3025866,-4.1676106
3025867,-4.1676106
3025868,-4.1676106
3025869,-4.1676106
3025870,-4.1676106
3025871,-4.1676106
3025872,-4.1676106
3025873,-4.1676106
3025874,265.95535
3025875,265.95535
3025876,174.1828
3025877,-3.5728104
3025878,321.6621
3025879,156.32704
3025880,-21.428577
3025881,156.32704
3025882,-21.428577
3025883,156.32704
3025884,156.32704
3025885,247.17455
3025886,156.22383
3025887,156.22383
3025888,156.22383
3025889,156.22383
3025890,677.04083
3025891,174.1828
3025892,247.27776
3025893,299.5074
3025894,299.40417
3025895,335.71307
3025896,335.71307
3025897,299.40417
3025898,299.40417
3025899,208.45348
3025900,208.45348
3025901,299.17517
3025902,208.22446
3025903,299.17517
3025904,299.17517
3025905,299.17517
3025906,-4.1676106
3025907,-4.1676106
3025908,-4.1676106
3025909,-4.1676106
3025910,-4.1676106
3025911,-4.1676106
3025912,-4.1676106
3025913,-4.1676106
3025914,-4.1676106
3025915,-4.1676106
3025916,-4.1676106
3025917,-4.1676106
3025918,-4.1676106
3025919,-4.1676106
3025920,-4.1676106
3025921,-4.1676106
3025922,1737.9702
3025923,874.0613
3025924,874.021
3025925,874.021
3025926,874.021
3025927,873.8323
3025928,890.56586
3025929,890.56586
3025930,890.37714
3025931,890.56586
3025932,890.2529
3025933,1360.882
3025934,761.6118
3025935,400.77002
3025936,745.06696
3025937,320.95322
3025938,820.95935
3025939,299.6499
3025940,874.25
3025941,1801.9249
3025942,1801.9249
3025943,874.021
3025944,335.4853
3025945,58.859165
3025946,711.2374
3025947,874.021
3025948,1795.458
3025949,1801.9249
3025950,745.06696
3025951,745.06696
3025952,889.3156
3025953,889.3156
3025954,1458.7855
3025955,67.14916
3025956,67.14916
3025957,67.14916
3025958,67.14916
3025959,67.14916
3025960,67.14916
3025961,321.70145
3025962,-21.389257
3025963,-21.389257
3025964,-21.389257
3025965,-21.389257
3025966,-21.389257
3025967,-21.389257
3025968,309.27823
3025969,-21.389257
3025970,720.11255
3025971,321.80466
3025972,299.6499
3025973,361.50784
3025974,335.8556
3025975,335.8556
3025976,410.09866
3025977,397.44644
3025978,335.4853
3025979,397.44644
3025980,409.86966
3025981,711.2374
3025982,754.16656
3025983,409.86966
3025984,397.44644
3025985,335.4853
3025986,1807.7113
3025987,299.6499
3025988,874.25
3025989,711.2374
3025990,409.86966
3025991,335.4853
3025992,754.16656
3025993,754.16656
3025994,409.86966
3025995,874.021
3025996,397.44644
3025997,711.2374
3025998,409.86966
3025999,335.4853
3026000,397.44644
3026001,335.4853
3026002,-4.0250845
3026003,-4.0250845
3026004,-4.0250845
3026005,-4.0250845
3026006,-4.0250845
3026007,-4.0250845
3026008,-4.0250845
3026009,-4.0250845
3026010,-4.0250845
3026011,-4.0250845
3026012,-4.0250845
3026013,-4.0250845
3026014,-4.0250845
3026015,-4.0250845
3026016,-4.0250845
3026017,-4.0250845
3026018,-4.0250845
3026019,-4.0250845
3026020,1109.021
3026021,58.859165
3026022,58.859165
3026023,58.859165
3026024,58.859165
3026025,58.859165
3026026,58.859165
3026027,1062.1764
3026028,55.5367
3026029,55.5367
3026030,55.5367
3026031,55.5367
3026032,55.5367
3026033,55.5367
3026034,1464.5034
3026035,1796.8325
3026036,1639.9852
3026037,1813.3774
3026038,1705.8589
3026039,1954.1743
3026040,1979.2823
3026041,1841.9728
3026042,1856.3082
3026043,1968.3856
3026044,1854.1831
3026045,1854.1831
3026046,1900.4167
3026047,1900.2319
3026048,1497.3989
3026049,2009.5845
3026050,-3.6867602
3026051,-3.6867602
3026052,-3.6867602
3026053,-3.6867602
3026054,-3.6867602
3026055,-3.6867602
3026056,-3.6867602
3026057,-3.6867602
3026058,-3.6867602
3026059,-3.6867602
3026060,-3.6867602
3026061,-3.6867602
3026062,-3.6867602
3026063,-3.6867602
3026064,-3.6867602
3026065,-3.6867602
3026066,266.06616
3026067,-3.0919616
3026068,266.06616
3026069,266.06616
3026070,247.38857
3026071,-20.94773
3026072,156.43785
3026073,-20.94773
3026074,-20.94773
3026075,156.43785
3026076,247.38857
3026077,156.33464
3026078,247.28535
3026079,247.28535
3026080,-21.050934
3026081,-21.050934
3026082,174.29361
3026083,-3.0919616
3026084,934.4821
3026085,59.19749
3026086,59.19749
3026087,59.19749
3026088,59.19749
3026089,59.19749
3026090,236.58311
3026091,934.4821
3026092,59.19749
3026093,59.19749
3026094,236.58311
3026095,59.19749
3026096,59.19749
3026097,59.19749
3026098,-3.6867602
3026099,-3.6867602
3026100,-3.6867602
3026101,-3.6867602
3026102,-3.6867602
3026103,-3.6867602
3026104,-3.6867602
3026105,-3.6867602
3026106,-3.6867602
3026107,-3.6867602
3026108,-3.6867602
3026109,-3.6867602
3026110,-3.6867602
3026111,-3.6867602
3026112,-3.6867602
3026113,-3.6867602
3026114,2588.6138
3026115,999.6658
3026116,645.6258
3026117,999.6658
3026118,999.6658
3026119,595.73737
3026120,658.3509
3026121,2590.884
3026122,630.4546
3026123,542.21564
3026124,542.21564
3026125,542.21564
3026126,630.4546
3026127,448.5096
3026128,2574.6396
3026129,484.44913
3026130,1585.8619
3026131,1801.0505
3026132,1801.0505
3026133,1796.6389
3026134,1813.1838
3026135,1834.9004
3026136,1924.7316
3026137,1929.019
3026138,1924.6074
3026139,1835.0411
3026140,1835.0411
3026141,1938.7257
3026142,1943.1373
3026143,1938.5897
3026144,1938.4049
3026145,1838.2452
3026146,-1.8491474
3026147,-1.8491474
3026148,676.3091
3026149,-1.2543479
3026150,-1.2543479
3026151,-1.2543479
3026152,-1.2543479
3026153,-1.2543479
3026154,-1.2543479
3026155,622.2981
3026156,-19.110117
3026157,-19.110117
3026158,158.17227
3026159,158.17227
3026160,158.17227
3026161,210.40189
3026162,-2.7259047
3026163,-2.7259047
3026164,-2.7259047
3026165,-2.7259047
3026166,-2.7259047
3026167,-2.7259047
3026168,-2.7259047
3026169,-2.7259047
3026170,275.6516
3026171,-2.1311047
3026172,-2.1311047
3026173,-2.1311047
3026174,-2.1311047
3026175,-2.1311047
3026176,-2.1311047
3026177,-2.7259047
3026178,-2.7259047
3026179,-2.7259047
3026180,-2.7259047
3026181,-2.7259047
3026182,-2.7259047
3026183,-2.7259047
3026184,-2.7259047
3026185,-2.7259047
3026186,-2.7259047
3026187,-2.7259047
3026188,-2.7259047
3026189,-2.7259047
3026190,-2.7259047
3026191,-2.7259047
3026192,-2.7259047
3026193,-2.7259047
3026194,640.69104
3026195,275.6516
3026196,275.6516
3026197,640.69104
3026198,275.6516
3026199,274.4503
3026200,690.8976
3026201,690.8976
3026202,326.5764
3026203,326.5764
3026204,274.34708
3026205,274.34708
3026206,274.34708
3026207,274.34708
3026208,274.34708
3026209,274.34708
3026210,1951.8057
3026211,2182.4956
3026212,2199.0405
3026213,2400.4497
3026214,2487.5356
3026215,2501.2021
3026216,2882.9307
3026217,2293.434
3026218,2197.1116
3026219,2167.4373
3026220,2166.0376
3026221,2166.0376
3026222,2166.0376
3026223,2170.0034
3026224,2231.7737
3026225,2187.7104
3026226,-2.7090101
3026227,-2.7090101
3026228,-2.7090101
3026229,-2.7090101
3026230,-2.7090101
3026231,-2.7090101
3026232,-2.7090101
3026233,-2.7090101
3026234,-2.7090101
3026235,-2.7090101
3026236,-2.7090101
3026237,-2.7090101
3026238,-2.7090101
3026239,-2.7090101
3026240,-2.7090101
3026241,-2.7090101
3026242,2185.8394
3026243,2256.4902
3026244,2256.2612
3026245,2256.2612
3026246,2272.8062
3026247,2272.8062
3026248,2467.7483
3026249,1751.131
3026250,2497.9968
3026251,2497.9968
3026252,2526.4558
3026253,2497.615
3026254,2497.479
3026255,2526.135
3026256,2501.203
3026257,2529.8772
3026258,-2.7090101
3026259,-2.7090101
3026260,-2.7090101
3026261,-2.7090101
3026262,-2.7090101
3026263,-2.7090101
3026264,-2.7090101
3026265,-2.7090101
3026266,-2.7090101
3026267,-2.7090101
3026268,-2.7090101
3026269,-2.7090101
3026270,-2.7090101
3026271,-2.7090101
3026272,-2.7090101
3026273,-2.7090101
3026274,1515.5962
3026275,2261.4397
3026276,2261.4397
3026277,2277.9846
3026278,2271.5173
3026279,1494.5339
3026280,2479.3938
3026281,2444.2134
3026282,2051.993
3026283,2458.7136
3026284,2458.4966
3026285,2100.5808
3026286,2126.0693
3026287,2120.1404
3026288,2532.0037
3026289,2129.8115
3026290,1241.7311
3026291,1650.9984
3026292,1581.7688
3026293,1662.4602
3026294,1928.3395
3026295,1712.5095
3026296,1712.3735
3026297,1716.3575
3026298,2375.8198
3026299,1969.807
3026300,1969.807
3026301,1969.7305
3026302,1969.7305
3026303,1931.6519
3026304,1949.7474
3026305,1949.7474
3026306,1759.9761
3026307,1017.81244
3026308,2510.6792
3026309,1757.1279
3026310,2270.9995
3026311,1780.9421
3026312,1780.725
3026313,2270.7825
3026314,2270.7825
3026315,1531.2056
3026316,2282.3088
3026317,2281.8474
3026318,2281.8474
3026319,2281.8474
3026320,2281.8474
3026321,2281.8474
3026322,275.66852
3026323,-2.11421
3026324,1148.7401
3026325,76.82965
3026326,76.82965
3026327,76.82965
3026328,76.82965
3026329,76.82965
3026330,76.82965
3026331,1148.7401
3026332,76.82965
3026333,76.82965
3026334,76.82965
3026335,76.82965
3026336,76.82965
3026337,76.82965
3026338,275.66852
3026339,-2.11421
3026340,275.66852
3026341,-2.11421
3026342,-2.11421
3026343,-2.11421
3026344,-2.11421
3026345,-2.11421
3026346,-2.11421
3026347,275.66852
3026348,-2.11421
3026349,-2.11421
3026350,-2.11421
3026351,275.66852
3026352,275.66852
3026353,275.66852
3026354,2106.1624
3026355,2293.5115
3026356,2327.4033
3026357,2296.2712
3026358,2300.0134
3026359,2323.5918
3026360,2368.0342
3026361,2443.5168
3026362,2442.6685
3026363,2406.2603
3026364,2439.9736
3026365,2458.4172
3026366,2428.9463
3026367,2416.496
3026368,3968.7834
3026369,4359.171
3026370,-2.9809985
3026371,-2.9809985
3026372,-2.9809985
3026373,-2.9809985
3026374,-2.9809985
3026375,-2.9809985
3026376,-2.9809985
3026377,-2.9809985
3026378,-2.9809985
3026379,-2.9809985
3026380,-2.9809985
3026381,-2.9809985
3026382,-2.9809985
3026383,-2.9809985
3026384,-2.9809985
3026385,-2.9809985
3026386,-2.9809985
3026387,-2.9809985
3026388,-2.9809985
3026389,-2.9809985
3026390,-2.9809985
3026391,-2.9809985
3026392,-2.9809985
3026393,-2.9809985
3026394,-2.9809985
3026395,-2.9809985
3026396,-2.9809985
3026397,-2.9809985
3026398,-2.9809985
3026399,-2.9809985
3026400,-2.9809985
3026401,-2.9809985
3026402,267.1419
3026403,175.36943
3026404,-2.3861983
3026405,175.36943
3026406,175.36943
3026407,175.36943
3026408,248.46425
3026409,157.51367
3026410,248.46425
3026411,157.51367
3026412,157.41046
3026413,157.41046
3026414,157.41046
3026415,157.41046
3026416,-20.345171
3026417,157.41046
3026418,678.2274
3026419,322.84866
3026420,300.69394
3026421,209.74332
3026422,300.59073
3026423,411.28397
3026424,336.75833
3026425,336.89963
3026426,411.05496
3026427,336.67062
3026428,411.05496
3026429,411.05496
3026430,411.05496
3026431,410.91367
3026432,410.91367
3026433,336.52933
3026434,-2.9809985
3026435,-2.9809985
3026436,-2.9809985
3026437,-2.9809985
3026438,-2.9809985
3026439,-2.9809985
3026440,-2.9809985
3026441,-2.9809985
3026442,-2.9809985
3026443,-2.9809985
3026444,-2.9809985
3026445,-2.9809985
3026446,-2.9809985
3026447,-2.9809985
3026448,-2.9809985
3026449,-2.9809985
3026450,1808.898
3026451,875.24786
3026452,1345.6478
3026453,875.01886
3026454,1345.6478
3026455,712.424
3026456,891.75244
3026457,891.75244
3026458,1362.1927
3026459,1362.1927
3026460,1362.0686
3026461,1362.0686
3026462,762.7984
3026463,742.0541
3026464,742.0541
3026465,336.47522
3026466,175.51196
3026467,678.36993
3026468,-2.2436724
3026469,248.60683
3026470,875.24786
3026471,755.58215
3026472,336.67184
3026473,411.0562
3026474,398.633
3026475,1345.6478
3026476,755.35315
3026477,875.2076
3026478,411.0562
3026479,755.35315
3026480,755.35315
3026481,398.633
3026482,1459.7223
3026483,68.33577
3026484,68.33577
3026485,68.33577
3026486,68.33577
3026487,68.33577
3026488,68.33577
3026489,667.185
3026490,-20.202646
3026491,-20.202646
3026492,-20.202646
3026493,-20.202646
3026494,-20.202646
3026495,-20.202646
3026496,786.48035
3026497,-20.431658
3026498,721.29913
3026499,175.51196
3026500,175.51196
3026501,375.22083
3026502,755.72345
3026503,68.33577
3026504,337.04214
3026505,411.4265
3026506,411.4265
3026507,411.0562
3026508,755.35315
3026509,755.35315
3026510,411.0562
3026511,411.0562
3026512,411.0562
3026513,336.67184
3026514,1808.898
3026515,755.72345
3026516,875.4366
3026517,712.424
3026518,755.35315
3026519,712.424
3026520,755.35315
3026521,755.35315
3026522,411.0562
3026523,398.633
3026524,755.35315
3026525,398.633
3026526,411.0562
3026527,336.67184
3026528,336.67184
3026529,336.67184
3026530,-2.8384726
3026531,-2.8384726
3026532,-2.8384726
3026533,-2.8384726
3026534,-2.8384726
3026535,-2.8384726
3026536,-2.8384726
3026537,-2.8384726
3026538,-2.8384726
3026539,-2.8384726
3026540,-2.8384726
3026541,-2.8384726
3026542,-2.8384726
3026543,-2.8384726
3026544,-2.8384726
3026545,-2.8384726
3026546,-2.8384726
3026547,-2.8384726
3026548,1247.7971
3026549,76.59067
3026550,76.59067
3026551,76.59067
3026552,76.59067
3026553,76.59067
3026554,76.59067
3026555,1247.673
3026556,68.779335
3026557,68.779335
3026558,68.779335
3026559,68.779335
3026560,68.779335
3026561,68.779335
3026562,1627.714
3026563,1798.0192
3026564,1798.0192
3026565,1708.9535
3026566,1814.5641
3026567,1955.361
3026568,1885.7131
3026569,1484.5637
3026570,1994.8044
3026571,1494.7296
3026572,1503.0254
3026573,1494.5936
3026574,1528.5135
3026575,1523.9598
3026576,1928.8767
3026577,1523.9598
3026578,-2.5001485
3026579,-2.5001485
3026580,-2.5001485
3026581,-2.5001485
3026582,-2.5001485
3026583,-2.5001485
3026584,-2.5001485
3026585,-2.5001485
3026586,-2.5001485
3026587,-2.5001485
3026588,-2.5001485
3026589,-2.5001485
3026590,-2.5001485
3026591,-2.5001485
3026592,-2.5001485
3026593,-2.5001485
3026594,-2.5001485
3026595,-2.5001485
3026596,-2.5001485
3026597,-2.5001485
3026598,-2.5001485
3026599,-2.5001485
3026600,-2.5001485
3026601,-2.5001485
3026602,-2.5001485
3026603,175.48024
3026604,-1.9053482
3026605,-1.9053482
3026606,-1.9053482
3026607,-1.9053482
3026608,-1.9053482
3026609,-1.9053482
3026610,-2.5001485
3026611,-2.5001485
3026612,1065.3217
3026613,60.384098
3026614,60.384098
3026615,60.384098
3026616,60.384098
3026617,60.384098
3026618,60.384098
3026619,1065.1975
3026620,57.061634
3026621,57.061634
3026622,57.061634
3026623,228.54785
3026624,52.572765
3026625,52.572765
3026626,-2.5001485
3026627,-2.5001485
3026628,-2.5001485
3026629,-2.5001485
3026630,-2.5001485
3026631,-2.5001485
3026632,-2.5001485
3026633,-2.5001485
3026634,-2.5001485
3026635,-2.5001485
3026636,-2.5001485
3026637,-2.5001485
3026638,-2.5001485
3026639,-2.5001485
3026640,-2.5001485
3026641,-2.5001485
3026642,2569.671
3026643,1000.85236
3026644,1000.85236
3026645,985.7045
3026646,985.7045
3026647,596.92395
3026648,659.5375
3026649,2571.9412
3026650,657.24713
3026651,594.63354
3026652,594.63354
3026653,594.63354
3026654,657.24713
3026655,657.24713
3026656,2568.4182
3026657,448.68884
3026658,1587.0486
3026659,1797.8256
3026660,1802.2372
3026661,1802.2372
3026662,1814.3705
3026663,1818.7821
3026664,1925.9182
3026665,1821.8923
3026666,1925.7941
3026667,1940.1295
3026668,1940.1295
3026669,1836.0106
3026670,1939.9124
3026671,1835.8746
3026672,1939.5916
3026673,1839.4319
3026674,-0.6625361
3026675,-0.6625361
3026676,840.13794
3026677,-0.06773682
3026678,-0.06773682
3026679,-0.06773682
3026680,-0.06773682
3026681,-0.06773682
3026682,159.46211
3026683,786.0238
3026684,159.3589
3026685,-18.026709
3026686,211.58852
3026687,211.58852
3026688,211.58852
3026689,211.58852
3026690,-2.7259047
3026691,-2.7259047
3026692,-2.7259047
3026693,-2.7259047
3026694,-2.7259047
3026695,-2.7259047
3026696,-2.7259047
3026697,-2.7259047
3026698,-2.7259047
3026699,-2.7259047
3026700,-2.7259047
3026701,-2.7259047
3026702,-2.7259047
3026703,-2.7259047
3026704,-2.7259047
3026705,-2.7259047
3026706,-2.7259047
3026707,-2.7259047
3026708,-2.7259047
3026709,-2.7259047
3026710,-2.7259047
3026711,-2.7259047
3026712,-2.7259047
3026713,-2.7259047
3026714,-2.7259047
3026715,-2.7259047
3026716,-2.7259047
3026717,-2.7259047
3026718,-2.7259047
3026719,-2.7259047
3026720,-2.7259047
3026721,-2.7259047
3026722,640.69104
3026723,640.69104
3026724,640.69104
3026725,638.6679
3026726,690.8976
3026727,690.8976
3026728,690.79443
3026729,690.79443
3026730,326.5764
3026731,326.5764
3026732,326.5764
3026733,326.5764
3026734,274.34708
3026735,274.34708
3026736,274.34708
3026737,-3.4356594
3026738,1951.8057
3026739,2208.8164
3026740,2214.939
3026741,2229.705
3026742,2431.2415
3026743,2477.7544
3026744,2894.782
3026745,2293.434
3026746,2293.298
3026747,2191.5483
3026748,2196.945
3026749,2159.152
3026750,2159.152
3026751,2264.6443
3026752,2166.0376
3026753,2163.7004
3026754,-2.7090101
3026755,-2.7090101
3026756,-2.7090101
3026757,-2.7090101
3026758,-2.7090101
3026759,-2.7090101
3026760,-2.7090101
3026761,-2.7090101
3026762,-2.7090101
3026763,-2.7090101
3026764,-2.7090101
3026765,-2.7090101
3026766,-2.7090101
3026767,-2.7090101
3026768,-2.7090101
3026769,-2.7090101
3026770,2185.8394
3026771,2256.4902
3026772,2256.2612
3026773,2256.2612
3026774,2272.8062
3026775,2272.8062
3026776,2438.9075
3026777,2041.7524
3026778,2474.3428
3026779,2488.6782
3026780,2488.6782
3026781,2488.4612
3026782,2453.1533
3026783,2488.4612
3026784,2481.8582
3026785,2488.1404
3026786,-2.7090101
3026787,-2.7090101
3026788,-2.7090101
3026789,-2.7090101
3026790,-2.7090101
3026791,-2.7090101
3026792,-2.7090101
3026793,-2.7090101
3026794,-2.7090101
3026795,-2.7090101
3026796,-2.7090101
3026797,-2.7090101
3026798,-2.7090101
3026799,-2.7090101
3026800,-2.7090101
3026801,-2.7090101
3026802,2160.9785
3026803,1276.7689
3026804,1747.2095
3026805,1276.5802
3026806,1763.7544
3026807,2277.9846
3026808,2479.3938
3026809,2271.6448
3026810,2287.303
3026811,2458.5488
3026812,2051.993
3026813,2502.9583
3026814,2518.8718
3026815,2531.4983
3026816,2531.3135
3026817,2506.5461
3026818,1270.0592
3026819,1670.9814
3026820,1872.3907
3026821,1916.9799
3026822,1942.6039
3026823,1946.435
3026824,1712.5095
3026825,1712.449
3026826,2372.0776
3026827,2375.9846
3026828,1963.9565
3026829,1965.4636
3026830,1963.88
3026831,1969.7305
3026832,1960.2517
3026833,1960.2517
3026834,1759.9761
3026835,1488.4417
3026836,1455.0763
3026837,1731.5038
3026838,2261.5208
3026839,2270.9995
3026840,1310.3126
3026841,2270.7825
3026842,1780.725
3026843,1508.8073
3026844,2282.3088
3026845,2282.3088
3026846,2281.8474
3026847,2281.8474
3026848,2281.8474
3026849,2281.8474
3026850,275.66852
3026851,-2.11421
3026852,1246.2908
3026853,84.74938
3026854,84.74938
3026855,84.74938
3026856,84.74938
3026857,84.74938
3026858,84.74938
3026859,1252.9832
3026860,84.74938
3026861,84.74938
3026862,84.74938
3026863,84.74938
3026864,84.74938
3026865,84.74938
3026866,275.66852
3026867,-2.11421
3026868,-2.11421
3026869,-2.11421
3026870,-2.11421
3026871,-2.11421
3026872,-2.11421
3026873,-2.7090101
3026874,-2.7090101
3026875,-2.7090101
3026876,-2.7090101
3026877,-2.7090101
3026878,-2.7090101
3026879,275.66852
3026880,275.66852
3026881,-2.11421
3026882,2106.1624
3026883,2290.541
3026884,2324.65
3026885,2293.3008
3026886,2270.0525
3026887,2296.9663
3026888,2370.447
3026889,2323.1404
3026890,2322.244
3026891,2424.2222
3026892,2424.2222
3026893,2402.5906
3026894,2426.6333
3026895,2444.6462
3026896,3577.404
3026897,3663.5413
3026898,-2.9809985
3026899,-2.9809985
3026900,-2.9809985
3026901,-2.9809985
3026902,-2.9809985
3026903,-2.9809985
3026904,-2.9809985
3026905,-2.9809985
3026906,-2.9809985
3026907,-2.9809985
3026908,-2.9809985
3026909,-2.9809985
3026910,-2.9809985
3026911,-2.9809985
3026912,-2.9809985
3026913,-2.9809985
3026914,-2.9809985
3026915,-2.9809985
3026916,-2.9809985
3026917,-2.9809985
3026918,-2.9809985
3026919,-2.9809985
3026920,-2.9809985
3026921,-2.9809985
3026922,-2.9809985
3026923,-2.9809985
3026924,-2.9809985
3026925,-2.9809985
3026926,-2.9809985
3026927,-2.9809985
3026928,-2.9809985
3026929,-2.9809985
3026930,267.1419
3026931,175.36943
3026932,175.36943
3026933,-2.3861983
3026934,175.36943
3026935,-2.3861983
3026936,-2.3861983
3026937,-2.3861983
3026938,175.36943
3026939,-2.3861983
3026940,248.46425
3026941,157.51367
3026942,-20.241966
3026943,248.46425
3026944,157.51367
3026945,-20.241966
3026946,678.2274
3026947,-2.3861983
3026948,248.46425
3026949,300.69394
3026950,300.69394
3026951,300.59073
3026952,336.89963
3026953,300.59073
3026954,300.59073
3026955,300.59073
3026956,209.6401
3026957,300.36172
3026958,31.655458
3026959,300.36172
3026960,374.74606
3026961,374.74606
3026962,-2.9809985
3026963,-2.9809985
3026964,-2.9809985
3026965,-2.9809985
3026966,-2.9809985
3026967,-2.9809985
3026968,-2.9809985
3026969,-2.9809985
3026970,-2.9809985
3026971,-2.9809985
3026972,-2.9809985
3026973,-2.9809985
3026974,-2.9809985
3026975,-2.9809985
3026976,-2.9809985
3026977,-2.9809985
3026978,1739.1569
3026979,755.72345
3026980,755.58215
3026981,755.35315
3026982,875.2076
3026983,875.2076
3026984,712.424
3026985,712.424
3026986,875.2076
3026987,712.424
3026988,875.2076
3026989,755.35315
3026990,411.0562
3026991,390.78357
3026992,389.53336
3026993,326.62863
3026994,267.28455
3026995,341.66873
3026996,310.568
3026997,875.4366
3026998,755.58215
3026999,411.0562
3027000,411.0562
3027001,336.67184
3027002,336.67184
3027003,755.35315
3027004,755.35315
3027005,1345.6478
3027006,755.35315
3027007,875.2076
3027008,237.80147
3027009,398.633
3027010,1459.7223
3027011,68.33577
3027012,68.33577
3027013,68.33577
3027014,68.33577
3027015,68.33577
3027016,68.33577
3027017,310.46478
3027018,-20.202646
3027019,-20.202646
3027020,-20.202646
3027021,-20.202646
3027022,-20.202646
3027023,-20.202646
3027024,310.23578
3027025,157.32397
3027026,721.29913
3027027,-2.2436724
3027028,-2.2436724
3027029,-2.2436724
3027030,-2.2436724
3027031,-2.2436724
3027032,-2.2436724
3027033,-2.8384726
3027034,-2.8384726
3027035,-2.8384726
3027036,-2.8384726
3027037,-2.8384726
3027038,-2.8384726
3027039,-2.8384726
3027040,-2.8384726
3027041,-2.8384726
3027042,1808.898
3027043,875.24786
3027044,1345.6478
3027045,1345.6478
3027046,712.424
3027047,398.633
3027048,398.633
3027049,755.35315
3027050,755.35315
3027051,398.633
3027052,755.35315
3027053,755.35315
3027054,336.67184
3027055,411.0562
3027056,336.67184
3027057,403.2068
3027058,-2.8384726
3027059,-2.8384726
3027060,-2.8384726
3027061,-2.8384726
3027062,-2.8384726
3027063,-2.8384726
3027064,-2.8384726
3027065,-2.8384726
3027066,-2.8384726
3027067,-2.8384726
3027068,-2.8384726
3027069,-2.8384726
3027070,-2.8384726
3027071,-2.8384726
3027072,-2.8384726
3027073,-2.8384726
3027074,-2.8384726
3027075,-2.8384726
3027076,1171.8093
3027077,76.59067
3027078,76.59067
3027079,76.59067
3027080,76.59067
3027081,76.59067
3027082,76.59067
3027083,1171.6852
3027084,68.779335
3027085,68.779335
3027086,68.779335
3027087,68.779335
3027088,68.779335
3027089,68.779335
3027090,1465.4402
3027091,1798.0192
3027092,1804.4861
3027093,1821.031
3027094,1707.0455
3027095,1948.894
3027096,1955.2368
3027097,1436.1495
3027098,1963.1053
3027099,1963.1053
3027100,1855.3698
3027101,1494.7296
3027102,1994.4513
3027103,1041.1263
3027104,1962.5674
3027105,1515.3126
3027106,-2.5001485
3027107,-2.5001485
3027108,-2.5001485
3027109,-2.5001485
3027110,-2.5001485
3027111,-2.5001485
3027112,-2.5001485
3027113,-2.5001485
3027114,-2.5001485
3027115,-2.5001485
3027116,-2.5001485
3027117,-2.5001485
3027118,-2.5001485
3027119,-2.5001485
3027120,-2.5001485
3027121,-2.5001485
3027122,-2.5001485
3027123,-2.5001485
3027124,-2.5001485
3027125,-2.5001485
3027126,-2.5001485
3027127,-2.5001485
3027128,-2.5001485
3027129,-2.5001485
3027130,-2.5001485
3027131,-2.5001485
3027132,175.48024
3027133,-1.9053482
3027134,-1.9053482
3027135,-1.9053482
3027136,-1.9053482
3027137,-1.9053482
3027138,175.48024
3027139,-1.9053482
3027140,979.63184
3027141,60.384098
3027142,60.384098
3027143,60.384098
3027144,60.384098
3027145,60.384098
3027146,60.384098
3027147,975.9906
3027148,57.264683
3027149,57.264683
3027150,57.264683
3027151,57.264683
3027152,57.264683
3027153,57.264683
3027154,-2.5001485
3027155,-2.5001485
3027156,-2.5001485
3027157,-2.5001485
3027158,-2.5001485
3027159,-2.5001485
3027160,-2.5001485
3027161,-2.5001485
3027162,-2.5001485
3027163,-2.5001485
3027164,-2.5001485
3027165,-2.5001485
3027166,-2.5001485
3027167,-2.5001485
3027168,-2.5001485
3027169,-2.5001485
3027170,2569.671
3027171,659.5375
3027172,1000.85236
3027173,985.7045
3027174,646.8124
3027175,659.5375
3027176,659.5375
3027177,2571.9412
3027178,548.85657
3027179,548.85657
3027180,449.69617
3027181,542.7814
3027182,542.7814
3027183,449.07538
3027184,2568.4182
3027185,555.00964
3027186,1587.0486
3027187,1642.687
3027188,1642.687
3027189,1814.3705
3027190,1814.3705
3027191,1822.0165
3027192,1866.354
3027193,1866.354
3027194,1880.6895
3027195,1880.6895
3027196,1984.374
3027197,1880.4723
3027198,1984.238
3027199,1944.0032
3027200,1839.5984
3027201,1839.4319
3027202,-0.6625361
3027203,-0.6625361
3027204,308.2844
3027205,-0.06773682
3027206,-0.06773682
3027207,-0.06773682
3027208,-0.06773682
3027209,-0.06773682
3027210,177.31787
3027211,289.60687
3027212,159.46211
3027213,-17.923504
3027214,-17.923504
3027215,159.46211
3027216,159.46211
3027217,159.3589
3027218,-2.7259047
3027219,-2.7259047
3027220,-2.7259047
3027221,-2.7259047
3027222,-2.7259047
3027223,-2.7259047
3027224,-2.7259047
3027225,-2.7259047
3027226,-2.7259047
3027227,-2.7259047
3027228,-2.7259047
3027229,-2.7259047
3027230,-2.7259047
3027231,-2.7259047
3027232,-2.7259047
3027233,-2.7259047
3027234,-2.7259047
3027235,-2.7259047
3027236,-2.7259047
3027237,-2.7259047
3027238,-2.7259047
3027239,-2.7259047
3027240,-2.7259047
3027241,-2.7259047
3027242,-2.7259047
3027243,-2.7259047
3027244,-2.7259047
3027245,-2.7259047
3027246,-2.7259047
3027247,-2.7259047
3027248,-2.7259047
3027249,-2.7259047
3027250,640.69104
3027251,275.6516
3027252,275.6516
3027253,640.69104
3027254,275.6516
3027255,274.4503
3027256,-3.332455
3027257,274.4503
3027258,-3.332455
3027259,-3.332455
3027260,-3.332455
3027261,274.4503
3027262,-3.332455
3027263,274.4503
3027264,274.4503
3027265,-3.332455
3027266,1951.8057
3027267,2213.16
3027268,2229.705
3027269,2431.114
3027270,2456.4739
3027271,2471.4722
3027272,2486.436
3027273,2187.9421
3027274,2293.298
3027275,2297.0403
3027276,2139.165
3027277,2166.0376
3027278,2164.5488
3027279,2164.5488
3027280,2164.8813
3027281,2231.7737
3027282,-2.7090101
3027283,-2.7090101
3027284,-2.7090101
3027285,-2.7090101
3027286,-2.7090101
3027287,-2.7090101
3027288,-2.7090101
3027289,-2.7090101
3027290,-2.7090101
3027291,-2.7090101
3027292,-2.7090101
3027293,-2.7090101
3027294,-2.7090101
3027295,-2.7090101
3027296,-2.7090101
3027297,-2.7090101
3027298,2185.8394
3027299,2249.794
3027300,2256.2612
3027301,2220.9531
3027302,2266.3389
3027303,2272.8062
3027304,2467.7483
3027305,2048.1353
3027306,2488.6782
3027307,2488.6782
3027308,2488.6782
3027309,2488.4612
3027310,1974.2305
3027311,1974.2305
3027312,2286.916
3027313,1772.5006
3027314,-2.7090101
3027315,-2.7090101
3027316,-2.7090101
3027317,-2.7090101
3027318,-2.7090101
3027319,-2.7090101
3027320,-2.7090101
3027321,-2.7090101
3027322,-2.7090101
3027323,-2.7090101
3027324,-2.7090101
3027325,-2.7090101
3027326,-2.7090101
3027327,-2.7090101
3027328,-2.7090101
3027329,-2.7090101
3027330,1533.2177
3027331,1276.5802
3027332,2261.4397
3027333,1763.7544
3027334,2277.9846
3027335,2479.3938
3027336,1494.7227
3027337,2278.112
3027338,1293.2526
3027339,1089.7653
3027340,2285.9802
3027341,2285.9802
3027342,2292.2305
3027343,2285.7632
3027344,2458.3606
3027345,1508.6437
3027346,1270.0592
3027347,1666.6381
3027348,1852.4077
3027349,1878.9012
3027350,1928.3395
3027351,1946.435
3027352,1946.2179
3027353,1712.449
3027354,2375.8198
3027355,2375.9846
3027356,1965.4636
3027357,1965.4636
3027358,2375.7432
3027359,1969.7305
3027360,1960.2517
3027361,1954.4012
3027362,1759.9761
3027363,1017.81244
3027364,1303.3473
3027365,2221.561
3027366,1757.1279
3027367,1300.8339
3027368,1780.9421
3027369,2270.9995
3027370,1310.0955
3027371,1491.2972
3027372,2264.725
3027373,2264.725
3027374,1303.1007
3027375,2272.83
3027376,2272.83
3027377,1781.7085
3027378,275.66852
3027379,-2.11421
3027380,1147.4911
3027381,76.82965
3027382,76.82965
3027383,76.82965
3027384,76.82965
3027385,84.74938
3027386,84.74938
3027387,1147.4911
3027388,84.74938
3027389,84.74938
3027390,84.74938
3027391,84.74938
3027392,84.74938
3027393,84.74938
3027394,275.66852
3027395,-2.11421
3027396,275.66852
3027397,-2.11421
3027398,-2.11421
3027399,-2.11421
3027400,-2.11421
3027401,-2.11421
3027402,-2.11421
3027403,-2.7090101
3027404,275.66852
3027405,-2.11421
3027406,-2.11421
3027407,275.66852
3027408,275.66852
3027409,275.66852
3027410,2139.8757
3027411,2290.541
3027412,2324.65
3027413,2293.3008
3027414,2297.043
3027415,2297.043
3027416,2366.6997
3027417,2299.9368
3027418,2323.5918
3027419,2321.3955
3027420,2365.547
3027421,2465.2373
3027422,2439.9736
3027423,2444.6462
3027424,3882.6462
3027425,3663.5413
3027426,-2.9809985
3027427,-2.9809985
3027428,-2.9809985
3027429,-2.9809985
3027430,-2.9809985
3027431,-2.9809985
3027432,-2.9809985
3027433,-2.9809985
3027434,-2.9809985
3027435,-2.9809985
3027436,-2.9809985
3027437,-2.9809985
3027438,-2.9809985
3027439,-2.9809985
3027440,-2.9809985
3027441,-2.9809985
3027442,-2.9809985
3027443,-2.9809985
3027444,-2.9809985
3027445,-2.9809985
3027446,-2.9809985
3027447,-2.9809985
3027448,-2.9809985
3027449,-2.9809985
3027450,-2.9809985
3027451,-2.9809985
3027452,-2.9809985
3027453,-2.9809985
3027454,-2.9809985
3027455,-2.9809985
3027456,-2.9809985
3027457,-2.9809985
3027458,267.1419
3027459,-2.3861983
3027460,-2.3861983
3027461,175.36943
3027462,-2.3861983
3027463,-2.3861983
3027464,267.1419
3027465,-2.3861983
3027466,-2.3861983
3027467,-2.3861983
3027468,267.1419
3027469,157.51367
3027470,157.51367
3027471,157.51367
3027472,157.51367
3027473,157.51367
3027474,678.2274
3027475,248.46425
3027476,375.07828
3027477,300.59073
3027478,336.89963
3027479,336.89963
3027480,336.75833
3027481,411.28397
3027482,245.9489
3027483,300.36172
3027484,300.36172
3027485,300.36172
3027486,300.36172
3027487,300.36172
3027488,374.74606
3027489,336.67062
3027490,-2.9809985
3027491,-2.9809985
3027492,-2.9809985
3027493,-2.9809985
3027494,-2.9809985
3027495,-2.9809985
3027496,-2.9809985
3027497,-2.9809985
3027498,-2.9809985
3027499,-2.9809985
3027500,-2.9809985
3027501,-2.9809985
3027502,-2.9809985
3027503,-2.9809985
3027504,-2.9809985
3027505,-2.9809985
3027506,1732.69
3027507,399.0033
3027508,875.4366
3027509,875.2076
3027510,875.01886
3027511,712.424
3027512,755.35315
3027513,712.424
3027514,398.633
3027515,398.633
3027516,755.35315
3027517,712.424
3027518,67.96549
3027519,411.0562
3027520,411.0562
3027521,67.96549
3027522,-2.8384726
3027523,-2.8384726
3027524,-2.8384726
3027525,-2.8384726
3027526,-2.8384726
3027527,-2.8384726
3027528,-2.8384726
3027529,-2.8384726
3027530,-2.8384726
3027531,-2.8384726
3027532,-2.8384726
3027533,-2.8384726
3027534,-2.8384726
3027535,-2.8384726
3027536,-2.8384726
3027537,-2.8384726
3027538,1459.7223
3027539,68.33577
3027540,68.33577
3027541,68.33577
3027542,68.33577
3027543,68.33577
3027544,68.33577
3027545,786.8981
3027546,-20.202646
3027547,-20.202646
3027548,-20.202646
3027549,-20.202646
3027550,-20.202646
3027551,-20.202646
3027552,1766.8027
3027553,31.797985
3027554,721.29913
3027555,-2.2436724
3027556,-2.2436724
3027557,-2.2436724
3027558,-2.2436724
3027559,-2.2436724
3027560,-2.2436724
3027561,-2.8384726
3027562,-2.8384726
3027563,-2.8384726
3027564,-2.8384726
3027565,-2.8384726
3027566,-2.8384726
3027567,-2.8384726
3027568,-2.8384726
3027569,-2.8384726
3027570,822.14594
3027571,719.4146
3027572,712.653
3027573,755.35315
3027574,712.424
3027575,398.633
3027576,398.633
3027577,712.424
3027578,336.67184
3027579,398.633
3027580,398.633
3027581,398.633
3027582,411.0562
3027583,245.72115
3027584,245.72115
3027585,336.67184
3027586,-2.8384726
3027587,-2.8384726
3027588,-2.8384726
3027589,-2.8384726
3027590,-2.8384726
3027591,-2.8384726
3027592,-2.8384726
3027593,-2.8384726
3027594,-2.8384726
3027595,-2.8384726
3027596,-2.8384726
3027597,-2.8384726
3027598,-2.8384726
3027599,-2.8384726
3027600,-2.8384726
3027601,-2.8384726
3027602,-2.8384726
3027603,-2.8384726
3027604,1151.1454
3027605,60.045773
3027606,60.045773
3027607,60.045773
3027608,60.045773
3027609,60.045773
3027610,60.045773
3027611,1063.1343
3027612,52.23444
3027613,52.23444
3027614,52.23444
3027615,52.23444
3027616,52.23444
3027617,52.23444
3027618,1465.4402
3027619,1804.4861
3027620,1804.4861
3027621,1814.5641
3027622,1814.5641
3027623,1948.894
3027624,1955.2368
3027625,1948.7699
3027626,1026.2067
3027627,1512.1085
3027628,1857.4949
3027629,1454.2202
3027630,1857.2777
3027631,1511.7554
3027632,1969.0343
3027633,1453.8739
3027634,-2.5001485
3027635,-2.5001485
3027636,-2.5001485
3027637,-2.5001485
3027638,-2.5001485
3027639,-2.5001485
3027640,-2.5001485
3027641,-2.5001485
3027642,-2.5001485
3027643,-2.5001485
3027644,-2.5001485
3027645,-2.5001485
3027646,-2.5001485
3027647,-2.5001485
3027648,-2.5001485
3027649,-2.5001485
3027650,-2.5001485
3027651,175.48024
3027652,-1.9053482
3027653,175.48024
3027654,175.48024
3027655,-1.9053482
3027656,-1.9053482
3027657,-1.9053482
3027658,267.2528
3027659,-1.9053482
3027660,175.48024
3027661,175.48024
3027662,157.62448
3027663,157.62448
3027664,-19.761118
3027665,-19.761118
3027666,-2.5001485
3027667,-2.5001485
3027668,931.24023
3027669,60.384098
3027670,60.384098
3027671,60.384098
3027672,60.384098
3027673,60.384098
3027674,60.384098
3027675,931.24023
3027676,60.384098
3027677,60.384098
3027678,60.384098
3027679,60.384098
3027680,60.384098
3027681,60.384098
3027682,-2.5001485
3027683,-2.5001485
3027684,-2.5001485
3027685,-2.5001485
3027686,-2.5001485
3027687,-2.5001485
3027688,-2.5001485
3027689,-2.5001485
3027690,-2.5001485
3027691,-2.5001485
3027692,-2.5001485
3027693,-2.5001485
3027694,-2.5001485
3027695,-2.5001485
3027696,-2.5001485
3027697,-2.5001485
3027698,2601.3438
3027699,985.7045
3027700,1000.85236
3027701,985.7045
3027702,985.7045
3027703,596.92395
3027704,659.5375
3027705,2603.614
3027706,543.4022
3027707,449.69617
3027708,449.69617
3027709,543.4022
3027710,449.69617
3027711,449.69617
3027712,2600.091
3027713,390.98007
3027714,1587.0486
3027715,34.20292
3027716,34.20292
3027717,34.20292
3027718,34.20292
3027719,34.20292
3027720,34.20292
3027721,-18.621508
3027722,-18.621508
3027723,-18.621508
3027724,-18.621508
3027725,-18.621508
3027726,-18.621508
3027727,-18.621508
3027728,-18.621508
3027729,-18.621508
3027730,-0.6625361
3027731,-0.6625361
3027732,677.49567
3027733,-0.06773682
3027734,-0.06773682
3027735,-0.06773682
3027736,-0.06773682
3027737,177.31787
3027738,159.46211
3027739,289.60687
3027740,159.3589
3027741,159.3589
3027742,159.3589
3027743,211.58852
3027744,211.58852
3027745,211.58852
3027746,-2.7259047
3027747,-2.7259047
3027748,-2.7259047
3027749,-2.7259047
3027750,-2.7259047
3027751,-2.7259047
3027752,-2.7259047
3027753,-2.7259047
3027754,-2.7259047
3027755,-2.7259047
3027756,-2.7259047
3027757,-2.7259047
3027758,-2.7259047
3027759,-2.7259047
3027760,-2.7259047
3027761,-2.7259047
3027762,-2.7259047
3027763,-2.7259047
3027764,-2.7259047
3027765,-2.7259047
3027766,-2.7259047
3027767,-2.7259047
3027768,-2.7259047
3027769,-2.7259047
3027770,-2.7259047
3027771,-2.7259047
3027772,-2.7259047
3027773,-2.7259047
3027774,-2.7259047
3027775,-2.7259047
3027776,-2.7259047
3027777,-2.7259047
3027778,640.69104
3027779,-2.1311047
3027780,640.69104
3027781,640.69104
3027782,275.6516
3027783,638.6679
3027784,690.8976
3027785,326.6796
3027786,48.89719
3027787,-3.332455
3027788,274.34708
3027789,274.34708
3027790,274.34708
3027791,274.34708
3027792,-3.4356594
3027793,-3.4356594
3027794,1949.1816
3027795,2208.8164
3027796,2225.3616
3027797,2229.705
3027798,2431.2415
3027799,2477.7544
3027800,2501.2021
3027801,2293.434
3027802,2193.203
3027803,2169.5093
3027804,2166.0376
3027805,2166.0376
3027806,2164.5488
3027807,2208.372
3027808,2187.7104
3027809,2187.7104
3027810,-2.7090101
3027811,-2.7090101
3027812,-2.7090101
3027813,-2.7090101
3027814,-2.7090101
3027815,-2.7090101
3027816,-2.7090101
3027817,-2.7090101
3027818,-2.7090101
3027819,-2.7090101
3027820,-2.7090101
3027821,-2.7090101
3027822,-2.7090101
3027823,-2.7090101
3027824,-2.7090101
3027825,-2.7090101
3027826,2185.8394
3027827,2249.794
3027828,2249.794
3027829,2256.2612
3027830,2266.3389
3027831,2266.3389
3027832,2467.7483
3027833,2026.9869
3027834,2467.8757
3027835,2488.6782
3027836,2453.5352
3027837,2085.5662
3027838,2497.479
3027839,2497.2942
3027840,2501.3677
3027841,2501.0364
3027842,-2.7090101
3027843,-2.7090101
3027844,-2.7090101
3027845,-2.7090101
3027846,-2.7090101
3027847,-2.7090101
3027848,-2.7090101
3027849,-2.7090101
3027850,-2.7090101
3027851,-2.7090101
3027852,-2.7090101
3027853,-2.7090101
3027854,-2.7090101
3027855,-2.7090101
3027856,-2.7090101
3027857,-2.7090101
3027858,2160.9785
3027859,2261.4397
3027860,1747.2095
3027861,2261.4397
3027862,2277.9846
3027863,1293.1251
3027864,1494.7227
3027865,2242.804
3027866,2278.112
3027867,2458.5488
3027868,2458.5488
3027869,2051.776
3027870,2046.2833
3027871,2531.4983
3027872,2090.6084
3027873,2506.3796
3027874,1267.1147
3027875,1670.9814
3027876,1581.7688
3027877,1663.2885
3027878,1712.8021
3027879,1712.585
3027880,1946.2179
3027881,1712.449
3027882,1430.4404
3027883,2375.8198
3027884,1963.9565
3027885,1965.4636
3027886,1960.2517
3027887,1955.9083
3027888,1960.2517
3027889,1949.7474
3027890,1759.9761
3027891,1488.4417
3027892,1477.4746
3027893,1757.1279
3027894,1780.9421
3027895,2270.9995
3027896,2270.9995
3027897,1780.725
3027898,2270.7825
3027899,1531.2056
3027900,2282.3088
3027901,2281.8474
3027902,1156.837
3027903,1320.5577
3027904,2281.8474
3027905,1791.1873
3027906,275.66852
3027907,-2.11421
3027908,1246.2908
3027909,84.74938
3027910,84.74938
3027911,84.74938
3027912,84.74938
3027913,84.74938
3027914,84.74938
3027915,1147.4911
3027916,84.74938
3027917,84.74938
3027918,84.74938
3027919,84.74938
3027920,84.74938
3027921,84.74938
3027922,275.66852
3027923,-2.11421
3027924,275.66852
3027925,-2.11421
3027926,-2.11421
3027927,-2.11421
3027928,-2.11421
3027929,-2.11421
3027930,-2.11421
3027931,275.66852
3027932,-2.11421
3027933,-2.11421
3027934,-2.11421
3027935,275.66852
3027936,275.66852
3027937,275.66852
3027938,2106.1624
3027939,2293.5115
3027940,2327.4033
3027941,2266.3103
3027942,2300.0134
3027943,2323.5918
3027944,2363.7605
3027945,2323.5918
3027946,2442.6685
3027947,2443.6057
3027948,2543.4775
3027949,2458.4172
3027950,2462.66
3027951,2459.137
3027952,3968.7834
3027953,4359.171
3027954,-2.9809985
3027955,-2.9809985
3027956,-2.9809985
3027957,-2.9809985
3027958,-2.9809985
3027959,-2.9809985
3027960,-2.9809985
3027961,-2.9809985
3027962,-2.9809985
3027963,-2.9809985
3027964,-2.9809985
3027965,-2.9809985
3027966,-2.9809985
3027967,-2.9809985
3027968,-2.9809985
3027969,-2.9809985
3027970,-2.9809985
3027971,-2.9809985
3027972,-2.9809985
3027973,-2.9809985
3027974,-2.9809985
3027975,-2.9809985
3027976,-2.9809985
3027977,-2.9809985
3027978,-2.9809985
3027979,-2.9809985
3027980,-2.9809985
3027981,-2.9809985
3027982,-2.9809985
3027983,-2.9809985
3027984,-2.9809985
3027985,-2.9809985
3027986,267.1419
3027987,-2.3861983
3027988,267.1419
3027989,175.36943
3027990,-2.3861983
3027991,267.1419
3027992,-2.3861983
3027993,-2.3861983
3027994,157.51367
3027995,157.51367
3027996,-20.241966
3027997,157.51367
3027998,157.51367
3027999,157.51367
3028000,-20.241966
3028001,-20.241966
3028002,721.1566
3028003,267.1419
3028004,248.46425
3028005,209.74332
3028006,374.97507
3028007,336.89963
3028008,336.89963
3028009,300.59073
3028010,300.59073
3028011,209.6401
3028012,209.6401
3028013,300.36172
3028014,209.41109
3028015,300.36172
3028016,300.36172
3028017,209.41109
3028018,-2.9809985
3028019,-2.9809985
3028020,-2.9809985
3028021,-2.9809985
3028022,-2.9809985
3028023,-2.9809985
3028024,-2.9809985
3028025,-2.9809985
3028026,-2.9809985
3028027,-2.9809985
3028028,-2.9809985
3028029,-2.9809985
3028030,-2.9809985
3028031,-2.9809985
3028032,-2.9809985
3028033,-2.9809985
3028034,1739.1569
3028035,712.7943
3028036,712.653
3028037,875.2076
3028038,875.01886
3028039,712.424
3028040,712.424
3028041,875.01886
3028042,398.633
3028043,755.35315
3028044,1345.6478
3028045,875.01886
3028046,389.53336
3028047,746.25354
3028048,322.13977
3028049,401.95657
3028050,-2.8384726
3028051,-2.8384726
3028052,-2.8384726
3028053,-2.8384726
3028054,-2.8384726
3028055,-2.8384726
3028056,-2.8384726
3028057,-2.8384726
3028058,-2.8384726
3028059,-2.8384726
3028060,-2.8384726
3028061,-2.8384726
3028062,-2.8384726
3028063,-2.8384726
3028064,-2.8384726
3028065,-2.8384726
3028066,1459.7223
3028067,68.33577
3028068,68.33577
3028069,68.33577
3028070,68.33577
3028071,68.33577
3028072,68.33577
3028073,1766.8027
3028074,31.797985
3028075,31.797985
3028076,31.797985
3028077,31.797985
3028078,31.797985
3028079,209.55362
3028080,1766.8027
3028081,31.797985
3028082,341.66873
3028083,-2.2436724
3028084,-2.2436724
3028085,-2.2436724
3028086,-2.2436724
3028087,-2.2436724
3028088,-2.2436724
3028089,-2.8384726
3028090,-2.8384726
3028091,-2.8384726
3028092,-2.8384726
3028093,-2.8384726
3028094,-2.8384726
3028095,-2.8384726
3028096,-2.8384726
3028097,-2.8384726
3028098,1808.898
3028099,712.7943
3028100,875.4366
3028101,712.424
3028102,398.633
3028103,755.35315
3028104,755.35315
3028105,411.0562
3028106,336.67184
3028107,398.633
3028108,398.633
3028109,755.35315
3028110,398.633
3028111,336.67184
3028112,411.0562
3028113,336.67184
3028114,-2.8384726
3028115,-2.8384726
3028116,-2.8384726
3028117,-2.8384726
3028118,-2.8384726
3028119,-2.8384726
3028120,-2.8384726
3028121,-2.8384726
3028122,-2.8384726
3028123,-2.8384726
3028124,-2.8384726
3028125,-2.8384726
3028126,-2.8384726
3028127,-2.8384726
3028128,-2.8384726
3028129,-2.8384726
3028130,-2.8384726
3028131,-2.8384726
3028132,1171.8093
3028133,76.59067
3028134,76.59067
3028135,76.59067
3028136,76.59067
3028137,76.59067
3028138,76.59067
3028139,1171.6852
3028140,68.779335
3028141,68.779335
3028142,68.779335
3028143,68.779335
3028144,68.779335
3028145,68.779335
3028146,1465.4402
3028147,1804.4861
3028148,1798.0192
3028149,1814.5641
3028150,1814.5641
3028151,1955.361
3028152,1955.361
3028153,1841.2515
3028154,1026.2067
3028155,1512.1085
3028156,1835.2423
3028157,1828.7754
3028158,1450.2678
3028159,1855.2338
3028160,1855.049
3028161,1860.8655
3028162,-2.5001485
3028163,-2.5001485
3028164,-2.5001485
3028165,-2.5001485
3028166,-2.5001485
3028167,-2.5001485
3028168,-2.5001485
3028169,-2.5001485
3028170,-2.5001485
3028171,-2.5001485
3028172,-2.5001485
3028173,-2.5001485
3028174,-2.5001485
3028175,-2.5001485
3028176,-2.5001485
3028177,-2.5001485
3028178,-2.5001485
3028179,-2.5001485
3028180,-2.5001485
3028181,-2.5001485
3028182,-2.5001485
3028183,-2.5001485
3028184,-2.5001485
3028185,-2.5001485
3028186,-2.5001485
3028187,175.48024
3028188,175.48024
3028189,-1.9053482
3028190,-1.9053482
3028191,-1.9053482
3028192,-1.9053482
3028193,-1.9053482
3028194,-2.5001485
3028195,-2.5001485
3028196,935.44
3028197,60.384098
3028198,60.384098
3028199,60.384098
3028200,60.384098
3028201,60.384098
3028202,60.384098
3028203,935.44
3028204,60.384098
3028205,60.384098
3028206,60.384098
3028207,60.384098
3028208,60.384098
3028209,60.384098
3028210,-2.5001485
3028211,-2.5001485
3028212,-2.5001485
3028213,-2.5001485
3028214,-2.5001485
3028215,-2.5001485
3028216,-2.5001485
3028217,-2.5001485
3028218,-2.5001485
3028219,-2.5001485
3028220,-2.5001485
3028221,-2.5001485
3028222,-2.5001485
3028223,-2.5001485
3028224,-2.5001485
3028225,-2.5001485
3028226,2601.3438
3028227,659.5375
3028228,659.5375
3028229,985.7045
3028230,1000.85236
3028231,659.5375
3028232,659.5375
3028233,2603.614
3028234,631.6412
3028235,449.69617
3028236,543.4022
3028237,543.4022
3028238,631.6412
3028239,543.4022
3028240,2600.091
3028241,545.74506
3028242,1738.2825
3028243,34.30612
3028244,34.30612
3028245,34.30612
3028246,34.30612
3028247,34.30612
3028248,34.30612
3028249,-18.518303
3028250,-18.518303
3028251,-18.518303
3028252,-18.518303
3028253,-18.518303
3028254,-18.518303
3028255,-18.518303
3028256,-18.518303
3028257,-18.518303
3028258,-0.6625361
3028259,-0.6625361
3028260,320.7076
3028261,-0.06773682
3028262,-0.06773682
3028263,-0.06773682
3028264,-0.06773682
3028265,177.31787
3028266,-0.06773682
3028267,320.7076
3028268,159.46211
3028269,159.46211
3028270,159.46211
3028271,159.46211
3028272,159.46211
3028273,159.3589
3028274,-2.7259047
3028275,-2.7259047
3028276,-2.7259047
3028277,-2.7259047
3028278,-2.7259047
3028279,-2.7259047
3028280,-2.7259047
3028281,-2.7259047
3028282,-2.7259047
3028283,-2.7259047
3028284,-2.7259047
3028285,-2.7259047
3028286,-2.7259047
3028287,-2.7259047
3028288,-2.7259047
3028289,-2.7259047
3028290,-2.7259047
3028291,-2.7259047
3028292,-2.7259047
3028293,-2.7259047
3028294,-2.7259047
3028295,-2.7259047
3028296,-2.7259047
3028297,-2.7259047
3028298,-2.7259047
3028299,-2.7259047
3028300,-2.7259047
3028301,-2.7259047
3028302,-2.7259047
3028303,-2.7259047
3028304,-2.7259047
3028305,-2.7259047
3028306,640.69104
3028307,-2.1311047
3028308,-2.1311047
3028309,275.6516
3028310,275.6516
3028311,640.69104
3028312,-2.1311047
3028313,638.6679
3028314,274.4503
3028315,274.4503
3028316,274.4503
3028317,274.4503
3028318,274.34708
3028319,-3.4356594
3028320,274.34708
3028321,-3.4356594
3028322,1949.1816
3028323,2627.171
3028324,2590.1792
3028325,2214.939
3028326,2426.7705
3028327,2456.4739
3028328,2859.1165
3028329,2450.558
3028330,2283.9553
3028331,2187.8062
3028332,2297.0403
3028333,2192.7974
3028334,2264.6443
3028335,2159.152
3028336,2264.6443
3028337,2160.4011
3028338,-2.7090101
3028339,-2.7090101
3028340,-2.7090101
3028341,-2.7090101
3028342,-2.7090101
3028343,-2.7090101
3028344,-2.7090101
3028345,-2.7090101
3028346,-2.7090101
3028347,-2.7090101
3028348,-2.7090101
3028349,-2.7090101
3028350,-2.7090101
3028351,-2.7090101
3028352,-2.7090101
3028353,-2.7090101
3028354,2185.8394
3028355,2256.4902
3028356,1742.0308
3028357,2256.2612
3028358,2272.8062
3028359,2266.3389
3028360,2474.2153
3028361,2474.3428
3028362,1124.353
3028363,2272.9336
3028364,1288.0739
3028365,2280.8018
3028366,2280.8018
3028367,1772.8214
3028368,1301.2549
3028369,1772.8214
3028370,-2.7090101
3028371,-2.7090101
3028372,-2.7090101
3028373,-2.7090101
3028374,-2.7090101
3028375,-2.7090101
3028376,-2.7090101
3028377,-2.7090101
3028378,-2.7090101
3028379,-2.7090101
3028380,-2.7090101
3028381,-2.7090101
3028382,-2.7090101
3028383,-2.7090101
3028384,-2.7090101
3028385,-2.7090101
3028386,1516.4244
3028387,1276.7689
3028388,2261.4397
3028389,1747.2095
3028390,2271.5173
3028391,2277.9846
3028392,2444.086
3028393,2037.6582
3028394,1494.6614
3028395,2487.3896
3028396,2487.3896
3028397,2458.4966
3028398,2493.6396
3028399,1979.2732
3028400,2458.1758
3028401,2049.889
3028402,1270.0592
3028403,1666.6381
3028404,1872.3907
3028405,1878.9012
3028406,1966.4181
3028407,1962.0747
3028408,1966.2009
3028409,1927.9863
3028410,1224.1667
3028411,2391.4397
3028412,2369.5579
3028413,2340.717
3028414,2369.251
3028415,1930.3608
3028416,1885.8226
3028417,2340.6404
3028418,1759.9761
3028419,1017.81244
3028420,1299.4957
3028421,1731.5038
3028422,2247.1853
3028423,2261.5208
3028424,1780.9421
3028425,1300.8339
3028426,2261.3037
3028427,1508.8073
3028428,1312.5795
3028429,2282.3088
3028430,2282.3088
3028431,1321.0189
3028432,2281.8474
3028433,1319.6205
3028434,275.66852
3028435,-2.11421
3028436,1246.2908
3028437,84.74938
3028438,84.74938
3028439,84.74938
3028440,84.74938
3028441,84.74938
3028442,84.74938
3028443,1252.9832
3028444,84.74938
3028445,84.74938
3028446,84.74938
3028447,84.74938
3028448,84.74938
3028449,84.74938
3028450,275.66852
3028451,-2.11421
3028452,-2.11421
3028453,-2.11421
3028454,-2.11421
3028455,-2.11421
3028456,-2.11421
3028457,-2.7090101
3028458,-2.7090101
3028459,-2.7090101
3028460,-2.7090101
3028461,-2.7090101
3028462,-2.7090101
3028463,275.66852
3028464,-2.11421
3028465,-2.11421
3028466,2143.5078
3028467,2391.5056
3028468,2440.9438
3028469,2320.6855
3028470,2394.2654
3028471,2293.2957
3028472,2398.0076
3028473,2296.9663
3028474,2299.9368
3028475,2322.244
3028476,2319.3008
3028477,2321.1582
3028478,2320.2617
3028479,2320.2617
3028480,2525.034
3028481,2458.5264
3028482,-2.9809985
3028483,-2.9809985
3028484,-2.9809985
3028485,-2.9809985
3028486,-2.9809985
3028487,-2.9809985
3028488,-2.9809985
3028489,-2.9809985
3028490,-2.9809985
3028491,-2.9809985
3028492,-2.9809985
3028493,-2.9809985
3028494,-2.9809985
3028495,-2.9809985
3028496,-2.9809985
3028497,-2.9809985
3028498,-2.9809985
3028499,-2.9809985
3028500,-2.9809985
3028501,-2.9809985
3028502,-2.9809985
3028503,-2.9809985
3028504,-2.9809985
3028505,-2.9809985
3028506,-2.9809985
3028507,-2.9809985
3028508,-2.9809985
3028509,-2.9809985
3028510,-2.9809985
3028511,-2.9809985
3028512,-2.9809985
3028513,-2.9809985
3028514,267.1419
3028515,-2.3861983
3028516,-2.3861983
3028517,-2.3861983
3028518,175.36943
3028519,-2.3861983
3028520,175.36943
3028521,-2.3861983
3028522,175.36943
3028523,175.36943
3028524,248.46425
3028525,-20.241966
3028526,-20.241966
3028527,-20.241966
3028528,-20.241966
3028529,-20.241966
3028530,678.2274
3028531,175.36943
3028532,-2.3861983
3028533,248.46425
3028534,209.74332
3028535,209.74332
3028536,300.59073
3028537,248.36104
3028538,157.41046
3028539,300.59073
3028540,300.59073
3028541,300.59073
3028542,209.6401
3028543,300.36172
3028544,300.36172
3028545,300.36172
3028546,-2.9809985
3028547,-2.9809985
3028548,-2.9809985
3028549,-2.9809985
3028550,-2.9809985
3028551,-2.9809985
3028552,-2.9809985
3028553,-2.9809985
3028554,-2.9809985
3028555,-2.9809985
3028556,-2.9809985
3028557,-2.9809985
3028558,-2.9809985
3028559,-2.9809985
3028560,-2.9809985
3028561,-2.9809985
3028562,1573.831
3028563,875.4366
3028564,712.424
3028565,712.424
3028566,875.2076
3028567,712.424
3028568,411.0562
3028569,755.35315
3028570,398.633
3028571,755.35315
3028572,755.35315
3028573,755.35315
3028574,336.67184
3028575,336.67184
3028576,336.67184
3028577,67.96549
3028578,-2.8384726
3028579,-2.8384726
3028580,-2.8384726
3028581,-2.8384726
3028582,-2.8384726
3028583,-2.8384726
3028584,-2.8384726
3028585,-2.8384726
3028586,-2.8384726
3028587,-2.8384726
3028588,-2.8384726
3028589,-2.8384726
3028590,-2.8384726
3028591,-2.8384726
3028592,-2.8384726
3028593,-2.8384726
3028594,1459.7223
3028595,68.33577
3028596,68.33577
3028597,68.33577
3028598,68.33577
3028599,68.33577
3028600,68.33577
3028601,310.46478
3028602,-20.202646
3028603,-20.202646
3028604,-20.202646
3028605,-20.202646
3028606,-20.202646
3028607,-20.202646
3028608,322.888
3028609,-20.202646
3028610,721.29913
3028611,-2.2436724
3028612,-2.2436724
3028613,-2.2436724
3028614,-2.2436724
3028615,-2.2436724
3028616,-2.2436724
3028617,-2.8384726
3028618,-2.8384726
3028619,-2.8384726
3028620,-2.8384726
3028621,-2.8384726
3028622,-2.8384726
3028623,-2.8384726
3028624,-2.8384726
3028625,-2.8384726
3028626,1332.591
3028627,362.6944
3028628,712.653
3028629,875.01886
3028630,712.424
3028631,755.35315
3028632,336.67184
3028633,755.35315
3028634,336.67184
3028635,411.0562
3028636,398.633
3028637,398.633
3028638,245.72115
3028639,245.72115
3028640,411.1975
3028641,336.81314
3028642,-2.8384726
3028643,-2.8384726
3028644,-2.8384726
3028645,-2.8384726
3028646,-2.8384726
3028647,-2.8384726
3028648,-2.8384726
3028649,-2.8384726
3028650,-2.8384726
3028651,-2.8384726
3028652,-2.8384726
3028653,-2.8384726
3028654,-2.8384726
3028655,-2.8384726
3028656,-2.8384726
3028657,-2.8384726
3028658,-2.8384726
3028659,-2.8384726
3028660,976.1465
3028661,60.045773
3028662,60.045773
3028663,60.045773
3028664,60.045773
3028665,60.045773
3028666,60.045773
3028667,979.5393
3028668,56.926357
3028669,56.926357
3028670,56.926357
3028671,56.926357
3028672,56.926357
3028673,56.926357
3028674,1461.0968
3028675,876.8111
3028676,1347.0223
3028677,1804.4861
3028678,1814.5641
3028679,1363.5673
3028680,937.4371
3028681,1821.031
3028682,891.8767
3028683,891.8767
3028684,891.8767
3028685,1835.2423
3028686,743.4286
3028687,1377.7786
3028688,905.99493
3028689,905.99493
3028690,-2.5001485
3028691,-2.5001485
3028692,-2.5001485
3028693,-2.5001485
3028694,-2.5001485
3028695,-2.5001485
3028696,-2.5001485
3028697,-2.5001485
3028698,-2.5001485
3028699,-2.5001485
3028700,-2.5001485
3028701,-2.5001485
3028702,-2.5001485
3028703,-2.5001485
3028704,-2.5001485
3028705,-2.5001485
3028706,-2.5001485
3028707,-2.5001485
3028708,-2.5001485
3028709,-2.5001485
3028710,-2.5001485
3028711,-2.5001485
3028712,-2.5001485
3028713,-2.5001485
3028714,-2.5001485
3028715,-2.5001485
3028716,-2.5001485
3028717,-2.5001485
3028718,-2.5001485
3028719,-2.5001485
3028720,-2.5001485
3028721,-2.5001485
3028722,-2.5001485
3028723,-2.5001485
3028724,1016.23834
3028725,68.30382
3028726,68.30382
3028727,68.30382
3028728,68.30382
3028729,68.30382
3028730,68.30382
3028731,918.21844
3028732,68.30382
3028733,68.30382
3028734,68.30382
3028735,68.30382
3028736,68.30382
3028737,68.30382
3028738,-2.5001485
3028739,-2.5001485
3028740,-2.5001485
3028741,-2.5001485
3028742,-2.5001485
3028743,-2.5001485
3028744,-2.5001485
3028745,-2.5001485
3028746,-2.5001485
3028747,-2.5001485
3028748,-2.5001485
3028749,-2.5001485
3028750,-2.5001485
3028751,-2.5001485
3028752,-2.5001485
3028753,-2.5001485
3028754,2601.3438
3028755,503.218
3028756,503.218
3028757,596.92395
3028758,596.92395
3028759,596.92395
3028760,503.218
3028761,2688.0
3028762,539.4478
3028763,445.74176
3028764,445.74176
3028765,505.46518
3028766,505.46518
3028767,505.46518
3028768,2688.0
3028769,445.43335
3028770,1587.0486
3028771,34.20292
3028772,34.20292
3028773,34.20292
3028774,34.20292
3028775,34.20292
3028776,34.20292
3028777,-18.621508
3028778,-18.621508
3028779,-18.621508
3028780,-18.621508
3028781,-18.621508
3028782,-18.621508
3028783,-18.621508
3028784,-18.621508
3028785,-18.621508
3028786,-0.6625361
3028787,-0.6625361
3028788,177.31787
3028789,-0.06773682
3028790,-0.06773682
3028791,-0.06773682
3028792,-0.06773682
3028793,-0.06773682
3028794,-0.06773682
3028795,246.32332
3028796,-0.06773682
3028797,-0.06773682
3028798,-0.06773682
3028799,177.31787
3028800,177.31787
3028801,-0.06773682
3028802,-2.7259047
3028803,-2.7259047
3028804,-2.7259047
3028805,-2.7259047
3028806,-2.7259047
3028807,-2.7259047
3028808,-2.7259047
3028809,-2.7259047
3028810,-2.7259047
3028811,-2.7259047
3028812,-2.7259047
3028813,-2.7259047
3028814,-2.7259047
3028815,-2.7259047
3028816,-2.7259047
3028817,-2.7259047
3028818,-2.7259047
3028819,-2.7259047
3028820,-2.7259047
3028821,-2.7259047
3028822,-2.7259047
3028823,-2.7259047
3028824,-2.7259047
3028825,-2.7259047
3028826,-2.7259047
3028827,-2.7259047
3028828,-2.7259047
3028829,-2.7259047
3028830,-2.7259047
3028831,-2.7259047
3028832,-2.7259047
3028833,-2.7259047
3028834,640.69104
3028835,-2.1311047
3028836,-2.1311047
3028837,-2.1311047
3028838,275.6516
3028839,275.6516
3028840,275.6516
3028841,-2.1311047
3028842,-2.1311047
3028843,-2.1311047
3028844,-2.1311047
3028845,-2.1311047
3028846,-2.1311047
3028847,275.6516
3028848,-2.1311047
3028849,-2.1311047
3028850,1876.0242
3028851,1880.5612
3028852,2248.9229
3028853,2293.6511
3028854,2293.434
3028855,2262.3018
3028856,2266.044
3028857,2266.044
3028858,2264.6443
3028859,2264.6443
3028860,2264.6443
3028861,2264.6443
3028862,2264.6443
3028863,2264.6443
3028864,2263.796
3028865,2157.17
3028866,-2.7090101
3028867,-2.7090101
3028868,-2.7090101
3028869,-2.7090101
3028870,-2.7090101
3028871,-2.7090101
3028872,-2.7090101
3028873,-2.7090101
3028874,-2.7090101
3028875,-2.7090101
3028876,-2.7090101
3028877,-2.7090101
3028878,-2.7090101
3028879,-2.7090101
3028880,-2.7090101
3028881,-2.7090101
3028882,2156.895
3028883,1109.0358
3028884,1271.5902
3028885,1271.5902
3028886,1493.7263
3028887,1489.3552
3028888,1291.1742
3028889,1291.1742
3028890,90.303734
3028891,366.67572
3028892,657.2856
3028893,1465.5455
3028894,666.915
3028895,376.3051
3028896,359.76022
3028897,746.73193
3028898,-2.7090101
3028899,-2.7090101
3028900,-2.7090101
3028901,-2.7090101
3028902,-2.7090101
3028903,-2.7090101
3028904,-2.7090101
3028905,-2.7090101
3028906,-2.7090101
3028907,-2.7090101
3028908,-2.7090101
3028909,-2.7090101
3028910,-2.7090101
3028911,-2.7090101
3028912,-2.7090101
3028913,-2.7090101
3028914,1436.5988
3028915,1819.5771
3028916,1840.4655
3028917,1967.8213
3028918,1858.3965
3028919,2135.9011
3028920,2538.061
3028921,2131.3408
3028922,2125.7117
3028923,2553.6538
3028924,2129.8115
3028925,1876.1208
3028926,2119.3062
3028927,2541.4058
3028928,2139.2136
3028929,2134.8704
3028930,2928.791
3028931,841.20184
3028932,1214.848
3028933,1240.4722
3028934,1427.0698
3028935,1224.5199
3028936,1264.2864
3028937,1551.0256
3028938,854.3344
3028939,854.16785
3028940,828.9356
3028941,828.9356
3028942,828.9356
3028943,828.9356
3028944,1250.6173
3028945,546.6303
3028946,1739.993
3028947,855.2177
3028948,1164.6222
3028949,1073.1718
3028950,1041.2546
3028951,1033.4054
3028952,1097.1534
3028953,1032.1552
3028954,1032.1552
3028955,1148.2161
3028956,844.86426
3028957,884.6306
3028958,511.4161
3028959,844.86426
3028960,884.4947
3028961,844.72833
3028962,275.66852
3028963,275.66852
3028964,275.66852
3028965,275.66852
3028966,275.66852
3028967,1978.7286
3028968,362.90216
3028969,362.90216
3028970,362.90216
3028971,362.90216
3028972,362.90216
3028973,362.90216
3028974,1488.4417
3028975,362.67316
3028976,362.67316
3028977,362.67316
3028978,275.66852
3028979,-2.11421
3028980,-2.11421
3028981,965.7042
3028982,326.6965
3028983,48.914085
3028984,48.914085
3028985,-3.3155603
3028986,-3.3155603
3028987,-3.3155603
3028988,2087.1938
3028989,48.810883
3028990,48.810883
3028991,326.3643
3028992,48.58187
3028993,362.67316
3028994,4004.1345
3028995,2394.996
3028996,2443.5935
3028997,2322.244
3028998,2408.2424
3028999,2428.6155
3029000,2618.051
3029001,2302.4473
3029002,2294.6062
3029003,2348.5056
3029004,2444.6462
3029005,2423.1104
3029006,2441.1233
3029007,2441.1233
3029008,2423.1104
3029009,2433.6018
3029010,-2.9809985
3029011,-2.9809985
3029012,-2.9809985
3029013,-2.9809985
3029014,267.1419
3029015,-2.3861983
3029016,-2.3861983
3029017,-2.3861983
3029018,-2.3861983
3029019,-2.3861983
3029020,-2.3861983
3029021,267.1419
3029022,-2.3861983
3029023,-2.3861983
3029024,-2.3861983
3029025,-2.3861983
3029026,-2.9809985
3029027,-2.9809985
3029028,-2.9809985
3029029,-2.9809985
3029030,-2.9809985
3029031,-2.9809985
3029032,-2.9809985
3029033,-2.9809985
3029034,-2.9809985
3029035,-2.9809985
3029036,-2.9809985
3029037,-2.9809985
3029038,-2.9809985
3029039,-2.9809985
3029040,-2.9809985
3029041,-2.9809985
3029042,267.1419
3029043,175.36943
3029044,175.36943
3029045,-2.3861983
3029046,175.36943
3029047,175.36943
3029048,-2.3861983
3029049,-2.3861983
3029050,-2.3861983
3029051,-2.3861983
3029052,175.36943
3029053,-2.3861983
3029054,-2.3861983
3029055,157.51367
3029056,-20.241966
3029057,-20.241966
3029058,678.2274
3029059,-2.3861983
3029060,-2.3861983
3029061,-2.3861983
3029062,-2.3861983
3029063,175.36943
3029064,-2.3861983
3029065,-2.3861983
3029066,-2.3861983
3029067,-2.3861983
3029068,-2.3861983
3029069,-2.3861983
3029070,-2.9809985
3029071,-2.9809985
3029072,-2.9809985
3029073,157.51367
3029074,-2.9809985
3029075,-2.9809985
3029076,-2.9809985
3029077,-2.9809985
3029078,-2.9809985
3029079,-2.9809985
3029080,-2.9809985
3029081,-2.9809985
3029082,-2.9809985
3029083,-2.9809985
3029084,-2.9809985
3029085,-2.9809985
3029086,-2.9809985
3029087,-2.9809985
3029088,-2.9809985
3029089,-2.9809985
3029090,2007.9244
3029091,1803.1116
3029092,712.424
3029093,1345.6478
3029094,1345.6478
3029095,891.75244
3029096,891.75244
3029097,1362.1927
3029098,891.5637
3029099,762.7984
3029100,891.4395
3029101,1819.5323
3029102,904.83765
3029103,777.13385
3029104,888.2928
3029105,760.589
3029106,-2.8384726
3029107,-2.8384726
3029108,-2.8384726
3029109,-2.8384726
3029110,-2.8384726
3029111,-2.8384726
3029112,-2.8384726
3029113,-2.8384726
3029114,-2.8384726
3029115,-2.8384726
3029116,-2.8384726
3029117,-2.8384726
3029118,-2.8384726
3029119,-2.8384726
3029120,-2.8384726
3029121,-2.8384726
3029122,1459.7223
3029123,68.33577
3029124,68.33577
3029125,68.33577
3029126,68.33577
3029127,68.33577
3029128,68.33577
3029129,-20.797445
3029130,-20.797445
3029131,-20.797445
3029132,-20.797445
3029133,-20.797445
3029134,-20.797445
3029135,-20.797445
3029136,-20.797445
3029137,-20.797445
3029138,329.2455
3029139,-2.2436724
3029140,-2.2436724
3029141,-2.2436724
3029142,-2.2436724
3029143,-2.2436724
3029144,-2.2436724
3029145,-2.8384726
3029146,-2.8384726
3029147,-2.8384726
3029148,-2.8384726
3029149,-2.8384726
3029150,-2.8384726
3029151,-2.8384726
3029152,-2.8384726
3029153,-2.8384726
3029154,1332.591
3029155,209.88585
3029156,209.88585
3029157,375.1176
3029158,337.04214
3029159,68.33577
3029160,337.04214
3029161,209.78264
3029162,-20.202646
3029163,157.553
3029164,-20.202646
3029165,157.553
3029166,-20.202646
3029167,157.553
3029168,248.27455
3029169,157.32397
3029170,-2.8384726
3029171,-2.8384726
3029172,-2.8384726
3029173,-2.8384726
3029174,-2.8384726
3029175,-2.8384726
3029176,-2.8384726
3029177,-2.8384726
3029178,-2.8384726
3029179,-2.8384726
3029180,-2.8384726
3029181,-2.8384726
3029182,-2.8384726
3029183,-2.8384726
3029184,-2.8384726
3029185,-2.8384726
3029186,-2.8384726
3029187,1808.898
3029188,32.130203
3029189,32.130203
3029190,32.130203
3029191,32.130203
3029192,32.130203
3029193,32.130203
3029194,1257.3384
3029195,-20.202646
3029196,-20.202646
3029197,209.78264
3029198,32.027
3029199,32.027
3029200,32.027
3029201,1309.3391
3029202,1465.4402
3029203,876.3934
3029204,756.72766
3029205,876.3934
3029206,1804.4861
3029207,1821.031
3029208,892.93823
3029209,1821.031
3029210,893.12695
3029211,1363.4431
3029212,1820.9069
3029213,1835.2423
3029214,1835.2423
3029215,1377.7786
3029216,778.29114
3029217,1377.5614
3029218,-2.5001485
3029219,-2.5001485
3029220,-2.5001485
3029221,-2.5001485
3029222,-2.5001485
3029223,-2.5001485
3029224,-2.5001485
3029225,-2.5001485
3029226,-2.5001485
3029227,-2.5001485
3029228,-2.5001485
3029229,-2.5001485
3029230,-2.5001485
3029231,-2.5001485
3029232,-2.5001485
3029233,-2.5001485
3029234,-2.5001485
3029235,-2.5001485
3029236,-2.5001485
3029237,-2.5001485
3029238,-2.5001485
3029239,-2.5001485
3029240,-2.5001485
3029241,-2.5001485
3029242,-2.5001485
3029243,-2.5001485
3029244,-2.5001485
3029245,-2.5001485
3029246,-2.5001485
3029247,-2.5001485
3029248,-2.5001485
3029249,-2.5001485
3029250,-2.5001485
3029251,-2.5001485
3029252,721.26746
3029253,-1.9053482
3029254,-1.9053482
3029255,-1.9053482
3029256,-1.9053482
3029257,-1.9053482
3029258,-1.9053482
3029259,702.5899
3029260,-19.761118
3029261,-19.761118
3029262,-19.761118
3029263,-19.761118
3029264,-19.761118
3029265,-19.761118
3029266,-2.5001485
3029267,-2.5001485
3029268,-2.5001485
3029269,-2.5001485
3029270,-2.5001485
3029271,-2.5001485
3029272,-2.5001485
3029273,-2.5001485
3029274,-2.5001485
3029275,-2.5001485
3029276,-2.5001485
3029277,-2.5001485
3029278,-2.5001485
3029279,-2.5001485
3029280,-2.5001485
3029281,-2.5001485
3029282,2601.4204
3029283,239.14893
3029284,545.2933
3029285,239.14893
3029286,239.14893
3029287,239.14893
3029288,2432.717
3029289,527.449
3029290,257.76804
3029291,257.76804
3029292,257.76804
3029293,257.76804
3029294,433.743
3029295,1520.7084
3029296,322.19537
3029297,322.19537
3029298,1587.0486
3029299,34.20292
3029300,34.20292
3029301,34.20292
3029302,34.20292
3029303,34.20292
3029304,34.20292
3029305,-18.621508
3029306,-18.621508
3029307,-18.621508
3029308,-18.621508
3029309,-18.621508
3029310,-18.621508
3029311,-18.621508
3029312,-18.621508
3029313,-18.621508
3029314,-0.6625361
3029315,-0.6625361
3029316,177.31787
3029317,246.32332
3029318,-0.06773682
3029319,-0.06773682
3029320,-0.06773682
3029321,-0.06773682
3029322,-0.06773682
3029323,-0.06773682
3029324,246.32332
3029325,-0.06773682
3029326,-0.06773682
3029327,-0.06773682
3029328,-0.06773682
3029329,-0.06773682
3029330,-0.06773682
3029331,246.32332
3029332,-0.06773682
3029333,-0.06773682
3029334,-0.06773682
3029335,-0.06773682
3029336,-0.06773682
3029337,-0.06773682
3029338,159.46211
3029339,-17.923504
3029340,-17.923504
3029341,-17.923504
3029342,159.46211
3029343,-17.923504
3029344,159.46211
3029345,227.64577
3029346,-17.923504
3029347,159.46211
3029348,159.46211
3029349,-17.923504
3029350,-17.923504
3029351,-17.923504
3029352,159.46211
3029353,159.3589
3029354,159.46211
3029355,159.3589
3029356,-18.026709
3029357,159.3589
3029358,-18.026709
3029359,227.54256
3029360,159.3589
3029361,159.3589
3029362,-18.026709
3029363,159.3589
3029364,-18.026709
3029365,-18.026709
3029366,227.54256
3029367,-18.026709
3029368,-18.026709
3029369,-18.026709
3029370,-18.026709
3029371,-18.026709
3029372,-18.026709
3029373,159.3589
3029374,-18.026709
3029375,-18.026709
3029376,-18.026709
3029377,-18.026709
3029378,-18.026709
3029379,-18.026709
3029380,159.3589
3029381,-18.026709
3029382,-18.026709
3029383,-17.923504
3029384,-17.923504
3029385,-17.923504
3029386,-17.923504
3029387,159.46211
3029388,-17.923504
3029389,-17.923504
3029390,-0.06773682
3029391,-0.06773682
3029392,-0.06773682
3029393,-0.06773682
3029394,177.31787
3029395,-0.06773682
3029396,-0.06773682
3029397,-0.06773682
3029398,-0.06773682
3029399,-0.06773682
